TimeQuest Timing Analyzer report for DLIA
Thu Jun 25 17:58:08 2026
Quartus II 64-Bit Version 13.0.1 Build 232 06/12/2013 Service Pack 1 SJ Web Edition


---------------------
; Table of Contents ;
---------------------
  1. Legal Notice
  2. TimeQuest Timing Analyzer Summary
  3. Parallel Compilation
  4. Clocks
  5. Slow 1200mV 85C Model Fmax Summary
  6. Timing Closure Recommendations
  7. Slow 1200mV 85C Model Setup Summary
  8. Slow 1200mV 85C Model Hold Summary
  9. Slow 1200mV 85C Model Recovery Summary
 10. Slow 1200mV 85C Model Removal Summary
 11. Slow 1200mV 85C Model Minimum Pulse Width Summary
 12. Slow 1200mV 85C Model Setup: 'clk'
 13. Slow 1200mV 85C Model Setup: 'p_ll|altpll_component|auto_generated|pll1|clk[0]'
 14. Slow 1200mV 85C Model Hold: 'clk'
 15. Slow 1200mV 85C Model Hold: 'p_ll|altpll_component|auto_generated|pll1|clk[0]'
 16. Slow 1200mV 85C Model Minimum Pulse Width: 'clk'
 17. Slow 1200mV 85C Model Minimum Pulse Width: 'p_ll|altpll_component|auto_generated|pll1|clk[0]'
 18. Setup Times
 19. Hold Times
 20. Clock to Output Times
 21. Minimum Clock to Output Times
 22. Slow 1200mV 85C Model Metastability Report
 23. Slow 1200mV 0C Model Fmax Summary
 24. Slow 1200mV 0C Model Setup Summary
 25. Slow 1200mV 0C Model Hold Summary
 26. Slow 1200mV 0C Model Recovery Summary
 27. Slow 1200mV 0C Model Removal Summary
 28. Slow 1200mV 0C Model Minimum Pulse Width Summary
 29. Slow 1200mV 0C Model Setup: 'clk'
 30. Slow 1200mV 0C Model Setup: 'p_ll|altpll_component|auto_generated|pll1|clk[0]'
 31. Slow 1200mV 0C Model Hold: 'p_ll|altpll_component|auto_generated|pll1|clk[0]'
 32. Slow 1200mV 0C Model Hold: 'clk'
 33. Slow 1200mV 0C Model Minimum Pulse Width: 'clk'
 34. Slow 1200mV 0C Model Minimum Pulse Width: 'p_ll|altpll_component|auto_generated|pll1|clk[0]'
 35. Setup Times
 36. Hold Times
 37. Clock to Output Times
 38. Minimum Clock to Output Times
 39. Slow 1200mV 0C Model Metastability Report
 40. Fast 1200mV 0C Model Setup Summary
 41. Fast 1200mV 0C Model Hold Summary
 42. Fast 1200mV 0C Model Recovery Summary
 43. Fast 1200mV 0C Model Removal Summary
 44. Fast 1200mV 0C Model Minimum Pulse Width Summary
 45. Fast 1200mV 0C Model Setup: 'clk'
 46. Fast 1200mV 0C Model Setup: 'p_ll|altpll_component|auto_generated|pll1|clk[0]'
 47. Fast 1200mV 0C Model Hold: 'p_ll|altpll_component|auto_generated|pll1|clk[0]'
 48. Fast 1200mV 0C Model Hold: 'clk'
 49. Fast 1200mV 0C Model Minimum Pulse Width: 'clk'
 50. Fast 1200mV 0C Model Minimum Pulse Width: 'p_ll|altpll_component|auto_generated|pll1|clk[0]'
 51. Setup Times
 52. Hold Times
 53. Clock to Output Times
 54. Minimum Clock to Output Times
 55. Fast 1200mV 0C Model Metastability Report
 56. Multicorner Timing Analysis Summary
 57. Setup Times
 58. Hold Times
 59. Clock to Output Times
 60. Minimum Clock to Output Times
 61. Board Trace Model Assignments
 62. Input Transition Times
 63. Signal Integrity Metrics (Slow 1200mv 0c Model)
 64. Signal Integrity Metrics (Slow 1200mv 85c Model)
 65. Signal Integrity Metrics (Fast 1200mv 0c Model)
 66. Setup Transfers
 67. Hold Transfers
 68. Report TCCS
 69. Report RSKM
 70. Unconstrained Paths
 71. TimeQuest Timing Analyzer Messages



----------------
; Legal Notice ;
----------------
Copyright (C) 1991-2013 Altera Corporation
Your use of Altera Corporation's design tools, logic functions 
and other software and tools, and its AMPP partner logic 
functions, and any output files from any of the foregoing 
(including device programming or simulation files), and any 
associated documentation or information are expressly subject 
to the terms and conditions of the Altera Program License 
Subscription Agreement, Altera MegaCore Function License 
Agreement, or other applicable license agreement, including, 
without limitation, that your use is for the sole purpose of 
programming logic devices manufactured by Altera and sold by 
Altera or its authorized distributors.  Please refer to the 
applicable agreement for further details.



+----------------------------------------------------------------------------------------+
; TimeQuest Timing Analyzer Summary                                                      ;
+--------------------+-------------------------------------------------------------------+
; Quartus II Version ; Version 13.0.1 Build 232 06/12/2013 Service Pack 1 SJ Web Edition ;
; Revision Name      ; DLIA                                                              ;
; Device Family      ; Cyclone IV E                                                      ;
; Device Name        ; EP4CE22F17C6                                                      ;
; Timing Models      ; Final                                                             ;
; Delay Model        ; Combined                                                          ;
; Rise/Fall Delays   ; Enabled                                                           ;
+--------------------+-------------------------------------------------------------------+


+------------------------------------------+
; Parallel Compilation                     ;
+----------------------------+-------------+
; Processors                 ; Number      ;
+----------------------------+-------------+
; Number detected on machine ; 8           ;
; Maximum allowed            ; 4           ;
;                            ;             ;
; Average used               ; 1.00        ;
; Maximum used               ; 4           ;
;                            ;             ;
; Usage by Processor         ; % Time Used ;
;     Processor 1            ; 100.0%      ;
;     Processors 2-4         ; < 0.1%      ;
;     Processors 5-8         ;   0.0%      ;
+----------------------------+-------------+


+-----------------------------------------------------------------------------------------------------------------------------------------------------------------------------------------------------------------------------------------------------------------------------------------------------------------------+
; Clocks                                                                                                                                                                                                                                                                                                                ;
+--------------------------------------------------+-----------+---------+-----------+-------+---------+------------+-----------+-------------+-------+--------+-----------+------------+----------+--------+----------------------------------------------------+------------------------------------------------------+
; Clock Name                                       ; Type      ; Period  ; Frequency ; Rise  ; Fall    ; Duty Cycle ; Divide by ; Multiply by ; Phase ; Offset ; Edge List ; Edge Shift ; Inverted ; Master ; Source                                             ; Targets                                              ;
+--------------------------------------------------+-----------+---------+-----------+-------+---------+------------+-----------+-------------+-------+--------+-----------+------------+----------+--------+----------------------------------------------------+------------------------------------------------------+
; clk                                              ; Base      ; 20.000  ; 50.0 MHz  ; 0.000 ; 10.000  ;            ;           ;             ;       ;        ;           ;            ;          ;        ;                                                    ; { clk }                                              ;
; p_ll|altpll_component|auto_generated|pll1|clk[0] ; Generated ; 312.500 ; 3.2 MHz   ; 0.000 ; 156.250 ; 50.00      ; 125       ; 8           ;       ;        ;           ;            ; false    ; clk    ; p_ll|altpll_component|auto_generated|pll1|inclk[0] ; { p_ll|altpll_component|auto_generated|pll1|clk[0] } ;
+--------------------------------------------------+-----------+---------+-----------+-------+---------+------------+-----------+-------------+-------+--------+-----------+------------+----------+--------+----------------------------------------------------+------------------------------------------------------+


+----------------------------------------------------------------------------------------+
; Slow 1200mV 85C Model Fmax Summary                                                     ;
+------------+-----------------+--------------------------------------------------+------+
; Fmax       ; Restricted Fmax ; Clock Name                                       ; Note ;
+------------+-----------------+--------------------------------------------------+------+
; 100.09 MHz ; 100.09 MHz      ; clk                                              ;      ;
; 330.36 MHz ; 330.36 MHz      ; p_ll|altpll_component|auto_generated|pll1|clk[0] ;      ;
+------------+-----------------+--------------------------------------------------+------+
This panel reports FMAX for every clock in the design, regardless of the user-specified clock periods.  FMAX is only computed for paths where the source and destination registers or ports are driven by the same clock.  Paths of different clocks, including generated clocks, are ignored.  For paths between a clock and its inversion, FMAX is computed as if the rising and falling edges are scaled along with FMAX, such that the duty cycle (in terms of a percentage) is maintained. Altera recommends that you always use clock constraints and other slack reports for sign-off analysis.


----------------------------------
; Timing Closure Recommendations ;
----------------------------------
HTML report is unavailable in plain text report export.


+----------------------------------------------------------------------------+
; Slow 1200mV 85C Model Setup Summary                                        ;
+--------------------------------------------------+---------+---------------+
; Clock                                            ; Slack   ; End Point TNS ;
+--------------------------------------------------+---------+---------------+
; clk                                              ; 0.259   ; 0.000         ;
; p_ll|altpll_component|auto_generated|pll1|clk[0] ; 154.839 ; 0.000         ;
+--------------------------------------------------+---------+---------------+


+--------------------------------------------------------------------------+
; Slow 1200mV 85C Model Hold Summary                                       ;
+--------------------------------------------------+-------+---------------+
; Clock                                            ; Slack ; End Point TNS ;
+--------------------------------------------------+-------+---------------+
; clk                                              ; 0.353 ; 0.000         ;
; p_ll|altpll_component|auto_generated|pll1|clk[0] ; 0.358 ; 0.000         ;
+--------------------------------------------------+-------+---------------+


------------------------------------------
; Slow 1200mV 85C Model Recovery Summary ;
------------------------------------------
No paths to report.


-----------------------------------------
; Slow 1200mV 85C Model Removal Summary ;
-----------------------------------------
No paths to report.


+----------------------------------------------------------------------------+
; Slow 1200mV 85C Model Minimum Pulse Width Summary                          ;
+--------------------------------------------------+---------+---------------+
; Clock                                            ; Slack   ; End Point TNS ;
+--------------------------------------------------+---------+---------------+
; clk                                              ; 9.494   ; 0.000         ;
; p_ll|altpll_component|auto_generated|pll1|clk[0] ; 155.996 ; 0.000         ;
+--------------------------------------------------+---------+---------------+


+----------------------------------------------------------------------------------------------------------------------------------------------------------------------------------------------------------------+
; Slow 1200mV 85C Model Setup: 'clk'                                                                                                                                                                             ;
+--------+----------------------------------------------+----------------------------------------------+--------------------------------------------------+-------------+--------------+------------+------------+
; Slack  ; From Node                                    ; To Node                                      ; Launch Clock                                     ; Latch Clock ; Relationship ; Clock Skew ; Data Delay ;
+--------+----------------------------------------------+----------------------------------------------+--------------------------------------------------+-------------+--------------+------------+------------+
; 0.259  ; spi_interface:afe|dataout_slow[9]            ; spi_interface:afe|dataout[9]                 ; p_ll|altpll_component|auto_generated|pll1|clk[0] ; clk         ; 2.500        ; 1.789      ; 3.945      ;
; 0.305  ; spi_interface:afe|dataout_slow[7]            ; spi_interface:afe|dataout[7]                 ; p_ll|altpll_component|auto_generated|pll1|clk[0] ; clk         ; 2.500        ; 1.789      ; 3.899      ;
; 0.322  ; spi_interface:afe|dataout_slow[1]            ; spi_interface:afe|dataout[1]                 ; p_ll|altpll_component|auto_generated|pll1|clk[0] ; clk         ; 2.500        ; 1.790      ; 3.883      ;
; 0.336  ; spi_interface:afe|valid_slow                 ; spi_interface:afe|dv_r1                      ; p_ll|altpll_component|auto_generated|pll1|clk[0] ; clk         ; 2.500        ; 1.790      ; 3.869      ;
; 0.384  ; spi_interface:afe|dataout_slow[8]            ; spi_interface:afe|dataout[8]                 ; p_ll|altpll_component|auto_generated|pll1|clk[0] ; clk         ; 2.500        ; 1.789      ; 3.820      ;
; 0.392  ; spi_interface:afe|dataout_slow[10]           ; spi_interface:afe|dataout[10]                ; p_ll|altpll_component|auto_generated|pll1|clk[0] ; clk         ; 2.500        ; 1.789      ; 3.812      ;
; 0.398  ; spi_interface:afe|dataout_slow[4]            ; spi_interface:afe|dataout[4]                 ; p_ll|altpll_component|auto_generated|pll1|clk[0] ; clk         ; 2.500        ; 1.790      ; 3.807      ;
; 0.405  ; spi_interface:afe|dataout_slow[0]            ; spi_interface:afe|dataout[0]                 ; p_ll|altpll_component|auto_generated|pll1|clk[0] ; clk         ; 2.500        ; 1.790      ; 3.800      ;
; 0.425  ; spi_interface:afe|dataout_slow[11]           ; spi_interface:afe|dataout[11]                ; p_ll|altpll_component|auto_generated|pll1|clk[0] ; clk         ; 2.500        ; 1.790      ; 3.780      ;
; 0.440  ; spi_interface:afe|dataout_slow[5]            ; spi_interface:afe|dataout[5]                 ; p_ll|altpll_component|auto_generated|pll1|clk[0] ; clk         ; 2.500        ; 1.790      ; 3.765      ;
; 0.470  ; spi_interface:afe|dataout_slow[2]            ; spi_interface:afe|dataout[2]                 ; p_ll|altpll_component|auto_generated|pll1|clk[0] ; clk         ; 2.500        ; 1.790      ; 3.735      ;
; 0.482  ; spi_interface:afe|dataout_slow[6]            ; spi_interface:afe|dataout[6]                 ; p_ll|altpll_component|auto_generated|pll1|clk[0] ; clk         ; 2.500        ; 1.790      ; 3.723      ;
; 0.522  ; spi_interface:afe|dataout_slow[3]            ; spi_interface:afe|dataout[3]                 ; p_ll|altpll_component|auto_generated|pll1|clk[0] ; clk         ; 2.500        ; 1.790      ; 3.683      ;
; 10.009 ; frequency_tracker_sync:comb_3|period_cnt[18] ; frequency_tracker_sync:comb_3|phase_step[0]  ; clk                                              ; clk         ; 20.000       ; -0.058     ; 9.928      ;
; 10.009 ; frequency_tracker_sync:comb_3|period_cnt[18] ; frequency_tracker_sync:comb_3|phase_step[8]  ; clk                                              ; clk         ; 20.000       ; -0.058     ; 9.928      ;
; 10.009 ; frequency_tracker_sync:comb_3|period_cnt[18] ; frequency_tracker_sync:comb_3|phase_step[19] ; clk                                              ; clk         ; 20.000       ; -0.058     ; 9.928      ;
; 10.009 ; frequency_tracker_sync:comb_3|period_cnt[18] ; frequency_tracker_sync:comb_3|phase_step[20] ; clk                                              ; clk         ; 20.000       ; -0.058     ; 9.928      ;
; 10.147 ; frequency_tracker_sync:comb_3|period_cnt[18] ; frequency_tracker_sync:comb_3|phase_step[13] ; clk                                              ; clk         ; 20.000       ; -0.066     ; 9.782      ;
; 10.147 ; frequency_tracker_sync:comb_3|period_cnt[18] ; frequency_tracker_sync:comb_3|phase_step[17] ; clk                                              ; clk         ; 20.000       ; -0.066     ; 9.782      ;
; 10.147 ; frequency_tracker_sync:comb_3|period_cnt[18] ; frequency_tracker_sync:comb_3|phase_step[18] ; clk                                              ; clk         ; 20.000       ; -0.066     ; 9.782      ;
; 10.154 ; frequency_tracker_sync:comb_3|period_cnt[18] ; frequency_tracker_sync:comb_3|phase_step[3]  ; clk                                              ; clk         ; 20.000       ; -0.065     ; 9.776      ;
; 10.154 ; frequency_tracker_sync:comb_3|period_cnt[18] ; frequency_tracker_sync:comb_3|phase_step[5]  ; clk                                              ; clk         ; 20.000       ; -0.065     ; 9.776      ;
; 10.154 ; frequency_tracker_sync:comb_3|period_cnt[18] ; frequency_tracker_sync:comb_3|phase_step[7]  ; clk                                              ; clk         ; 20.000       ; -0.065     ; 9.776      ;
; 10.189 ; frequency_tracker_sync:comb_3|period_cnt[18] ; frequency_tracker_sync:comb_3|phase_step[11] ; clk                                              ; clk         ; 20.000       ; -0.057     ; 9.749      ;
; 10.189 ; frequency_tracker_sync:comb_3|period_cnt[18] ; frequency_tracker_sync:comb_3|phase_step[14] ; clk                                              ; clk         ; 20.000       ; -0.057     ; 9.749      ;
; 10.189 ; frequency_tracker_sync:comb_3|period_cnt[18] ; frequency_tracker_sync:comb_3|phase_step[16] ; clk                                              ; clk         ; 20.000       ; -0.057     ; 9.749      ;
; 10.288 ; frequency_tracker_sync:comb_3|period_cnt[6]  ; frequency_tracker_sync:comb_3|phase_step[0]  ; clk                                              ; clk         ; 20.000       ; -0.067     ; 9.640      ;
; 10.288 ; frequency_tracker_sync:comb_3|period_cnt[6]  ; frequency_tracker_sync:comb_3|phase_step[8]  ; clk                                              ; clk         ; 20.000       ; -0.067     ; 9.640      ;
; 10.288 ; frequency_tracker_sync:comb_3|period_cnt[6]  ; frequency_tracker_sync:comb_3|phase_step[19] ; clk                                              ; clk         ; 20.000       ; -0.067     ; 9.640      ;
; 10.288 ; frequency_tracker_sync:comb_3|period_cnt[6]  ; frequency_tracker_sync:comb_3|phase_step[20] ; clk                                              ; clk         ; 20.000       ; -0.067     ; 9.640      ;
; 10.452 ; frequency_tracker_sync:comb_3|period_cnt[6]  ; frequency_tracker_sync:comb_3|phase_step[3]  ; clk                                              ; clk         ; 20.000       ; -0.074     ; 9.469      ;
; 10.452 ; frequency_tracker_sync:comb_3|period_cnt[6]  ; frequency_tracker_sync:comb_3|phase_step[5]  ; clk                                              ; clk         ; 20.000       ; -0.074     ; 9.469      ;
; 10.452 ; frequency_tracker_sync:comb_3|period_cnt[6]  ; frequency_tracker_sync:comb_3|phase_step[7]  ; clk                                              ; clk         ; 20.000       ; -0.074     ; 9.469      ;
; 10.453 ; frequency_tracker_sync:comb_3|period_cnt[6]  ; frequency_tracker_sync:comb_3|phase_step[13] ; clk                                              ; clk         ; 20.000       ; -0.075     ; 9.467      ;
; 10.453 ; frequency_tracker_sync:comb_3|period_cnt[6]  ; frequency_tracker_sync:comb_3|phase_step[17] ; clk                                              ; clk         ; 20.000       ; -0.075     ; 9.467      ;
; 10.453 ; frequency_tracker_sync:comb_3|period_cnt[6]  ; frequency_tracker_sync:comb_3|phase_step[18] ; clk                                              ; clk         ; 20.000       ; -0.075     ; 9.467      ;
; 10.477 ; frequency_tracker_sync:comb_3|period_cnt[6]  ; frequency_tracker_sync:comb_3|phase_step[11] ; clk                                              ; clk         ; 20.000       ; -0.066     ; 9.452      ;
; 10.477 ; frequency_tracker_sync:comb_3|period_cnt[6]  ; frequency_tracker_sync:comb_3|phase_step[14] ; clk                                              ; clk         ; 20.000       ; -0.066     ; 9.452      ;
; 10.477 ; frequency_tracker_sync:comb_3|period_cnt[6]  ; frequency_tracker_sync:comb_3|phase_step[16] ; clk                                              ; clk         ; 20.000       ; -0.066     ; 9.452      ;
; 10.488 ; frequency_tracker_sync:comb_3|period_cnt[9]  ; frequency_tracker_sync:comb_3|phase_step[0]  ; clk                                              ; clk         ; 20.000       ; -0.067     ; 9.440      ;
; 10.488 ; frequency_tracker_sync:comb_3|period_cnt[9]  ; frequency_tracker_sync:comb_3|phase_step[8]  ; clk                                              ; clk         ; 20.000       ; -0.067     ; 9.440      ;
; 10.488 ; frequency_tracker_sync:comb_3|period_cnt[9]  ; frequency_tracker_sync:comb_3|phase_step[19] ; clk                                              ; clk         ; 20.000       ; -0.067     ; 9.440      ;
; 10.488 ; frequency_tracker_sync:comb_3|period_cnt[9]  ; frequency_tracker_sync:comb_3|phase_step[20] ; clk                                              ; clk         ; 20.000       ; -0.067     ; 9.440      ;
; 10.577 ; frequency_tracker_sync:comb_3|period_cnt[2]  ; frequency_tracker_sync:comb_3|phase_step[0]  ; clk                                              ; clk         ; 20.000       ; -0.067     ; 9.351      ;
; 10.577 ; frequency_tracker_sync:comb_3|period_cnt[2]  ; frequency_tracker_sync:comb_3|phase_step[8]  ; clk                                              ; clk         ; 20.000       ; -0.067     ; 9.351      ;
; 10.577 ; frequency_tracker_sync:comb_3|period_cnt[2]  ; frequency_tracker_sync:comb_3|phase_step[19] ; clk                                              ; clk         ; 20.000       ; -0.067     ; 9.351      ;
; 10.577 ; frequency_tracker_sync:comb_3|period_cnt[2]  ; frequency_tracker_sync:comb_3|phase_step[20] ; clk                                              ; clk         ; 20.000       ; -0.067     ; 9.351      ;
; 10.596 ; frequency_tracker_sync:comb_3|period_cnt[18] ; frequency_tracker_sync:comb_3|phase_step[1]  ; clk                                              ; clk         ; 20.000       ; -0.056     ; 9.343      ;
; 10.596 ; frequency_tracker_sync:comb_3|period_cnt[18] ; frequency_tracker_sync:comb_3|phase_step[2]  ; clk                                              ; clk         ; 20.000       ; -0.056     ; 9.343      ;
; 10.596 ; frequency_tracker_sync:comb_3|period_cnt[18] ; frequency_tracker_sync:comb_3|phase_step[4]  ; clk                                              ; clk         ; 20.000       ; -0.056     ; 9.343      ;
; 10.596 ; frequency_tracker_sync:comb_3|period_cnt[18] ; frequency_tracker_sync:comb_3|phase_step[6]  ; clk                                              ; clk         ; 20.000       ; -0.056     ; 9.343      ;
; 10.596 ; frequency_tracker_sync:comb_3|period_cnt[18] ; frequency_tracker_sync:comb_3|phase_step[9]  ; clk                                              ; clk         ; 20.000       ; -0.056     ; 9.343      ;
; 10.596 ; frequency_tracker_sync:comb_3|period_cnt[18] ; frequency_tracker_sync:comb_3|phase_step[10] ; clk                                              ; clk         ; 20.000       ; -0.056     ; 9.343      ;
; 10.596 ; frequency_tracker_sync:comb_3|period_cnt[18] ; frequency_tracker_sync:comb_3|phase_step[12] ; clk                                              ; clk         ; 20.000       ; -0.056     ; 9.343      ;
; 10.596 ; frequency_tracker_sync:comb_3|period_cnt[18] ; frequency_tracker_sync:comb_3|phase_step[15] ; clk                                              ; clk         ; 20.000       ; -0.056     ; 9.343      ;
; 10.626 ; frequency_tracker_sync:comb_3|period_cnt[9]  ; frequency_tracker_sync:comb_3|phase_step[13] ; clk                                              ; clk         ; 20.000       ; -0.075     ; 9.294      ;
; 10.626 ; frequency_tracker_sync:comb_3|period_cnt[9]  ; frequency_tracker_sync:comb_3|phase_step[17] ; clk                                              ; clk         ; 20.000       ; -0.075     ; 9.294      ;
; 10.626 ; frequency_tracker_sync:comb_3|period_cnt[9]  ; frequency_tracker_sync:comb_3|phase_step[18] ; clk                                              ; clk         ; 20.000       ; -0.075     ; 9.294      ;
; 10.633 ; frequency_tracker_sync:comb_3|period_cnt[9]  ; frequency_tracker_sync:comb_3|phase_step[3]  ; clk                                              ; clk         ; 20.000       ; -0.074     ; 9.288      ;
; 10.633 ; frequency_tracker_sync:comb_3|period_cnt[9]  ; frequency_tracker_sync:comb_3|phase_step[5]  ; clk                                              ; clk         ; 20.000       ; -0.074     ; 9.288      ;
; 10.633 ; frequency_tracker_sync:comb_3|period_cnt[9]  ; frequency_tracker_sync:comb_3|phase_step[7]  ; clk                                              ; clk         ; 20.000       ; -0.074     ; 9.288      ;
; 10.668 ; frequency_tracker_sync:comb_3|period_cnt[9]  ; frequency_tracker_sync:comb_3|phase_step[11] ; clk                                              ; clk         ; 20.000       ; -0.066     ; 9.261      ;
; 10.668 ; frequency_tracker_sync:comb_3|period_cnt[9]  ; frequency_tracker_sync:comb_3|phase_step[14] ; clk                                              ; clk         ; 20.000       ; -0.066     ; 9.261      ;
; 10.668 ; frequency_tracker_sync:comb_3|period_cnt[9]  ; frequency_tracker_sync:comb_3|phase_step[16] ; clk                                              ; clk         ; 20.000       ; -0.066     ; 9.261      ;
; 10.692 ; frequency_tracker_sync:comb_3|period_cnt[7]  ; frequency_tracker_sync:comb_3|phase_step[0]  ; clk                                              ; clk         ; 20.000       ; -0.067     ; 9.236      ;
; 10.692 ; frequency_tracker_sync:comb_3|period_cnt[7]  ; frequency_tracker_sync:comb_3|phase_step[8]  ; clk                                              ; clk         ; 20.000       ; -0.067     ; 9.236      ;
; 10.692 ; frequency_tracker_sync:comb_3|period_cnt[7]  ; frequency_tracker_sync:comb_3|phase_step[19] ; clk                                              ; clk         ; 20.000       ; -0.067     ; 9.236      ;
; 10.692 ; frequency_tracker_sync:comb_3|period_cnt[7]  ; frequency_tracker_sync:comb_3|phase_step[20] ; clk                                              ; clk         ; 20.000       ; -0.067     ; 9.236      ;
; 10.693 ; frequency_tracker_sync:comb_3|period_cnt[5]  ; frequency_tracker_sync:comb_3|phase_step[0]  ; clk                                              ; clk         ; 20.000       ; -0.067     ; 9.235      ;
; 10.693 ; frequency_tracker_sync:comb_3|period_cnt[5]  ; frequency_tracker_sync:comb_3|phase_step[8]  ; clk                                              ; clk         ; 20.000       ; -0.067     ; 9.235      ;
; 10.693 ; frequency_tracker_sync:comb_3|period_cnt[5]  ; frequency_tracker_sync:comb_3|phase_step[19] ; clk                                              ; clk         ; 20.000       ; -0.067     ; 9.235      ;
; 10.693 ; frequency_tracker_sync:comb_3|period_cnt[5]  ; frequency_tracker_sync:comb_3|phase_step[20] ; clk                                              ; clk         ; 20.000       ; -0.067     ; 9.235      ;
; 10.703 ; frequency_tracker_sync:comb_3|period_cnt[4]  ; frequency_tracker_sync:comb_3|phase_step[0]  ; clk                                              ; clk         ; 20.000       ; -0.067     ; 9.225      ;
; 10.703 ; frequency_tracker_sync:comb_3|period_cnt[4]  ; frequency_tracker_sync:comb_3|phase_step[8]  ; clk                                              ; clk         ; 20.000       ; -0.067     ; 9.225      ;
; 10.703 ; frequency_tracker_sync:comb_3|period_cnt[4]  ; frequency_tracker_sync:comb_3|phase_step[19] ; clk                                              ; clk         ; 20.000       ; -0.067     ; 9.225      ;
; 10.703 ; frequency_tracker_sync:comb_3|period_cnt[4]  ; frequency_tracker_sync:comb_3|phase_step[20] ; clk                                              ; clk         ; 20.000       ; -0.067     ; 9.225      ;
; 10.706 ; frequency_tracker_sync:comb_3|period_cnt[19] ; frequency_tracker_sync:comb_3|phase_step[0]  ; clk                                              ; clk         ; 20.000       ; -0.058     ; 9.231      ;
; 10.706 ; frequency_tracker_sync:comb_3|period_cnt[19] ; frequency_tracker_sync:comb_3|phase_step[8]  ; clk                                              ; clk         ; 20.000       ; -0.058     ; 9.231      ;
; 10.706 ; frequency_tracker_sync:comb_3|period_cnt[19] ; frequency_tracker_sync:comb_3|phase_step[19] ; clk                                              ; clk         ; 20.000       ; -0.058     ; 9.231      ;
; 10.706 ; frequency_tracker_sync:comb_3|period_cnt[19] ; frequency_tracker_sync:comb_3|phase_step[20] ; clk                                              ; clk         ; 20.000       ; -0.058     ; 9.231      ;
; 10.715 ; frequency_tracker_sync:comb_3|period_cnt[2]  ; frequency_tracker_sync:comb_3|phase_step[13] ; clk                                              ; clk         ; 20.000       ; -0.075     ; 9.205      ;
; 10.715 ; frequency_tracker_sync:comb_3|period_cnt[2]  ; frequency_tracker_sync:comb_3|phase_step[17] ; clk                                              ; clk         ; 20.000       ; -0.075     ; 9.205      ;
; 10.715 ; frequency_tracker_sync:comb_3|period_cnt[2]  ; frequency_tracker_sync:comb_3|phase_step[18] ; clk                                              ; clk         ; 20.000       ; -0.075     ; 9.205      ;
; 10.722 ; frequency_tracker_sync:comb_3|period_cnt[2]  ; frequency_tracker_sync:comb_3|phase_step[3]  ; clk                                              ; clk         ; 20.000       ; -0.074     ; 9.199      ;
; 10.722 ; frequency_tracker_sync:comb_3|period_cnt[2]  ; frequency_tracker_sync:comb_3|phase_step[5]  ; clk                                              ; clk         ; 20.000       ; -0.074     ; 9.199      ;
; 10.722 ; frequency_tracker_sync:comb_3|period_cnt[2]  ; frequency_tracker_sync:comb_3|phase_step[7]  ; clk                                              ; clk         ; 20.000       ; -0.074     ; 9.199      ;
; 10.757 ; frequency_tracker_sync:comb_3|period_cnt[2]  ; frequency_tracker_sync:comb_3|phase_step[11] ; clk                                              ; clk         ; 20.000       ; -0.066     ; 9.172      ;
; 10.757 ; frequency_tracker_sync:comb_3|period_cnt[2]  ; frequency_tracker_sync:comb_3|phase_step[14] ; clk                                              ; clk         ; 20.000       ; -0.066     ; 9.172      ;
; 10.757 ; frequency_tracker_sync:comb_3|period_cnt[2]  ; frequency_tracker_sync:comb_3|phase_step[16] ; clk                                              ; clk         ; 20.000       ; -0.066     ; 9.172      ;
; 10.824 ; frequency_tracker_sync:comb_3|period_cnt[3]  ; frequency_tracker_sync:comb_3|phase_step[0]  ; clk                                              ; clk         ; 20.000       ; -0.067     ; 9.104      ;
; 10.824 ; frequency_tracker_sync:comb_3|period_cnt[3]  ; frequency_tracker_sync:comb_3|phase_step[8]  ; clk                                              ; clk         ; 20.000       ; -0.067     ; 9.104      ;
; 10.824 ; frequency_tracker_sync:comb_3|period_cnt[3]  ; frequency_tracker_sync:comb_3|phase_step[19] ; clk                                              ; clk         ; 20.000       ; -0.067     ; 9.104      ;
; 10.824 ; frequency_tracker_sync:comb_3|period_cnt[3]  ; frequency_tracker_sync:comb_3|phase_step[20] ; clk                                              ; clk         ; 20.000       ; -0.067     ; 9.104      ;
; 10.841 ; frequency_tracker_sync:comb_3|period_cnt[4]  ; frequency_tracker_sync:comb_3|phase_step[13] ; clk                                              ; clk         ; 20.000       ; -0.075     ; 9.079      ;
; 10.841 ; frequency_tracker_sync:comb_3|period_cnt[4]  ; frequency_tracker_sync:comb_3|phase_step[17] ; clk                                              ; clk         ; 20.000       ; -0.075     ; 9.079      ;
; 10.841 ; frequency_tracker_sync:comb_3|period_cnt[4]  ; frequency_tracker_sync:comb_3|phase_step[18] ; clk                                              ; clk         ; 20.000       ; -0.075     ; 9.079      ;
; 10.848 ; frequency_tracker_sync:comb_3|period_cnt[4]  ; frequency_tracker_sync:comb_3|phase_step[3]  ; clk                                              ; clk         ; 20.000       ; -0.074     ; 9.073      ;
; 10.848 ; frequency_tracker_sync:comb_3|period_cnt[4]  ; frequency_tracker_sync:comb_3|phase_step[5]  ; clk                                              ; clk         ; 20.000       ; -0.074     ; 9.073      ;
; 10.848 ; frequency_tracker_sync:comb_3|period_cnt[4]  ; frequency_tracker_sync:comb_3|phase_step[7]  ; clk                                              ; clk         ; 20.000       ; -0.074     ; 9.073      ;
; 10.855 ; frequency_tracker_sync:comb_3|period_cnt[19] ; frequency_tracker_sync:comb_3|phase_step[13] ; clk                                              ; clk         ; 20.000       ; -0.066     ; 9.074      ;
+--------+----------------------------------------------+----------------------------------------------+--------------------------------------------------+-------------+--------------+------------+------------+


+----------------------------------------------------------------------------------------------------------------------------------------------------------------------------------------------------------------------------+
; Slow 1200mV 85C Model Setup: 'p_ll|altpll_component|auto_generated|pll1|clk[0]'                                                                                                                                            ;
+---------+------------------------------+------------------------------------+--------------------------------------------------+--------------------------------------------------+--------------+------------+------------+
; Slack   ; From Node                    ; To Node                            ; Launch Clock                                     ; Latch Clock                                      ; Relationship ; Clock Skew ; Data Delay ;
+---------+------------------------------+------------------------------------+--------------------------------------------------+--------------------------------------------------+--------------+------------+------------+
; 154.839 ; spi_interface:afe|count[1]   ; spi_interface:afe|din              ; p_ll|altpll_component|auto_generated|pll1|clk[0] ; p_ll|altpll_component|auto_generated|pll1|clk[0] ; 156.250      ; -0.070     ; 1.336      ;
; 154.960 ; spi_interface:afe|count[3]   ; spi_interface:afe|din              ; p_ll|altpll_component|auto_generated|pll1|clk[0] ; p_ll|altpll_component|auto_generated|pll1|clk[0] ; 156.250      ; -0.070     ; 1.215      ;
; 155.120 ; spi_interface:afe|count[2]   ; spi_interface:afe|din              ; p_ll|altpll_component|auto_generated|pll1|clk[0] ; p_ll|altpll_component|auto_generated|pll1|clk[0] ; 156.250      ; -0.070     ; 1.055      ;
; 155.218 ; spi_interface:afe|count[0]   ; spi_interface:afe|din              ; p_ll|altpll_component|auto_generated|pll1|clk[0] ; p_ll|altpll_component|auto_generated|pll1|clk[0] ; 156.250      ; -0.070     ; 0.957      ;
; 309.473 ; spi_interface:afe|count[1]   ; spi_interface:afe|dataout_slow[11] ; p_ll|altpll_component|auto_generated|pll1|clk[0] ; p_ll|altpll_component|auto_generated|pll1|clk[0] ; 312.500      ; -0.061     ; 2.961      ;
; 309.473 ; spi_interface:afe|count[1]   ; spi_interface:afe|dataout_slow[6]  ; p_ll|altpll_component|auto_generated|pll1|clk[0] ; p_ll|altpll_component|auto_generated|pll1|clk[0] ; 312.500      ; -0.061     ; 2.961      ;
; 309.473 ; spi_interface:afe|count[1]   ; spi_interface:afe|dataout_slow[5]  ; p_ll|altpll_component|auto_generated|pll1|clk[0] ; p_ll|altpll_component|auto_generated|pll1|clk[0] ; 312.500      ; -0.061     ; 2.961      ;
; 309.473 ; spi_interface:afe|count[1]   ; spi_interface:afe|dataout_slow[4]  ; p_ll|altpll_component|auto_generated|pll1|clk[0] ; p_ll|altpll_component|auto_generated|pll1|clk[0] ; 312.500      ; -0.061     ; 2.961      ;
; 309.473 ; spi_interface:afe|count[1]   ; spi_interface:afe|dataout_slow[3]  ; p_ll|altpll_component|auto_generated|pll1|clk[0] ; p_ll|altpll_component|auto_generated|pll1|clk[0] ; 312.500      ; -0.061     ; 2.961      ;
; 309.473 ; spi_interface:afe|count[1]   ; spi_interface:afe|dataout_slow[2]  ; p_ll|altpll_component|auto_generated|pll1|clk[0] ; p_ll|altpll_component|auto_generated|pll1|clk[0] ; 312.500      ; -0.061     ; 2.961      ;
; 309.473 ; spi_interface:afe|count[1]   ; spi_interface:afe|dataout_slow[1]  ; p_ll|altpll_component|auto_generated|pll1|clk[0] ; p_ll|altpll_component|auto_generated|pll1|clk[0] ; 312.500      ; -0.061     ; 2.961      ;
; 309.473 ; spi_interface:afe|count[1]   ; spi_interface:afe|dataout_slow[0]  ; p_ll|altpll_component|auto_generated|pll1|clk[0] ; p_ll|altpll_component|auto_generated|pll1|clk[0] ; 312.500      ; -0.061     ; 2.961      ;
; 309.479 ; spi_interface:afe|count[2]   ; spi_interface:afe|dataout_slow[11] ; p_ll|altpll_component|auto_generated|pll1|clk[0] ; p_ll|altpll_component|auto_generated|pll1|clk[0] ; 312.500      ; -0.061     ; 2.955      ;
; 309.479 ; spi_interface:afe|count[2]   ; spi_interface:afe|dataout_slow[6]  ; p_ll|altpll_component|auto_generated|pll1|clk[0] ; p_ll|altpll_component|auto_generated|pll1|clk[0] ; 312.500      ; -0.061     ; 2.955      ;
; 309.479 ; spi_interface:afe|count[2]   ; spi_interface:afe|dataout_slow[5]  ; p_ll|altpll_component|auto_generated|pll1|clk[0] ; p_ll|altpll_component|auto_generated|pll1|clk[0] ; 312.500      ; -0.061     ; 2.955      ;
; 309.479 ; spi_interface:afe|count[2]   ; spi_interface:afe|dataout_slow[4]  ; p_ll|altpll_component|auto_generated|pll1|clk[0] ; p_ll|altpll_component|auto_generated|pll1|clk[0] ; 312.500      ; -0.061     ; 2.955      ;
; 309.479 ; spi_interface:afe|count[2]   ; spi_interface:afe|dataout_slow[3]  ; p_ll|altpll_component|auto_generated|pll1|clk[0] ; p_ll|altpll_component|auto_generated|pll1|clk[0] ; 312.500      ; -0.061     ; 2.955      ;
; 309.479 ; spi_interface:afe|count[2]   ; spi_interface:afe|dataout_slow[2]  ; p_ll|altpll_component|auto_generated|pll1|clk[0] ; p_ll|altpll_component|auto_generated|pll1|clk[0] ; 312.500      ; -0.061     ; 2.955      ;
; 309.479 ; spi_interface:afe|count[2]   ; spi_interface:afe|dataout_slow[1]  ; p_ll|altpll_component|auto_generated|pll1|clk[0] ; p_ll|altpll_component|auto_generated|pll1|clk[0] ; 312.500      ; -0.061     ; 2.955      ;
; 309.479 ; spi_interface:afe|count[2]   ; spi_interface:afe|dataout_slow[0]  ; p_ll|altpll_component|auto_generated|pll1|clk[0] ; p_ll|altpll_component|auto_generated|pll1|clk[0] ; 312.500      ; -0.061     ; 2.955      ;
; 309.585 ; spi_interface:afe|count[3]   ; spi_interface:afe|dataout_slow[11] ; p_ll|altpll_component|auto_generated|pll1|clk[0] ; p_ll|altpll_component|auto_generated|pll1|clk[0] ; 312.500      ; -0.061     ; 2.849      ;
; 309.585 ; spi_interface:afe|count[3]   ; spi_interface:afe|dataout_slow[6]  ; p_ll|altpll_component|auto_generated|pll1|clk[0] ; p_ll|altpll_component|auto_generated|pll1|clk[0] ; 312.500      ; -0.061     ; 2.849      ;
; 309.585 ; spi_interface:afe|count[3]   ; spi_interface:afe|dataout_slow[5]  ; p_ll|altpll_component|auto_generated|pll1|clk[0] ; p_ll|altpll_component|auto_generated|pll1|clk[0] ; 312.500      ; -0.061     ; 2.849      ;
; 309.585 ; spi_interface:afe|count[3]   ; spi_interface:afe|dataout_slow[4]  ; p_ll|altpll_component|auto_generated|pll1|clk[0] ; p_ll|altpll_component|auto_generated|pll1|clk[0] ; 312.500      ; -0.061     ; 2.849      ;
; 309.585 ; spi_interface:afe|count[3]   ; spi_interface:afe|dataout_slow[3]  ; p_ll|altpll_component|auto_generated|pll1|clk[0] ; p_ll|altpll_component|auto_generated|pll1|clk[0] ; 312.500      ; -0.061     ; 2.849      ;
; 309.585 ; spi_interface:afe|count[3]   ; spi_interface:afe|dataout_slow[2]  ; p_ll|altpll_component|auto_generated|pll1|clk[0] ; p_ll|altpll_component|auto_generated|pll1|clk[0] ; 312.500      ; -0.061     ; 2.849      ;
; 309.585 ; spi_interface:afe|count[3]   ; spi_interface:afe|dataout_slow[1]  ; p_ll|altpll_component|auto_generated|pll1|clk[0] ; p_ll|altpll_component|auto_generated|pll1|clk[0] ; 312.500      ; -0.061     ; 2.849      ;
; 309.585 ; spi_interface:afe|count[3]   ; spi_interface:afe|dataout_slow[0]  ; p_ll|altpll_component|auto_generated|pll1|clk[0] ; p_ll|altpll_component|auto_generated|pll1|clk[0] ; 312.500      ; -0.061     ; 2.849      ;
; 309.723 ; spi_interface:afe|count[0]   ; spi_interface:afe|dataout_slow[11] ; p_ll|altpll_component|auto_generated|pll1|clk[0] ; p_ll|altpll_component|auto_generated|pll1|clk[0] ; 312.500      ; -0.061     ; 2.711      ;
; 309.723 ; spi_interface:afe|count[0]   ; spi_interface:afe|dataout_slow[6]  ; p_ll|altpll_component|auto_generated|pll1|clk[0] ; p_ll|altpll_component|auto_generated|pll1|clk[0] ; 312.500      ; -0.061     ; 2.711      ;
; 309.723 ; spi_interface:afe|count[0]   ; spi_interface:afe|dataout_slow[5]  ; p_ll|altpll_component|auto_generated|pll1|clk[0] ; p_ll|altpll_component|auto_generated|pll1|clk[0] ; 312.500      ; -0.061     ; 2.711      ;
; 309.723 ; spi_interface:afe|count[0]   ; spi_interface:afe|dataout_slow[4]  ; p_ll|altpll_component|auto_generated|pll1|clk[0] ; p_ll|altpll_component|auto_generated|pll1|clk[0] ; 312.500      ; -0.061     ; 2.711      ;
; 309.723 ; spi_interface:afe|count[0]   ; spi_interface:afe|dataout_slow[3]  ; p_ll|altpll_component|auto_generated|pll1|clk[0] ; p_ll|altpll_component|auto_generated|pll1|clk[0] ; 312.500      ; -0.061     ; 2.711      ;
; 309.723 ; spi_interface:afe|count[0]   ; spi_interface:afe|dataout_slow[2]  ; p_ll|altpll_component|auto_generated|pll1|clk[0] ; p_ll|altpll_component|auto_generated|pll1|clk[0] ; 312.500      ; -0.061     ; 2.711      ;
; 309.723 ; spi_interface:afe|count[0]   ; spi_interface:afe|dataout_slow[1]  ; p_ll|altpll_component|auto_generated|pll1|clk[0] ; p_ll|altpll_component|auto_generated|pll1|clk[0] ; 312.500      ; -0.061     ; 2.711      ;
; 309.723 ; spi_interface:afe|count[0]   ; spi_interface:afe|dataout_slow[0]  ; p_ll|altpll_component|auto_generated|pll1|clk[0] ; p_ll|altpll_component|auto_generated|pll1|clk[0] ; 312.500      ; -0.061     ; 2.711      ;
; 309.761 ; spi_interface:afe|count[1]   ; spi_interface:afe|dataout_slow[10] ; p_ll|altpll_component|auto_generated|pll1|clk[0] ; p_ll|altpll_component|auto_generated|pll1|clk[0] ; 312.500      ; -0.061     ; 2.673      ;
; 309.761 ; spi_interface:afe|count[1]   ; spi_interface:afe|dataout_slow[9]  ; p_ll|altpll_component|auto_generated|pll1|clk[0] ; p_ll|altpll_component|auto_generated|pll1|clk[0] ; 312.500      ; -0.061     ; 2.673      ;
; 309.761 ; spi_interface:afe|count[1]   ; spi_interface:afe|dataout_slow[8]  ; p_ll|altpll_component|auto_generated|pll1|clk[0] ; p_ll|altpll_component|auto_generated|pll1|clk[0] ; 312.500      ; -0.061     ; 2.673      ;
; 309.761 ; spi_interface:afe|count[1]   ; spi_interface:afe|dataout_slow[7]  ; p_ll|altpll_component|auto_generated|pll1|clk[0] ; p_ll|altpll_component|auto_generated|pll1|clk[0] ; 312.500      ; -0.061     ; 2.673      ;
; 309.767 ; spi_interface:afe|count[2]   ; spi_interface:afe|dataout_slow[10] ; p_ll|altpll_component|auto_generated|pll1|clk[0] ; p_ll|altpll_component|auto_generated|pll1|clk[0] ; 312.500      ; -0.061     ; 2.667      ;
; 309.767 ; spi_interface:afe|count[2]   ; spi_interface:afe|dataout_slow[9]  ; p_ll|altpll_component|auto_generated|pll1|clk[0] ; p_ll|altpll_component|auto_generated|pll1|clk[0] ; 312.500      ; -0.061     ; 2.667      ;
; 309.767 ; spi_interface:afe|count[2]   ; spi_interface:afe|dataout_slow[8]  ; p_ll|altpll_component|auto_generated|pll1|clk[0] ; p_ll|altpll_component|auto_generated|pll1|clk[0] ; 312.500      ; -0.061     ; 2.667      ;
; 309.767 ; spi_interface:afe|count[2]   ; spi_interface:afe|dataout_slow[7]  ; p_ll|altpll_component|auto_generated|pll1|clk[0] ; p_ll|altpll_component|auto_generated|pll1|clk[0] ; 312.500      ; -0.061     ; 2.667      ;
; 309.873 ; spi_interface:afe|count[3]   ; spi_interface:afe|dataout_slow[10] ; p_ll|altpll_component|auto_generated|pll1|clk[0] ; p_ll|altpll_component|auto_generated|pll1|clk[0] ; 312.500      ; -0.061     ; 2.561      ;
; 309.873 ; spi_interface:afe|count[3]   ; spi_interface:afe|dataout_slow[9]  ; p_ll|altpll_component|auto_generated|pll1|clk[0] ; p_ll|altpll_component|auto_generated|pll1|clk[0] ; 312.500      ; -0.061     ; 2.561      ;
; 309.873 ; spi_interface:afe|count[3]   ; spi_interface:afe|dataout_slow[8]  ; p_ll|altpll_component|auto_generated|pll1|clk[0] ; p_ll|altpll_component|auto_generated|pll1|clk[0] ; 312.500      ; -0.061     ; 2.561      ;
; 309.873 ; spi_interface:afe|count[3]   ; spi_interface:afe|dataout_slow[7]  ; p_ll|altpll_component|auto_generated|pll1|clk[0] ; p_ll|altpll_component|auto_generated|pll1|clk[0] ; 312.500      ; -0.061     ; 2.561      ;
; 309.885 ; spi_interface:afe|count[1]   ; spi_interface:afe|clock_out        ; p_ll|altpll_component|auto_generated|pll1|clk[0] ; p_ll|altpll_component|auto_generated|pll1|clk[0] ; 312.500      ; -0.072     ; 2.538      ;
; 309.891 ; spi_interface:afe|count[2]   ; spi_interface:afe|clock_out        ; p_ll|altpll_component|auto_generated|pll1|clk[0] ; p_ll|altpll_component|auto_generated|pll1|clk[0] ; 312.500      ; -0.072     ; 2.532      ;
; 309.997 ; spi_interface:afe|count[3]   ; spi_interface:afe|clock_out        ; p_ll|altpll_component|auto_generated|pll1|clk[0] ; p_ll|altpll_component|auto_generated|pll1|clk[0] ; 312.500      ; -0.072     ; 2.426      ;
; 310.011 ; spi_interface:afe|count[0]   ; spi_interface:afe|dataout_slow[10] ; p_ll|altpll_component|auto_generated|pll1|clk[0] ; p_ll|altpll_component|auto_generated|pll1|clk[0] ; 312.500      ; -0.061     ; 2.423      ;
; 310.011 ; spi_interface:afe|count[0]   ; spi_interface:afe|dataout_slow[9]  ; p_ll|altpll_component|auto_generated|pll1|clk[0] ; p_ll|altpll_component|auto_generated|pll1|clk[0] ; 312.500      ; -0.061     ; 2.423      ;
; 310.011 ; spi_interface:afe|count[0]   ; spi_interface:afe|dataout_slow[8]  ; p_ll|altpll_component|auto_generated|pll1|clk[0] ; p_ll|altpll_component|auto_generated|pll1|clk[0] ; 312.500      ; -0.061     ; 2.423      ;
; 310.011 ; spi_interface:afe|count[0]   ; spi_interface:afe|dataout_slow[7]  ; p_ll|altpll_component|auto_generated|pll1|clk[0] ; p_ll|altpll_component|auto_generated|pll1|clk[0] ; 312.500      ; -0.061     ; 2.423      ;
; 310.135 ; spi_interface:afe|count[0]   ; spi_interface:afe|clock_out        ; p_ll|altpll_component|auto_generated|pll1|clk[0] ; p_ll|altpll_component|auto_generated|pll1|clk[0] ; 312.500      ; -0.072     ; 2.288      ;
; 310.295 ; spi_interface:afe|count[1]   ; spi_interface:afe|data_temp[6]     ; p_ll|altpll_component|auto_generated|pll1|clk[0] ; p_ll|altpll_component|auto_generated|pll1|clk[0] ; 312.500      ; -0.061     ; 2.139      ;
; 310.329 ; spi_interface:afe|idle_state ; spi_interface:afe|dataout_slow[11] ; p_ll|altpll_component|auto_generated|pll1|clk[0] ; p_ll|altpll_component|auto_generated|pll1|clk[0] ; 312.500      ; -0.061     ; 2.105      ;
; 310.329 ; spi_interface:afe|idle_state ; spi_interface:afe|dataout_slow[6]  ; p_ll|altpll_component|auto_generated|pll1|clk[0] ; p_ll|altpll_component|auto_generated|pll1|clk[0] ; 312.500      ; -0.061     ; 2.105      ;
; 310.329 ; spi_interface:afe|idle_state ; spi_interface:afe|dataout_slow[5]  ; p_ll|altpll_component|auto_generated|pll1|clk[0] ; p_ll|altpll_component|auto_generated|pll1|clk[0] ; 312.500      ; -0.061     ; 2.105      ;
; 310.329 ; spi_interface:afe|idle_state ; spi_interface:afe|dataout_slow[4]  ; p_ll|altpll_component|auto_generated|pll1|clk[0] ; p_ll|altpll_component|auto_generated|pll1|clk[0] ; 312.500      ; -0.061     ; 2.105      ;
; 310.329 ; spi_interface:afe|idle_state ; spi_interface:afe|dataout_slow[3]  ; p_ll|altpll_component|auto_generated|pll1|clk[0] ; p_ll|altpll_component|auto_generated|pll1|clk[0] ; 312.500      ; -0.061     ; 2.105      ;
; 310.329 ; spi_interface:afe|idle_state ; spi_interface:afe|dataout_slow[2]  ; p_ll|altpll_component|auto_generated|pll1|clk[0] ; p_ll|altpll_component|auto_generated|pll1|clk[0] ; 312.500      ; -0.061     ; 2.105      ;
; 310.329 ; spi_interface:afe|idle_state ; spi_interface:afe|dataout_slow[1]  ; p_ll|altpll_component|auto_generated|pll1|clk[0] ; p_ll|altpll_component|auto_generated|pll1|clk[0] ; 312.500      ; -0.061     ; 2.105      ;
; 310.329 ; spi_interface:afe|idle_state ; spi_interface:afe|dataout_slow[0]  ; p_ll|altpll_component|auto_generated|pll1|clk[0] ; p_ll|altpll_component|auto_generated|pll1|clk[0] ; 312.500      ; -0.061     ; 2.105      ;
; 310.412 ; spi_interface:afe|count[1]   ; spi_interface:afe|idle_state       ; p_ll|altpll_component|auto_generated|pll1|clk[0] ; p_ll|altpll_component|auto_generated|pll1|clk[0] ; 312.500      ; -0.062     ; 2.021      ;
; 310.418 ; spi_interface:afe|count[2]   ; spi_interface:afe|idle_state       ; p_ll|altpll_component|auto_generated|pll1|clk[0] ; p_ll|altpll_component|auto_generated|pll1|clk[0] ; 312.500      ; -0.062     ; 2.015      ;
; 310.455 ; spi_interface:afe|count[1]   ; spi_interface:afe|data_temp[7]     ; p_ll|altpll_component|auto_generated|pll1|clk[0] ; p_ll|altpll_component|auto_generated|pll1|clk[0] ; 312.500      ; -0.061     ; 1.979      ;
; 310.458 ; spi_interface:afe|count[1]   ; spi_interface:afe|data_temp[9]     ; p_ll|altpll_component|auto_generated|pll1|clk[0] ; p_ll|altpll_component|auto_generated|pll1|clk[0] ; 312.500      ; -0.061     ; 1.976      ;
; 310.475 ; spi_interface:afe|count[1]   ; spi_interface:afe|data_temp[11]    ; p_ll|altpll_component|auto_generated|pll1|clk[0] ; p_ll|altpll_component|auto_generated|pll1|clk[0] ; 312.500      ; -0.061     ; 1.959      ;
; 310.488 ; spi_interface:afe|count[3]   ; spi_interface:afe|data_temp[6]     ; p_ll|altpll_component|auto_generated|pll1|clk[0] ; p_ll|altpll_component|auto_generated|pll1|clk[0] ; 312.500      ; -0.061     ; 1.946      ;
; 310.524 ; spi_interface:afe|count[3]   ; spi_interface:afe|idle_state       ; p_ll|altpll_component|auto_generated|pll1|clk[0] ; p_ll|altpll_component|auto_generated|pll1|clk[0] ; 312.500      ; -0.062     ; 1.909      ;
; 310.555 ; spi_interface:afe|count[3]   ; spi_interface:afe|data_temp[7]     ; p_ll|altpll_component|auto_generated|pll1|clk[0] ; p_ll|altpll_component|auto_generated|pll1|clk[0] ; 312.500      ; -0.061     ; 1.879      ;
; 310.613 ; spi_interface:afe|count[2]   ; spi_interface:afe|data_temp[6]     ; p_ll|altpll_component|auto_generated|pll1|clk[0] ; p_ll|altpll_component|auto_generated|pll1|clk[0] ; 312.500      ; -0.061     ; 1.821      ;
; 310.613 ; spi_interface:afe|count[3]   ; spi_interface:afe|data_temp[11]    ; p_ll|altpll_component|auto_generated|pll1|clk[0] ; p_ll|altpll_component|auto_generated|pll1|clk[0] ; 312.500      ; -0.061     ; 1.821      ;
; 310.617 ; spi_interface:afe|idle_state ; spi_interface:afe|dataout_slow[10] ; p_ll|altpll_component|auto_generated|pll1|clk[0] ; p_ll|altpll_component|auto_generated|pll1|clk[0] ; 312.500      ; -0.061     ; 1.817      ;
; 310.617 ; spi_interface:afe|idle_state ; spi_interface:afe|dataout_slow[9]  ; p_ll|altpll_component|auto_generated|pll1|clk[0] ; p_ll|altpll_component|auto_generated|pll1|clk[0] ; 312.500      ; -0.061     ; 1.817      ;
; 310.617 ; spi_interface:afe|idle_state ; spi_interface:afe|dataout_slow[8]  ; p_ll|altpll_component|auto_generated|pll1|clk[0] ; p_ll|altpll_component|auto_generated|pll1|clk[0] ; 312.500      ; -0.061     ; 1.817      ;
; 310.617 ; spi_interface:afe|idle_state ; spi_interface:afe|dataout_slow[7]  ; p_ll|altpll_component|auto_generated|pll1|clk[0] ; p_ll|altpll_component|auto_generated|pll1|clk[0] ; 312.500      ; -0.061     ; 1.817      ;
; 310.621 ; spi_interface:afe|count[3]   ; spi_interface:afe|data_temp[9]     ; p_ll|altpll_component|auto_generated|pll1|clk[0] ; p_ll|altpll_component|auto_generated|pll1|clk[0] ; 312.500      ; -0.061     ; 1.813      ;
; 310.662 ; spi_interface:afe|count[0]   ; spi_interface:afe|idle_state       ; p_ll|altpll_component|auto_generated|pll1|clk[0] ; p_ll|altpll_component|auto_generated|pll1|clk[0] ; 312.500      ; -0.062     ; 1.771      ;
; 310.704 ; spi_interface:afe|count[1]   ; spi_interface:afe|data_temp[5]     ; p_ll|altpll_component|auto_generated|pll1|clk[0] ; p_ll|altpll_component|auto_generated|pll1|clk[0] ; 312.500      ; -0.061     ; 1.730      ;
; 310.721 ; spi_interface:afe|count[0]   ; spi_interface:afe|data_temp[6]     ; p_ll|altpll_component|auto_generated|pll1|clk[0] ; p_ll|altpll_component|auto_generated|pll1|clk[0] ; 312.500      ; -0.061     ; 1.713      ;
; 310.724 ; spi_interface:afe|count[2]   ; spi_interface:afe|data_temp[9]     ; p_ll|altpll_component|auto_generated|pll1|clk[0] ; p_ll|altpll_component|auto_generated|pll1|clk[0] ; 312.500      ; -0.061     ; 1.710      ;
; 310.741 ; spi_interface:afe|idle_state ; spi_interface:afe|clock_out        ; p_ll|altpll_component|auto_generated|pll1|clk[0] ; p_ll|altpll_component|auto_generated|pll1|clk[0] ; 312.500      ; -0.072     ; 1.682      ;
; 310.752 ; spi_interface:afe|count[2]   ; spi_interface:afe|data_temp[11]    ; p_ll|altpll_component|auto_generated|pll1|clk[0] ; p_ll|altpll_component|auto_generated|pll1|clk[0] ; 312.500      ; -0.061     ; 1.682      ;
; 310.757 ; spi_interface:afe|count[1]   ; spi_interface:afe|data_temp[4]     ; p_ll|altpll_component|auto_generated|pll1|clk[0] ; p_ll|altpll_component|auto_generated|pll1|clk[0] ; 312.500      ; -0.061     ; 1.677      ;
; 310.792 ; spi_interface:afe|count[1]   ; spi_interface:afe|data_temp[8]     ; p_ll|altpll_component|auto_generated|pll1|clk[0] ; p_ll|altpll_component|auto_generated|pll1|clk[0] ; 312.500      ; -0.061     ; 1.642      ;
; 310.796 ; spi_interface:afe|count[1]   ; spi_interface:afe|data_temp[10]    ; p_ll|altpll_component|auto_generated|pll1|clk[0] ; p_ll|altpll_component|auto_generated|pll1|clk[0] ; 312.500      ; -0.061     ; 1.638      ;
; 310.817 ; spi_interface:afe|count[2]   ; spi_interface:afe|data_temp[7]     ; p_ll|altpll_component|auto_generated|pll1|clk[0] ; p_ll|altpll_component|auto_generated|pll1|clk[0] ; 312.500      ; -0.061     ; 1.617      ;
; 310.835 ; spi_interface:afe|count[1]   ; spi_interface:afe|count[2]         ; p_ll|altpll_component|auto_generated|pll1|clk[0] ; p_ll|altpll_component|auto_generated|pll1|clk[0] ; 312.500      ; -0.062     ; 1.598      ;
; 310.840 ; spi_interface:afe|count[1]   ; spi_interface:afe|count[1]         ; p_ll|altpll_component|auto_generated|pll1|clk[0] ; p_ll|altpll_component|auto_generated|pll1|clk[0] ; 312.500      ; -0.062     ; 1.593      ;
; 310.841 ; spi_interface:afe|count[3]   ; spi_interface:afe|data_temp[5]     ; p_ll|altpll_component|auto_generated|pll1|clk[0] ; p_ll|altpll_component|auto_generated|pll1|clk[0] ; 312.500      ; -0.061     ; 1.593      ;
; 310.841 ; spi_interface:afe|count[2]   ; spi_interface:afe|count[2]         ; p_ll|altpll_component|auto_generated|pll1|clk[0] ; p_ll|altpll_component|auto_generated|pll1|clk[0] ; 312.500      ; -0.062     ; 1.592      ;
; 310.842 ; spi_interface:afe|count[1]   ; spi_interface:afe|cs               ; p_ll|altpll_component|auto_generated|pll1|clk[0] ; p_ll|altpll_component|auto_generated|pll1|clk[0] ; 312.500      ; -0.062     ; 1.591      ;
; 310.844 ; spi_interface:afe|count[1]   ; spi_interface:afe|count[3]         ; p_ll|altpll_component|auto_generated|pll1|clk[0] ; p_ll|altpll_component|auto_generated|pll1|clk[0] ; 312.500      ; -0.062     ; 1.589      ;
; 310.845 ; spi_interface:afe|count[1]   ; spi_interface:afe|valid_slow       ; p_ll|altpll_component|auto_generated|pll1|clk[0] ; p_ll|altpll_component|auto_generated|pll1|clk[0] ; 312.500      ; -0.062     ; 1.588      ;
; 310.846 ; spi_interface:afe|count[2]   ; spi_interface:afe|count[1]         ; p_ll|altpll_component|auto_generated|pll1|clk[0] ; p_ll|altpll_component|auto_generated|pll1|clk[0] ; 312.500      ; -0.062     ; 1.587      ;
; 310.848 ; spi_interface:afe|count[2]   ; spi_interface:afe|cs               ; p_ll|altpll_component|auto_generated|pll1|clk[0] ; p_ll|altpll_component|auto_generated|pll1|clk[0] ; 312.500      ; -0.062     ; 1.585      ;
; 310.851 ; spi_interface:afe|count[1]   ; spi_interface:afe|count[0]         ; p_ll|altpll_component|auto_generated|pll1|clk[0] ; p_ll|altpll_component|auto_generated|pll1|clk[0] ; 312.500      ; -0.062     ; 1.582      ;
+---------+------------------------------+------------------------------------+--------------------------------------------------+--------------------------------------------------+--------------+------------+------------+


+--------------------------------------------------------------------------------------------------------------------------------------------------------------------------------------------------------------------------------------------------------------+
; Slow 1200mV 85C Model Hold: 'clk'                                                                                                                                                                                                                            ;
+-------+----------------------------------------------------------------------+---------------------------------------------------------------------------------------------------------+--------------+-------------+--------------+------------+------------+
; Slack ; From Node                                                            ; To Node                                                                                                 ; Launch Clock ; Latch Clock ; Relationship ; Clock Skew ; Data Delay ;
+-------+----------------------------------------------------------------------+---------------------------------------------------------------------------------------------------------+--------------+-------------+--------------+------------+------------+
; 0.353 ; lut_sincos:dds|phase[23]                                             ; lut_sincos:dds|altsyncram:sine_lut_rtl_0|altsyncram_1sq1:auto_generated|ram_block1a0~porta_address_reg0 ; clk          ; clk         ; 0.000        ; 0.399      ; 0.939      ;
; 0.369 ; lut_sincos:dds|phase[23]                                             ; lut_sincos:dds|altsyncram:sine_lut_rtl_0|altsyncram_1sq1:auto_generated|ram_block1a9~porta_address_reg0 ; clk          ; clk         ; 0.000        ; 0.399      ; 0.955      ;
; 0.371 ; cordic_top:CORDIC|cordic_stage:pipeline_gen[9].stage_inst|z_out[1]   ; cordic_top:CORDIC|cordic_stage:pipeline_gen[10].stage_inst|z_out[1]                                     ; clk          ; clk         ; 0.000        ; 0.063      ; 0.591      ;
; 0.373 ; cordic_top:CORDIC|cordic_stage:pipeline_gen[16].stage_inst|z_out[3]  ; cordic_top:CORDIC|cordic_stage:pipeline_gen[17].stage_inst|z_out[3]                                     ; clk          ; clk         ; 0.000        ; 0.062      ; 0.592      ;
; 0.373 ; cordic_top:CORDIC|cordic_stage:pipeline_gen[17].stage_inst|z_out[1]  ; cordic_top:CORDIC|cordic_stage:pipeline_gen[18].stage_inst|z_out[1]                                     ; clk          ; clk         ; 0.000        ; 0.062      ; 0.592      ;
; 0.374 ; spi_interface:afe|data_valid                                         ; data_delay_block:delay|data_valid_spi_out                                                               ; clk          ; clk         ; 0.000        ; 0.062      ; 0.593      ;
; 0.374 ; lut_sincos:dds|phase[23]                                             ; lut_sincos:dds|altsyncram:sine_lut_rtl_0|altsyncram_1sq1:auto_generated|ram_block1a0~portb_address_reg0 ; clk          ; clk         ; 0.000        ; 0.399      ; 0.960      ;
; 0.374 ; cordic_top:CORDIC|cordic_stage:pipeline_gen[1].stage_inst|z_out[1]   ; cordic_top:CORDIC|cordic_stage:pipeline_gen[2].stage_inst|z_out[1]                                      ; clk          ; clk         ; 0.000        ; 0.062      ; 0.593      ;
; 0.375 ; cordic_top:CORDIC|cordic_stage:stage1|z_out[30]                      ; cordic_top:CORDIC|cordic_stage:pipeline_gen[0].stage_inst|z_out[30]                                     ; clk          ; clk         ; 0.000        ; 0.062      ; 0.594      ;
; 0.379 ; spi_interface:afe|dv_r2                                              ; spi_interface:afe|data_valid                                                                            ; clk          ; clk         ; 0.000        ; 0.062      ; 0.598      ;
; 0.380 ; spi_interface:afe|dv_r2                                              ; spi_interface:afe|dv_r3                                                                                 ; clk          ; clk         ; 0.000        ; 0.062      ; 0.599      ;
; 0.392 ; lut_sincos:dds|phase[23]                                             ; lut_sincos:dds|altsyncram:sine_lut_rtl_0|altsyncram_1sq1:auto_generated|ram_block1a9~portb_address_reg0 ; clk          ; clk         ; 0.000        ; 0.399      ; 0.978      ;
; 0.392 ; cordic_top:CORDIC|cordic_stage:stage1|valid_out                      ; cordic_top:CORDIC|cordic_stage:pipeline_gen[0].stage_inst|valid_out                                     ; clk          ; clk         ; 0.000        ; 0.062      ; 0.611      ;
; 0.393 ; cordic_top:CORDIC|cordic_stage:pipeline_gen[3].stage_inst|valid_out  ; cordic_top:CORDIC|cordic_stage:pipeline_gen[4].stage_inst|valid_out                                     ; clk          ; clk         ; 0.000        ; 0.062      ; 0.612      ;
; 0.393 ; cordic_top:CORDIC|cordic_stage:pipeline_gen[18].stage_inst|valid_out ; cordic_top:CORDIC|cordic_stage:pipeline_gen[19].stage_inst|valid_out                                    ; clk          ; clk         ; 0.000        ; 0.062      ; 0.612      ;
; 0.393 ; cordic_top:CORDIC|cordic_stage:pipeline_gen[20].stage_inst|valid_out ; cordic_top:CORDIC|cordic_stage:pipeline_gen[21].stage_inst|valid_out                                    ; clk          ; clk         ; 0.000        ; 0.062      ; 0.612      ;
; 0.394 ; cordic_top:CORDIC|cordic_stage:pipeline_gen[6].stage_inst|valid_out  ; cordic_top:CORDIC|cordic_stage:pipeline_gen[7].stage_inst|valid_out                                     ; clk          ; clk         ; 0.000        ; 0.062      ; 0.613      ;
; 0.394 ; cordic_top:CORDIC|cordic_stage:pipeline_gen[10].stage_inst|valid_out ; cordic_top:CORDIC|cordic_stage:pipeline_gen[11].stage_inst|valid_out                                    ; clk          ; clk         ; 0.000        ; 0.062      ; 0.613      ;
; 0.395 ; cordic_top:CORDIC|cordic_stage:pipeline_gen[5].stage_inst|valid_out  ; cordic_top:CORDIC|cordic_stage:pipeline_gen[6].stage_inst|valid_out                                     ; clk          ; clk         ; 0.000        ; 0.062      ; 0.614      ;
; 0.399 ; frequency_tracker_sync:comb_3|ttl_r2                                 ; integrate_and_dump:cosine_filter|valid_out                                                              ; clk          ; clk         ; 0.000        ; 0.063      ; 0.619      ;
; 0.400 ; cordic_top:CORDIC|cordic_stage:pipeline_gen[21].stage_inst|valid_out ; cordic_top:CORDIC|cordic_stage:pipeline_gen[22].stage_inst|valid_out                                    ; clk          ; clk         ; 0.000        ; 0.062      ; 0.619      ;
; 0.402 ; cordic_top:CORDIC|cordic_stage:pipeline_gen[0].stage_inst|valid_out  ; cordic_top:CORDIC|cordic_stage:pipeline_gen[1].stage_inst|valid_out                                     ; clk          ; clk         ; 0.000        ; 0.062      ; 0.621      ;
; 0.410 ; cordic_top:CORDIC|cordic_stage:pipeline_gen[14].stage_inst|valid_out ; cordic_top:CORDIC|cordic_stage:pipeline_gen[15].stage_inst|valid_out                                    ; clk          ; clk         ; 0.000        ; 0.063      ; 0.630      ;
; 0.413 ; cordic_top:CORDIC|cordic_stage:pipeline_gen[1].stage_inst|valid_out  ; cordic_top:CORDIC|cordic_stage:pipeline_gen[2].stage_inst|valid_out                                     ; clk          ; clk         ; 0.000        ; 0.062      ; 0.632      ;
; 0.496 ; cordic_top:CORDIC|cordic_stage:pipeline_gen[27].stage_inst|z_out[31] ; cordic_top:CORDIC|cordic_stage:pipeline_gen[28].stage_inst|z_out[31]                                    ; clk          ; clk         ; 0.000        ; 0.063      ; 0.716      ;
; 0.510 ; spi_interface:afe|dataout[3]                                         ; data_delay_block:delay|data_out[3]                                                                      ; clk          ; clk         ; 0.000        ; 0.062      ; 0.729      ;
; 0.513 ; cordic_top:CORDIC|cordic_stage:pipeline_gen[17].stage_inst|x_out[31] ; cordic_top:CORDIC|cordic_stage:pipeline_gen[18].stage_inst|x_out[31]                                    ; clk          ; clk         ; 0.000        ; 0.063      ; 0.733      ;
; 0.514 ; spi_interface:afe|dataout[11]                                        ; data_delay_block:delay|data_out[11]                                                                     ; clk          ; clk         ; 0.000        ; 0.063      ; 0.734      ;
; 0.514 ; cordic_top:CORDIC|cordic_stage:pipeline_gen[19].stage_inst|x_out[31] ; cordic_top:CORDIC|cordic_stage:pipeline_gen[20].stage_inst|x_out[31]                                    ; clk          ; clk         ; 0.000        ; 0.062      ; 0.733      ;
; 0.515 ; cordic_top:CORDIC|cordic_stage:pipeline_gen[8].stage_inst|z_out[2]   ; cordic_top:CORDIC|cordic_stage:pipeline_gen[9].stage_inst|z_out[2]                                      ; clk          ; clk         ; 0.000        ; 0.063      ; 0.735      ;
; 0.516 ; frequency_tracker_sync:comb_3|ttl_r1                                 ; frequency_tracker_sync:comb_3|ttl_r2                                                                    ; clk          ; clk         ; 0.000        ; 0.063      ; 0.736      ;
; 0.517 ; cordic_top:CORDIC|cordic_stage:pipeline_gen[15].stage_inst|x_out[31] ; cordic_top:CORDIC|cordic_stage:pipeline_gen[16].stage_inst|x_out[31]                                    ; clk          ; clk         ; 0.000        ; 0.062      ; 0.736      ;
; 0.520 ; spi_interface:afe|dataout[1]                                         ; data_delay_block:delay|data_out[1]                                                                      ; clk          ; clk         ; 0.000        ; 0.063      ; 0.740      ;
; 0.520 ; cordic_top:CORDIC|cordic_stage:pipeline_gen[18].stage_inst|z_out[31] ; cordic_top:CORDIC|cordic_stage:pipeline_gen[19].stage_inst|z_out[31]                                    ; clk          ; clk         ; 0.000        ; 0.062      ; 0.739      ;
; 0.520 ; cordic_top:CORDIC|cordic_stage:pipeline_gen[24].stage_inst|z_out[31] ; cordic_top:CORDIC|cordic_stage:pipeline_gen[25].stage_inst|z_out[31]                                    ; clk          ; clk         ; 0.000        ; 0.062      ; 0.739      ;
; 0.522 ; integrate_and_dump:sine_filter|accumlator[39]                        ; integrate_and_dump:sine_filter|accumlator[39]                                                           ; clk          ; clk         ; 0.000        ; 0.062      ; 0.741      ;
; 0.522 ; integrate_and_dump:sine_filter|sample_count[31]                      ; integrate_and_dump:sine_filter|N_sample[31]                                                             ; clk          ; clk         ; 0.000        ; 0.062      ; 0.741      ;
; 0.523 ; spi_interface:afe|dataout[2]                                         ; data_delay_block:delay|data_out[2]                                                                      ; clk          ; clk         ; 0.000        ; 0.062      ; 0.742      ;
; 0.525 ; spi_interface:afe|dataout[5]                                         ; data_delay_block:delay|data_out[5]                                                                      ; clk          ; clk         ; 0.000        ; 0.062      ; 0.744      ;
; 0.526 ; integrate_and_dump:sine_filter|sample_count[27]                      ; integrate_and_dump:sine_filter|N_sample[27]                                                             ; clk          ; clk         ; 0.000        ; 0.062      ; 0.745      ;
; 0.528 ; integrate_and_dump:sine_filter|sample_count[24]                      ; integrate_and_dump:sine_filter|N_sample[24]                                                             ; clk          ; clk         ; 0.000        ; 0.063      ; 0.748      ;
; 0.533 ; integrate_and_dump:sine_filter|sample_count[17]                      ; integrate_and_dump:sine_filter|N_sample[17]                                                             ; clk          ; clk         ; 0.000        ; 0.063      ; 0.753      ;
; 0.533 ; integrate_and_dump:sine_filter|sample_count[19]                      ; integrate_and_dump:sine_filter|N_sample[19]                                                             ; clk          ; clk         ; 0.000        ; 0.063      ; 0.753      ;
; 0.536 ; cordic_top:CORDIC|cordic_stage:pipeline_gen[2].stage_inst|valid_out  ; cordic_top:CORDIC|cordic_stage:pipeline_gen[3].stage_inst|valid_out                                     ; clk          ; clk         ; 0.000        ; 0.062      ; 0.755      ;
; 0.536 ; cordic_top:CORDIC|cordic_stage:pipeline_gen[4].stage_inst|valid_out  ; cordic_top:CORDIC|cordic_stage:pipeline_gen[5].stage_inst|valid_out                                     ; clk          ; clk         ; 0.000        ; 0.062      ; 0.755      ;
; 0.536 ; cordic_top:CORDIC|cordic_stage:pipeline_gen[19].stage_inst|valid_out ; cordic_top:CORDIC|cordic_stage:pipeline_gen[20].stage_inst|valid_out                                    ; clk          ; clk         ; 0.000        ; 0.062      ; 0.755      ;
; 0.537 ; spi_interface:afe|dataout[0]                                         ; data_delay_block:delay|data_out[0]                                                                      ; clk          ; clk         ; 0.000        ; 0.063      ; 0.757      ;
; 0.538 ; cordic_top:CORDIC|cordic_stage:pipeline_gen[8].stage_inst|valid_out  ; cordic_top:CORDIC|cordic_stage:pipeline_gen[9].stage_inst|valid_out                                     ; clk          ; clk         ; 0.000        ; 0.062      ; 0.757      ;
; 0.538 ; cordic_top:CORDIC|cordic_stage:pipeline_gen[13].stage_inst|valid_out ; cordic_top:CORDIC|cordic_stage:pipeline_gen[14].stage_inst|valid_out                                    ; clk          ; clk         ; 0.000        ; 0.063      ; 0.758      ;
; 0.539 ; cordic_top:CORDIC|cordic_stage:pipeline_gen[17].stage_inst|z_out[2]  ; cordic_top:CORDIC|cordic_stage:pipeline_gen[18].stage_inst|z_out[2]                                     ; clk          ; clk         ; 0.000        ; 0.061      ; 0.757      ;
; 0.546 ; integrate_and_dump:sine_filter|sample_count[28]                      ; integrate_and_dump:sine_filter|N_sample[28]                                                             ; clk          ; clk         ; 0.000        ; 0.062      ; 0.765      ;
; 0.547 ; integrate_and_dump:sine_filter|sample_count[30]                      ; integrate_and_dump:sine_filter|N_sample[30]                                                             ; clk          ; clk         ; 0.000        ; 0.062      ; 0.766      ;
; 0.549 ; lut_sincos:dds|phase[3]                                              ; lut_sincos:dds|phase[3]                                                                                 ; clk          ; clk         ; 0.000        ; 0.062      ; 0.768      ;
; 0.549 ; lut_sincos:dds|phase[6]                                              ; lut_sincos:dds|phase[6]                                                                                 ; clk          ; clk         ; 0.000        ; 0.062      ; 0.768      ;
; 0.549 ; lut_sincos:dds|phase[13]                                             ; lut_sincos:dds|phase[13]                                                                                ; clk          ; clk         ; 0.000        ; 0.062      ; 0.768      ;
; 0.549 ; lut_sincos:dds|phase[15]                                             ; lut_sincos:dds|phase[15]                                                                                ; clk          ; clk         ; 0.000        ; 0.062      ; 0.768      ;
; 0.549 ; lut_sincos:dds|phase[16]                                             ; lut_sincos:dds|phase[16]                                                                                ; clk          ; clk         ; 0.000        ; 0.062      ; 0.768      ;
; 0.549 ; integrate_and_dump:cosine_filter|accumlator[2]                       ; integrate_and_dump:cosine_filter|accumlator[2]                                                          ; clk          ; clk         ; 0.000        ; 0.062      ; 0.768      ;
; 0.549 ; integrate_and_dump:cosine_filter|accumlator[9]                       ; integrate_and_dump:cosine_filter|accumlator[9]                                                          ; clk          ; clk         ; 0.000        ; 0.062      ; 0.768      ;
; 0.549 ; integrate_and_dump:sine_filter|accumlator[1]                         ; integrate_and_dump:sine_filter|accumlator[1]                                                            ; clk          ; clk         ; 0.000        ; 0.063      ; 0.769      ;
; 0.549 ; integrate_and_dump:sine_filter|accumlator[7]                         ; integrate_and_dump:sine_filter|accumlator[7]                                                            ; clk          ; clk         ; 0.000        ; 0.063      ; 0.769      ;
; 0.549 ; integrate_and_dump:sine_filter|accumlator[8]                         ; integrate_and_dump:sine_filter|accumlator[8]                                                            ; clk          ; clk         ; 0.000        ; 0.063      ; 0.769      ;
; 0.550 ; lut_sincos:dds|phase[2]                                              ; lut_sincos:dds|phase[2]                                                                                 ; clk          ; clk         ; 0.000        ; 0.062      ; 0.769      ;
; 0.550 ; lut_sincos:dds|phase[5]                                              ; lut_sincos:dds|phase[5]                                                                                 ; clk          ; clk         ; 0.000        ; 0.062      ; 0.769      ;
; 0.550 ; lut_sincos:dds|phase[11]                                             ; lut_sincos:dds|phase[11]                                                                                ; clk          ; clk         ; 0.000        ; 0.062      ; 0.769      ;
; 0.550 ; lut_sincos:dds|phase[14]                                             ; lut_sincos:dds|phase[14]                                                                                ; clk          ; clk         ; 0.000        ; 0.062      ; 0.769      ;
; 0.550 ; lut_sincos:dds|phase[19]                                             ; lut_sincos:dds|phase[19]                                                                                ; clk          ; clk         ; 0.000        ; 0.062      ; 0.769      ;
; 0.550 ; lut_sincos:dds|phase[21]                                             ; lut_sincos:dds|phase[21]                                                                                ; clk          ; clk         ; 0.000        ; 0.062      ; 0.769      ;
; 0.550 ; integrate_and_dump:cosine_filter|accumlator[1]                       ; integrate_and_dump:cosine_filter|accumlator[1]                                                          ; clk          ; clk         ; 0.000        ; 0.062      ; 0.769      ;
; 0.550 ; integrate_and_dump:cosine_filter|accumlator[7]                       ; integrate_and_dump:cosine_filter|accumlator[7]                                                          ; clk          ; clk         ; 0.000        ; 0.062      ; 0.769      ;
; 0.550 ; integrate_and_dump:sine_filter|accumlator[4]                         ; integrate_and_dump:sine_filter|accumlator[4]                                                            ; clk          ; clk         ; 0.000        ; 0.063      ; 0.770      ;
; 0.550 ; integrate_and_dump:sine_filter|accumlator[6]                         ; integrate_and_dump:sine_filter|accumlator[6]                                                            ; clk          ; clk         ; 0.000        ; 0.063      ; 0.770      ;
; 0.551 ; lut_sincos:dds|phase[1]                                              ; lut_sincos:dds|phase[1]                                                                                 ; clk          ; clk         ; 0.000        ; 0.062      ; 0.770      ;
; 0.551 ; lut_sincos:dds|phase[4]                                              ; lut_sincos:dds|phase[4]                                                                                 ; clk          ; clk         ; 0.000        ; 0.062      ; 0.770      ;
; 0.551 ; lut_sincos:dds|phase[12]                                             ; lut_sincos:dds|phase[12]                                                                                ; clk          ; clk         ; 0.000        ; 0.062      ; 0.770      ;
; 0.551 ; lut_sincos:dds|phase[18]                                             ; lut_sincos:dds|phase[18]                                                                                ; clk          ; clk         ; 0.000        ; 0.062      ; 0.770      ;
; 0.551 ; integrate_and_dump:cosine_filter|accumlator[4]                       ; integrate_and_dump:cosine_filter|accumlator[4]                                                          ; clk          ; clk         ; 0.000        ; 0.062      ; 0.770      ;
; 0.551 ; integrate_and_dump:cosine_filter|accumlator[6]                       ; integrate_and_dump:cosine_filter|accumlator[6]                                                          ; clk          ; clk         ; 0.000        ; 0.062      ; 0.770      ;
; 0.552 ; lut_sincos:dds|phase[8]                                              ; lut_sincos:dds|phase[8]                                                                                 ; clk          ; clk         ; 0.000        ; 0.062      ; 0.771      ;
; 0.552 ; lut_sincos:dds|phase[10]                                             ; lut_sincos:dds|phase[10]                                                                                ; clk          ; clk         ; 0.000        ; 0.062      ; 0.771      ;
; 0.552 ; lut_sincos:dds|phase[17]                                             ; lut_sincos:dds|phase[17]                                                                                ; clk          ; clk         ; 0.000        ; 0.062      ; 0.771      ;
; 0.552 ; lut_sincos:dds|phase[20]                                             ; lut_sincos:dds|phase[20]                                                                                ; clk          ; clk         ; 0.000        ; 0.062      ; 0.771      ;
; 0.552 ; integrate_and_dump:sine_filter|accumlator[3]                         ; integrate_and_dump:sine_filter|accumlator[3]                                                            ; clk          ; clk         ; 0.000        ; 0.063      ; 0.772      ;
; 0.552 ; integrate_and_dump:sine_filter|accumlator[5]                         ; integrate_and_dump:sine_filter|accumlator[5]                                                            ; clk          ; clk         ; 0.000        ; 0.063      ; 0.772      ;
; 0.553 ; lut_sincos:dds|phase[9]                                              ; lut_sincos:dds|phase[9]                                                                                 ; clk          ; clk         ; 0.000        ; 0.062      ; 0.772      ;
; 0.553 ; integrate_and_dump:cosine_filter|accumlator[5]                       ; integrate_and_dump:cosine_filter|accumlator[5]                                                          ; clk          ; clk         ; 0.000        ; 0.062      ; 0.772      ;
; 0.554 ; lut_sincos:dds|phase[7]                                              ; lut_sincos:dds|phase[7]                                                                                 ; clk          ; clk         ; 0.000        ; 0.062      ; 0.773      ;
; 0.560 ; lut_sincos:dds|phase[0]                                              ; lut_sincos:dds|phase[0]                                                                                 ; clk          ; clk         ; 0.000        ; 0.062      ; 0.779      ;
; 0.561 ; integrate_and_dump:sine_filter|accumlator[0]                         ; integrate_and_dump:sine_filter|accumlator[0]                                                            ; clk          ; clk         ; 0.000        ; 0.063      ; 0.781      ;
; 0.567 ; integrate_and_dump:sine_filter|sample_count[3]                       ; integrate_and_dump:sine_filter|sample_count[3]                                                          ; clk          ; clk         ; 0.000        ; 0.063      ; 0.787      ;
; 0.567 ; integrate_and_dump:sine_filter|sample_count[13]                      ; integrate_and_dump:sine_filter|sample_count[13]                                                         ; clk          ; clk         ; 0.000        ; 0.063      ; 0.787      ;
; 0.567 ; integrate_and_dump:sine_filter|sample_count[15]                      ; integrate_and_dump:sine_filter|sample_count[15]                                                         ; clk          ; clk         ; 0.000        ; 0.063      ; 0.787      ;
; 0.567 ; integrate_and_dump:sine_filter|accumlator[11]                        ; integrate_and_dump:sine_filter|accumlator[11]                                                           ; clk          ; clk         ; 0.000        ; 0.063      ; 0.787      ;
; 0.568 ; frequency_tracker_sync:comb_3|period_cnt[3]                          ; frequency_tracker_sync:comb_3|period_cnt[3]                                                             ; clk          ; clk         ; 0.000        ; 0.062      ; 0.787      ;
; 0.568 ; frequency_tracker_sync:comb_3|period_cnt[13]                         ; frequency_tracker_sync:comb_3|period_cnt[13]                                                            ; clk          ; clk         ; 0.000        ; 0.062      ; 0.787      ;
; 0.568 ; frequency_tracker_sync:comb_3|period_cnt[15]                         ; frequency_tracker_sync:comb_3|period_cnt[15]                                                            ; clk          ; clk         ; 0.000        ; 0.062      ; 0.787      ;
; 0.568 ; integrate_and_dump:sine_filter|sample_count[1]                       ; integrate_and_dump:sine_filter|sample_count[1]                                                          ; clk          ; clk         ; 0.000        ; 0.063      ; 0.788      ;
; 0.568 ; integrate_and_dump:sine_filter|sample_count[5]                       ; integrate_and_dump:sine_filter|sample_count[5]                                                          ; clk          ; clk         ; 0.000        ; 0.063      ; 0.788      ;
; 0.568 ; integrate_and_dump:sine_filter|sample_count[11]                      ; integrate_and_dump:sine_filter|sample_count[11]                                                         ; clk          ; clk         ; 0.000        ; 0.063      ; 0.788      ;
; 0.568 ; integrate_and_dump:cosine_filter|accumlator[11]                      ; integrate_and_dump:cosine_filter|accumlator[11]                                                         ; clk          ; clk         ; 0.000        ; 0.062      ; 0.787      ;
+-------+----------------------------------------------------------------------+---------------------------------------------------------------------------------------------------------+--------------+-------------+--------------+------------+------------+


+-----------------------------------------------------------------------------------------------------------------------------------------------------------------------------------------------------------------------------+
; Slow 1200mV 85C Model Hold: 'p_ll|altpll_component|auto_generated|pll1|clk[0]'                                                                                                                                              ;
+-------+---------------------------------+------------------------------------+--------------------------------------------------+--------------------------------------------------+--------------+------------+------------+
; Slack ; From Node                       ; To Node                            ; Launch Clock                                     ; Latch Clock                                      ; Relationship ; Clock Skew ; Data Delay ;
+-------+---------------------------------+------------------------------------+--------------------------------------------------+--------------------------------------------------+--------------+------------+------------+
; 0.358 ; spi_interface:afe|count[1]      ; spi_interface:afe|count[1]         ; p_ll|altpll_component|auto_generated|pll1|clk[0] ; p_ll|altpll_component|auto_generated|pll1|clk[0] ; 0.000        ; 0.062      ; 0.577      ;
; 0.358 ; spi_interface:afe|count[2]      ; spi_interface:afe|count[2]         ; p_ll|altpll_component|auto_generated|pll1|clk[0] ; p_ll|altpll_component|auto_generated|pll1|clk[0] ; 0.000        ; 0.062      ; 0.577      ;
; 0.358 ; spi_interface:afe|count[3]      ; spi_interface:afe|count[3]         ; p_ll|altpll_component|auto_generated|pll1|clk[0] ; p_ll|altpll_component|auto_generated|pll1|clk[0] ; 0.000        ; 0.062      ; 0.577      ;
; 0.358 ; spi_interface:afe|data_temp[11] ; spi_interface:afe|data_temp[11]    ; p_ll|altpll_component|auto_generated|pll1|clk[0] ; p_ll|altpll_component|auto_generated|pll1|clk[0] ; 0.000        ; 0.062      ; 0.577      ;
; 0.358 ; spi_interface:afe|data_temp[10] ; spi_interface:afe|data_temp[10]    ; p_ll|altpll_component|auto_generated|pll1|clk[0] ; p_ll|altpll_component|auto_generated|pll1|clk[0] ; 0.000        ; 0.062      ; 0.577      ;
; 0.358 ; spi_interface:afe|data_temp[9]  ; spi_interface:afe|data_temp[9]     ; p_ll|altpll_component|auto_generated|pll1|clk[0] ; p_ll|altpll_component|auto_generated|pll1|clk[0] ; 0.000        ; 0.062      ; 0.577      ;
; 0.358 ; spi_interface:afe|data_temp[8]  ; spi_interface:afe|data_temp[8]     ; p_ll|altpll_component|auto_generated|pll1|clk[0] ; p_ll|altpll_component|auto_generated|pll1|clk[0] ; 0.000        ; 0.062      ; 0.577      ;
; 0.358 ; spi_interface:afe|data_temp[7]  ; spi_interface:afe|data_temp[7]     ; p_ll|altpll_component|auto_generated|pll1|clk[0] ; p_ll|altpll_component|auto_generated|pll1|clk[0] ; 0.000        ; 0.062      ; 0.577      ;
; 0.358 ; spi_interface:afe|data_temp[6]  ; spi_interface:afe|data_temp[6]     ; p_ll|altpll_component|auto_generated|pll1|clk[0] ; p_ll|altpll_component|auto_generated|pll1|clk[0] ; 0.000        ; 0.062      ; 0.577      ;
; 0.358 ; spi_interface:afe|data_temp[5]  ; spi_interface:afe|data_temp[5]     ; p_ll|altpll_component|auto_generated|pll1|clk[0] ; p_ll|altpll_component|auto_generated|pll1|clk[0] ; 0.000        ; 0.062      ; 0.577      ;
; 0.358 ; spi_interface:afe|data_temp[4]  ; spi_interface:afe|data_temp[4]     ; p_ll|altpll_component|auto_generated|pll1|clk[0] ; p_ll|altpll_component|auto_generated|pll1|clk[0] ; 0.000        ; 0.062      ; 0.577      ;
; 0.358 ; spi_interface:afe|data_temp[3]  ; spi_interface:afe|data_temp[3]     ; p_ll|altpll_component|auto_generated|pll1|clk[0] ; p_ll|altpll_component|auto_generated|pll1|clk[0] ; 0.000        ; 0.062      ; 0.577      ;
; 0.358 ; spi_interface:afe|data_temp[2]  ; spi_interface:afe|data_temp[2]     ; p_ll|altpll_component|auto_generated|pll1|clk[0] ; p_ll|altpll_component|auto_generated|pll1|clk[0] ; 0.000        ; 0.062      ; 0.577      ;
; 0.358 ; spi_interface:afe|data_temp[1]  ; spi_interface:afe|data_temp[1]     ; p_ll|altpll_component|auto_generated|pll1|clk[0] ; p_ll|altpll_component|auto_generated|pll1|clk[0] ; 0.000        ; 0.062      ; 0.577      ;
; 0.358 ; spi_interface:afe|cs            ; spi_interface:afe|cs               ; p_ll|altpll_component|auto_generated|pll1|clk[0] ; p_ll|altpll_component|auto_generated|pll1|clk[0] ; 0.000        ; 0.062      ; 0.577      ;
; 0.361 ; spi_interface:afe|count[0]      ; spi_interface:afe|count[0]         ; p_ll|altpll_component|auto_generated|pll1|clk[0] ; p_ll|altpll_component|auto_generated|pll1|clk[0] ; 0.000        ; 0.062      ; 0.580      ;
; 0.406 ; spi_interface:afe|idle_state    ; spi_interface:afe|valid_slow       ; p_ll|altpll_component|auto_generated|pll1|clk[0] ; p_ll|altpll_component|auto_generated|pll1|clk[0] ; 0.000        ; 0.062      ; 0.625      ;
; 0.406 ; spi_interface:afe|idle_state    ; spi_interface:afe|count[3]         ; p_ll|altpll_component|auto_generated|pll1|clk[0] ; p_ll|altpll_component|auto_generated|pll1|clk[0] ; 0.000        ; 0.062      ; 0.625      ;
; 0.407 ; spi_interface:afe|idle_state    ; spi_interface:afe|count[0]         ; p_ll|altpll_component|auto_generated|pll1|clk[0] ; p_ll|altpll_component|auto_generated|pll1|clk[0] ; 0.000        ; 0.062      ; 0.626      ;
; 0.408 ; spi_interface:afe|idle_state    ; spi_interface:afe|count[2]         ; p_ll|altpll_component|auto_generated|pll1|clk[0] ; p_ll|altpll_component|auto_generated|pll1|clk[0] ; 0.000        ; 0.062      ; 0.627      ;
; 0.408 ; spi_interface:afe|idle_state    ; spi_interface:afe|cs               ; p_ll|altpll_component|auto_generated|pll1|clk[0] ; p_ll|altpll_component|auto_generated|pll1|clk[0] ; 0.000        ; 0.062      ; 0.627      ;
; 0.409 ; spi_interface:afe|idle_state    ; spi_interface:afe|count[1]         ; p_ll|altpll_component|auto_generated|pll1|clk[0] ; p_ll|altpll_component|auto_generated|pll1|clk[0] ; 0.000        ; 0.062      ; 0.628      ;
; 0.515 ; spi_interface:afe|data_temp[9]  ; spi_interface:afe|dataout_slow[9]  ; p_ll|altpll_component|auto_generated|pll1|clk[0] ; p_ll|altpll_component|auto_generated|pll1|clk[0] ; 0.000        ; 0.063      ; 0.735      ;
; 0.517 ; spi_interface:afe|data_temp[7]  ; spi_interface:afe|dataout_slow[7]  ; p_ll|altpll_component|auto_generated|pll1|clk[0] ; p_ll|altpll_component|auto_generated|pll1|clk[0] ; 0.000        ; 0.063      ; 0.737      ;
; 0.534 ; spi_interface:afe|data_temp[8]  ; spi_interface:afe|dataout_slow[8]  ; p_ll|altpll_component|auto_generated|pll1|clk[0] ; p_ll|altpll_component|auto_generated|pll1|clk[0] ; 0.000        ; 0.063      ; 0.754      ;
; 0.604 ; spi_interface:afe|count[2]      ; spi_interface:afe|count[3]         ; p_ll|altpll_component|auto_generated|pll1|clk[0] ; p_ll|altpll_component|auto_generated|pll1|clk[0] ; 0.000        ; 0.062      ; 0.823      ;
; 0.652 ; spi_interface:afe|data_temp[10] ; spi_interface:afe|dataout_slow[10] ; p_ll|altpll_component|auto_generated|pll1|clk[0] ; p_ll|altpll_component|auto_generated|pll1|clk[0] ; 0.000        ; 0.063      ; 0.872      ;
; 0.710 ; spi_interface:afe|data_temp[3]  ; spi_interface:afe|dataout_slow[3]  ; p_ll|altpll_component|auto_generated|pll1|clk[0] ; p_ll|altpll_component|auto_generated|pll1|clk[0] ; 0.000        ; 0.063      ; 0.930      ;
; 0.711 ; spi_interface:afe|count[0]      ; spi_interface:afe|data_temp[2]     ; p_ll|altpll_component|auto_generated|pll1|clk[0] ; p_ll|altpll_component|auto_generated|pll1|clk[0] ; 0.000        ; 0.062      ; 0.930      ;
; 0.713 ; spi_interface:afe|count[0]      ; spi_interface:afe|data_temp[3]     ; p_ll|altpll_component|auto_generated|pll1|clk[0] ; p_ll|altpll_component|auto_generated|pll1|clk[0] ; 0.000        ; 0.062      ; 0.932      ;
; 0.718 ; spi_interface:afe|count[0]      ; spi_interface:afe|data_temp[1]     ; p_ll|altpll_component|auto_generated|pll1|clk[0] ; p_ll|altpll_component|auto_generated|pll1|clk[0] ; 0.000        ; 0.062      ; 0.937      ;
; 0.733 ; spi_interface:afe|count[0]      ; spi_interface:afe|count[1]         ; p_ll|altpll_component|auto_generated|pll1|clk[0] ; p_ll|altpll_component|auto_generated|pll1|clk[0] ; 0.000        ; 0.062      ; 0.952      ;
; 0.755 ; spi_interface:afe|data_temp[6]  ; spi_interface:afe|dataout_slow[6]  ; p_ll|altpll_component|auto_generated|pll1|clk[0] ; p_ll|altpll_component|auto_generated|pll1|clk[0] ; 0.000        ; 0.062      ; 0.974      ;
; 0.759 ; spi_interface:afe|data_temp[1]  ; spi_interface:afe|dataout_slow[1]  ; p_ll|altpll_component|auto_generated|pll1|clk[0] ; p_ll|altpll_component|auto_generated|pll1|clk[0] ; 0.000        ; 0.063      ; 0.979      ;
; 0.777 ; spi_interface:afe|data_temp[5]  ; spi_interface:afe|dataout_slow[5]  ; p_ll|altpll_component|auto_generated|pll1|clk[0] ; p_ll|altpll_component|auto_generated|pll1|clk[0] ; 0.000        ; 0.062      ; 0.996      ;
; 0.810 ; spi_interface:afe|count[3]      ; spi_interface:afe|data_temp[3]     ; p_ll|altpll_component|auto_generated|pll1|clk[0] ; p_ll|altpll_component|auto_generated|pll1|clk[0] ; 0.000        ; 0.062      ; 1.029      ;
; 0.813 ; spi_interface:afe|count[3]      ; spi_interface:afe|data_temp[2]     ; p_ll|altpll_component|auto_generated|pll1|clk[0] ; p_ll|altpll_component|auto_generated|pll1|clk[0] ; 0.000        ; 0.062      ; 1.032      ;
; 0.813 ; spi_interface:afe|count[3]      ; spi_interface:afe|data_temp[1]     ; p_ll|altpll_component|auto_generated|pll1|clk[0] ; p_ll|altpll_component|auto_generated|pll1|clk[0] ; 0.000        ; 0.062      ; 1.032      ;
; 0.819 ; spi_interface:afe|idle_state    ; spi_interface:afe|idle_state       ; p_ll|altpll_component|auto_generated|pll1|clk[0] ; p_ll|altpll_component|auto_generated|pll1|clk[0] ; 0.000        ; 0.062      ; 1.038      ;
; 0.901 ; spi_interface:afe|count[0]      ; spi_interface:afe|data_temp[10]    ; p_ll|altpll_component|auto_generated|pll1|clk[0] ; p_ll|altpll_component|auto_generated|pll1|clk[0] ; 0.000        ; 0.063      ; 1.121      ;
; 0.903 ; spi_interface:afe|count[0]      ; spi_interface:afe|data_temp[8]     ; p_ll|altpll_component|auto_generated|pll1|clk[0] ; p_ll|altpll_component|auto_generated|pll1|clk[0] ; 0.000        ; 0.063      ; 1.123      ;
; 0.907 ; spi_interface:afe|count[0]      ; spi_interface:afe|data_temp[4]     ; p_ll|altpll_component|auto_generated|pll1|clk[0] ; p_ll|altpll_component|auto_generated|pll1|clk[0] ; 0.000        ; 0.063      ; 1.127      ;
; 0.909 ; spi_interface:afe|count[0]      ; spi_interface:afe|data_temp[5]     ; p_ll|altpll_component|auto_generated|pll1|clk[0] ; p_ll|altpll_component|auto_generated|pll1|clk[0] ; 0.000        ; 0.063      ; 1.129      ;
; 0.910 ; spi_interface:afe|count[2]      ; spi_interface:afe|data_temp[2]     ; p_ll|altpll_component|auto_generated|pll1|clk[0] ; p_ll|altpll_component|auto_generated|pll1|clk[0] ; 0.000        ; 0.062      ; 1.129      ;
; 0.922 ; spi_interface:afe|count[0]      ; spi_interface:afe|valid_slow       ; p_ll|altpll_component|auto_generated|pll1|clk[0] ; p_ll|altpll_component|auto_generated|pll1|clk[0] ; 0.000        ; 0.062      ; 1.141      ;
; 0.924 ; spi_interface:afe|count[0]      ; spi_interface:afe|cs               ; p_ll|altpll_component|auto_generated|pll1|clk[0] ; p_ll|altpll_component|auto_generated|pll1|clk[0] ; 0.000        ; 0.062      ; 1.143      ;
; 0.926 ; spi_interface:afe|count[0]      ; spi_interface:afe|count[2]         ; p_ll|altpll_component|auto_generated|pll1|clk[0] ; p_ll|altpll_component|auto_generated|pll1|clk[0] ; 0.000        ; 0.062      ; 1.145      ;
; 0.929 ; spi_interface:afe|data_temp[4]  ; spi_interface:afe|dataout_slow[4]  ; p_ll|altpll_component|auto_generated|pll1|clk[0] ; p_ll|altpll_component|auto_generated|pll1|clk[0] ; 0.000        ; 0.062      ; 1.148      ;
; 0.933 ; spi_interface:afe|count[1]      ; spi_interface:afe|data_temp[1]     ; p_ll|altpll_component|auto_generated|pll1|clk[0] ; p_ll|altpll_component|auto_generated|pll1|clk[0] ; 0.000        ; 0.062      ; 1.152      ;
; 0.934 ; spi_interface:afe|data_temp[11] ; spi_interface:afe|dataout_slow[11] ; p_ll|altpll_component|auto_generated|pll1|clk[0] ; p_ll|altpll_component|auto_generated|pll1|clk[0] ; 0.000        ; 0.062      ; 1.153      ;
; 0.935 ; spi_interface:afe|data_temp[2]  ; spi_interface:afe|dataout_slow[2]  ; p_ll|altpll_component|auto_generated|pll1|clk[0] ; p_ll|altpll_component|auto_generated|pll1|clk[0] ; 0.000        ; 0.063      ; 1.155      ;
; 0.935 ; spi_interface:afe|count[2]      ; spi_interface:afe|data_temp[1]     ; p_ll|altpll_component|auto_generated|pll1|clk[0] ; p_ll|altpll_component|auto_generated|pll1|clk[0] ; 0.000        ; 0.062      ; 1.154      ;
; 0.941 ; spi_interface:afe|count[2]      ; spi_interface:afe|data_temp[3]     ; p_ll|altpll_component|auto_generated|pll1|clk[0] ; p_ll|altpll_component|auto_generated|pll1|clk[0] ; 0.000        ; 0.062      ; 1.160      ;
; 0.946 ; spi_interface:afe|count[1]      ; spi_interface:afe|data_temp[2]     ; p_ll|altpll_component|auto_generated|pll1|clk[0] ; p_ll|altpll_component|auto_generated|pll1|clk[0] ; 0.000        ; 0.062      ; 1.165      ;
; 0.983 ; spi_interface:afe|count[1]      ; spi_interface:afe|data_temp[3]     ; p_ll|altpll_component|auto_generated|pll1|clk[0] ; p_ll|altpll_component|auto_generated|pll1|clk[0] ; 0.000        ; 0.062      ; 1.202      ;
; 1.010 ; spi_interface:afe|count[2]      ; spi_interface:afe|data_temp[8]     ; p_ll|altpll_component|auto_generated|pll1|clk[0] ; p_ll|altpll_component|auto_generated|pll1|clk[0] ; 0.000        ; 0.063      ; 1.230      ;
; 1.014 ; spi_interface:afe|count[2]      ; spi_interface:afe|data_temp[10]    ; p_ll|altpll_component|auto_generated|pll1|clk[0] ; p_ll|altpll_component|auto_generated|pll1|clk[0] ; 0.000        ; 0.063      ; 1.234      ;
; 1.015 ; spi_interface:afe|count[2]      ; spi_interface:afe|data_temp[5]     ; p_ll|altpll_component|auto_generated|pll1|clk[0] ; p_ll|altpll_component|auto_generated|pll1|clk[0] ; 0.000        ; 0.063      ; 1.235      ;
; 1.018 ; spi_interface:afe|count[2]      ; spi_interface:afe|data_temp[4]     ; p_ll|altpll_component|auto_generated|pll1|clk[0] ; p_ll|altpll_component|auto_generated|pll1|clk[0] ; 0.000        ; 0.063      ; 1.238      ;
; 1.024 ; spi_interface:afe|count[3]      ; spi_interface:afe|count[1]         ; p_ll|altpll_component|auto_generated|pll1|clk[0] ; p_ll|altpll_component|auto_generated|pll1|clk[0] ; 0.000        ; 0.062      ; 1.243      ;
; 1.025 ; spi_interface:afe|count[3]      ; spi_interface:afe|valid_slow       ; p_ll|altpll_component|auto_generated|pll1|clk[0] ; p_ll|altpll_component|auto_generated|pll1|clk[0] ; 0.000        ; 0.062      ; 1.244      ;
; 1.027 ; spi_interface:afe|count[3]      ; spi_interface:afe|cs               ; p_ll|altpll_component|auto_generated|pll1|clk[0] ; p_ll|altpll_component|auto_generated|pll1|clk[0] ; 0.000        ; 0.062      ; 1.246      ;
; 1.027 ; spi_interface:afe|count[3]      ; spi_interface:afe|count[0]         ; p_ll|altpll_component|auto_generated|pll1|clk[0] ; p_ll|altpll_component|auto_generated|pll1|clk[0] ; 0.000        ; 0.062      ; 1.246      ;
; 1.029 ; spi_interface:afe|count[3]      ; spi_interface:afe|count[2]         ; p_ll|altpll_component|auto_generated|pll1|clk[0] ; p_ll|altpll_component|auto_generated|pll1|clk[0] ; 0.000        ; 0.062      ; 1.248      ;
; 1.034 ; spi_interface:afe|count[0]      ; spi_interface:afe|count[3]         ; p_ll|altpll_component|auto_generated|pll1|clk[0] ; p_ll|altpll_component|auto_generated|pll1|clk[0] ; 0.000        ; 0.062      ; 1.253      ;
; 1.104 ; spi_interface:afe|count[1]      ; spi_interface:afe|valid_slow       ; p_ll|altpll_component|auto_generated|pll1|clk[0] ; p_ll|altpll_component|auto_generated|pll1|clk[0] ; 0.000        ; 0.062      ; 1.323      ;
; 1.106 ; spi_interface:afe|count[1]      ; spi_interface:afe|cs               ; p_ll|altpll_component|auto_generated|pll1|clk[0] ; p_ll|altpll_component|auto_generated|pll1|clk[0] ; 0.000        ; 0.062      ; 1.325      ;
; 1.106 ; spi_interface:afe|count[1]      ; spi_interface:afe|count[0]         ; p_ll|altpll_component|auto_generated|pll1|clk[0] ; p_ll|altpll_component|auto_generated|pll1|clk[0] ; 0.000        ; 0.062      ; 1.325      ;
; 1.108 ; spi_interface:afe|count[1]      ; spi_interface:afe|count[2]         ; p_ll|altpll_component|auto_generated|pll1|clk[0] ; p_ll|altpll_component|auto_generated|pll1|clk[0] ; 0.000        ; 0.062      ; 1.327      ;
; 1.110 ; spi_interface:afe|count[2]      ; spi_interface:afe|count[1]         ; p_ll|altpll_component|auto_generated|pll1|clk[0] ; p_ll|altpll_component|auto_generated|pll1|clk[0] ; 0.000        ; 0.062      ; 1.329      ;
; 1.111 ; spi_interface:afe|count[2]      ; spi_interface:afe|valid_slow       ; p_ll|altpll_component|auto_generated|pll1|clk[0] ; p_ll|altpll_component|auto_generated|pll1|clk[0] ; 0.000        ; 0.062      ; 1.330      ;
; 1.113 ; spi_interface:afe|count[3]      ; spi_interface:afe|data_temp[4]     ; p_ll|altpll_component|auto_generated|pll1|clk[0] ; p_ll|altpll_component|auto_generated|pll1|clk[0] ; 0.000        ; 0.063      ; 1.333      ;
; 1.113 ; spi_interface:afe|count[2]      ; spi_interface:afe|cs               ; p_ll|altpll_component|auto_generated|pll1|clk[0] ; p_ll|altpll_component|auto_generated|pll1|clk[0] ; 0.000        ; 0.062      ; 1.332      ;
; 1.113 ; spi_interface:afe|count[2]      ; spi_interface:afe|count[0]         ; p_ll|altpll_component|auto_generated|pll1|clk[0] ; p_ll|altpll_component|auto_generated|pll1|clk[0] ; 0.000        ; 0.062      ; 1.332      ;
; 1.116 ; spi_interface:afe|count[0]      ; spi_interface:afe|data_temp[11]    ; p_ll|altpll_component|auto_generated|pll1|clk[0] ; p_ll|altpll_component|auto_generated|pll1|clk[0] ; 0.000        ; 0.063      ; 1.336      ;
; 1.128 ; spi_interface:afe|count[0]      ; spi_interface:afe|data_temp[7]     ; p_ll|altpll_component|auto_generated|pll1|clk[0] ; p_ll|altpll_component|auto_generated|pll1|clk[0] ; 0.000        ; 0.063      ; 1.348      ;
; 1.131 ; spi_interface:afe|count[0]      ; spi_interface:afe|data_temp[9]     ; p_ll|altpll_component|auto_generated|pll1|clk[0] ; p_ll|altpll_component|auto_generated|pll1|clk[0] ; 0.000        ; 0.063      ; 1.351      ;
; 1.140 ; spi_interface:afe|count[1]      ; spi_interface:afe|count[3]         ; p_ll|altpll_component|auto_generated|pll1|clk[0] ; p_ll|altpll_component|auto_generated|pll1|clk[0] ; 0.000        ; 0.062      ; 1.359      ;
; 1.148 ; spi_interface:afe|count[3]      ; spi_interface:afe|data_temp[10]    ; p_ll|altpll_component|auto_generated|pll1|clk[0] ; p_ll|altpll_component|auto_generated|pll1|clk[0] ; 0.000        ; 0.063      ; 1.368      ;
; 1.168 ; spi_interface:afe|count[3]      ; spi_interface:afe|data_temp[5]     ; p_ll|altpll_component|auto_generated|pll1|clk[0] ; p_ll|altpll_component|auto_generated|pll1|clk[0] ; 0.000        ; 0.063      ; 1.388      ;
; 1.171 ; spi_interface:afe|count[3]      ; spi_interface:afe|data_temp[8]     ; p_ll|altpll_component|auto_generated|pll1|clk[0] ; p_ll|altpll_component|auto_generated|pll1|clk[0] ; 0.000        ; 0.063      ; 1.391      ;
; 1.195 ; spi_interface:afe|count[2]      ; spi_interface:afe|data_temp[11]    ; p_ll|altpll_component|auto_generated|pll1|clk[0] ; p_ll|altpll_component|auto_generated|pll1|clk[0] ; 0.000        ; 0.063      ; 1.415      ;
; 1.199 ; spi_interface:afe|count[2]      ; spi_interface:afe|data_temp[9]     ; p_ll|altpll_component|auto_generated|pll1|clk[0] ; p_ll|altpll_component|auto_generated|pll1|clk[0] ; 0.000        ; 0.063      ; 1.419      ;
; 1.240 ; spi_interface:afe|count[2]      ; spi_interface:afe|data_temp[7]     ; p_ll|altpll_component|auto_generated|pll1|clk[0] ; p_ll|altpll_component|auto_generated|pll1|clk[0] ; 0.000        ; 0.063      ; 1.460      ;
; 1.279 ; spi_interface:afe|count[1]      ; spi_interface:afe|data_temp[4]     ; p_ll|altpll_component|auto_generated|pll1|clk[0] ; p_ll|altpll_component|auto_generated|pll1|clk[0] ; 0.000        ; 0.063      ; 1.499      ;
; 1.289 ; spi_interface:afe|count[1]      ; spi_interface:afe|data_temp[8]     ; p_ll|altpll_component|auto_generated|pll1|clk[0] ; p_ll|altpll_component|auto_generated|pll1|clk[0] ; 0.000        ; 0.063      ; 1.509      ;
; 1.290 ; spi_interface:afe|idle_state    ; spi_interface:afe|clock_out        ; p_ll|altpll_component|auto_generated|pll1|clk[0] ; p_ll|altpll_component|auto_generated|pll1|clk[0] ; 0.000        ; 0.084      ; 1.531      ;
; 1.305 ; spi_interface:afe|count[1]      ; spi_interface:afe|data_temp[10]    ; p_ll|altpll_component|auto_generated|pll1|clk[0] ; p_ll|altpll_component|auto_generated|pll1|clk[0] ; 0.000        ; 0.063      ; 1.525      ;
; 1.326 ; spi_interface:afe|count[1]      ; spi_interface:afe|data_temp[5]     ; p_ll|altpll_component|auto_generated|pll1|clk[0] ; p_ll|altpll_component|auto_generated|pll1|clk[0] ; 0.000        ; 0.063      ; 1.546      ;
; 1.335 ; spi_interface:afe|count[0]      ; spi_interface:afe|idle_state       ; p_ll|altpll_component|auto_generated|pll1|clk[0] ; p_ll|altpll_component|auto_generated|pll1|clk[0] ; 0.000        ; 0.062      ; 1.554      ;
; 1.346 ; spi_interface:afe|count[0]      ; spi_interface:afe|data_temp[6]     ; p_ll|altpll_component|auto_generated|pll1|clk[0] ; p_ll|altpll_component|auto_generated|pll1|clk[0] ; 0.000        ; 0.063      ; 1.566      ;
; 1.367 ; spi_interface:afe|count[3]      ; spi_interface:afe|data_temp[7]     ; p_ll|altpll_component|auto_generated|pll1|clk[0] ; p_ll|altpll_component|auto_generated|pll1|clk[0] ; 0.000        ; 0.063      ; 1.587      ;
; 1.386 ; spi_interface:afe|count[3]      ; spi_interface:afe|data_temp[11]    ; p_ll|altpll_component|auto_generated|pll1|clk[0] ; p_ll|altpll_component|auto_generated|pll1|clk[0] ; 0.000        ; 0.063      ; 1.606      ;
; 1.438 ; spi_interface:afe|count[3]      ; spi_interface:afe|data_temp[9]     ; p_ll|altpll_component|auto_generated|pll1|clk[0] ; p_ll|altpll_component|auto_generated|pll1|clk[0] ; 0.000        ; 0.063      ; 1.658      ;
; 1.438 ; spi_interface:afe|count[3]      ; spi_interface:afe|idle_state       ; p_ll|altpll_component|auto_generated|pll1|clk[0] ; p_ll|altpll_component|auto_generated|pll1|clk[0] ; 0.000        ; 0.062      ; 1.657      ;
; 1.444 ; spi_interface:afe|count[2]      ; spi_interface:afe|data_temp[6]     ; p_ll|altpll_component|auto_generated|pll1|clk[0] ; p_ll|altpll_component|auto_generated|pll1|clk[0] ; 0.000        ; 0.063      ; 1.664      ;
; 1.504 ; spi_interface:afe|count[1]      ; spi_interface:afe|data_temp[9]     ; p_ll|altpll_component|auto_generated|pll1|clk[0] ; p_ll|altpll_component|auto_generated|pll1|clk[0] ; 0.000        ; 0.063      ; 1.724      ;
; 1.517 ; spi_interface:afe|count[1]      ; spi_interface:afe|idle_state       ; p_ll|altpll_component|auto_generated|pll1|clk[0] ; p_ll|altpll_component|auto_generated|pll1|clk[0] ; 0.000        ; 0.062      ; 1.736      ;
; 1.524 ; spi_interface:afe|count[2]      ; spi_interface:afe|idle_state       ; p_ll|altpll_component|auto_generated|pll1|clk[0] ; p_ll|altpll_component|auto_generated|pll1|clk[0] ; 0.000        ; 0.062      ; 1.743      ;
; 1.551 ; spi_interface:afe|count[1]      ; spi_interface:afe|data_temp[11]    ; p_ll|altpll_component|auto_generated|pll1|clk[0] ; p_ll|altpll_component|auto_generated|pll1|clk[0] ; 0.000        ; 0.063      ; 1.771      ;
+-------+---------------------------------+------------------------------------+--------------------------------------------------+--------------------------------------------------+--------------+------------+------------+


+----------------------------------------------------------------------------------------------------------------------------------------------------------------------------------------+
; Slow 1200mV 85C Model Minimum Pulse Width: 'clk'                                                                                                                                       ;
+-------+--------------+----------------+-----------------+-------+------------+---------------------------------------------------------------------------------------------------------+
; Slack ; Actual Width ; Required Width ; Type            ; Clock ; Clock Edge ; Target                                                                                                  ;
+-------+--------------+----------------+-----------------+-------+------------+---------------------------------------------------------------------------------------------------------+
; 9.494 ; 9.788        ; 0.294          ; Low Pulse Width ; clk   ; Rise       ; multiplier:cosine_mix|product[0]                                                                        ;
; 9.494 ; 9.788        ; 0.294          ; Low Pulse Width ; clk   ; Rise       ; multiplier:cosine_mix|product[10]                                                                       ;
; 9.494 ; 9.788        ; 0.294          ; Low Pulse Width ; clk   ; Rise       ; multiplier:cosine_mix|product[11]                                                                       ;
; 9.494 ; 9.788        ; 0.294          ; Low Pulse Width ; clk   ; Rise       ; multiplier:cosine_mix|product[12]                                                                       ;
; 9.494 ; 9.788        ; 0.294          ; Low Pulse Width ; clk   ; Rise       ; multiplier:cosine_mix|product[13]                                                                       ;
; 9.494 ; 9.788        ; 0.294          ; Low Pulse Width ; clk   ; Rise       ; multiplier:cosine_mix|product[14]                                                                       ;
; 9.494 ; 9.788        ; 0.294          ; Low Pulse Width ; clk   ; Rise       ; multiplier:cosine_mix|product[15]                                                                       ;
; 9.494 ; 9.788        ; 0.294          ; Low Pulse Width ; clk   ; Rise       ; multiplier:cosine_mix|product[16]                                                                       ;
; 9.494 ; 9.788        ; 0.294          ; Low Pulse Width ; clk   ; Rise       ; multiplier:cosine_mix|product[17]                                                                       ;
; 9.494 ; 9.788        ; 0.294          ; Low Pulse Width ; clk   ; Rise       ; multiplier:cosine_mix|product[18]                                                                       ;
; 9.494 ; 9.788        ; 0.294          ; Low Pulse Width ; clk   ; Rise       ; multiplier:cosine_mix|product[19]                                                                       ;
; 9.494 ; 9.788        ; 0.294          ; Low Pulse Width ; clk   ; Rise       ; multiplier:cosine_mix|product[1]                                                                        ;
; 9.494 ; 9.788        ; 0.294          ; Low Pulse Width ; clk   ; Rise       ; multiplier:cosine_mix|product[20]                                                                       ;
; 9.494 ; 9.788        ; 0.294          ; Low Pulse Width ; clk   ; Rise       ; multiplier:cosine_mix|product[21]                                                                       ;
; 9.494 ; 9.788        ; 0.294          ; Low Pulse Width ; clk   ; Rise       ; multiplier:cosine_mix|product[22]                                                                       ;
; 9.494 ; 9.788        ; 0.294          ; Low Pulse Width ; clk   ; Rise       ; multiplier:cosine_mix|product[23]                                                                       ;
; 9.494 ; 9.788        ; 0.294          ; Low Pulse Width ; clk   ; Rise       ; multiplier:cosine_mix|product[2]                                                                        ;
; 9.494 ; 9.788        ; 0.294          ; Low Pulse Width ; clk   ; Rise       ; multiplier:cosine_mix|product[3]                                                                        ;
; 9.494 ; 9.788        ; 0.294          ; Low Pulse Width ; clk   ; Rise       ; multiplier:cosine_mix|product[4]                                                                        ;
; 9.494 ; 9.788        ; 0.294          ; Low Pulse Width ; clk   ; Rise       ; multiplier:cosine_mix|product[5]                                                                        ;
; 9.494 ; 9.788        ; 0.294          ; Low Pulse Width ; clk   ; Rise       ; multiplier:cosine_mix|product[6]                                                                        ;
; 9.494 ; 9.788        ; 0.294          ; Low Pulse Width ; clk   ; Rise       ; multiplier:cosine_mix|product[7]                                                                        ;
; 9.494 ; 9.788        ; 0.294          ; Low Pulse Width ; clk   ; Rise       ; multiplier:cosine_mix|product[8]                                                                        ;
; 9.494 ; 9.788        ; 0.294          ; Low Pulse Width ; clk   ; Rise       ; multiplier:cosine_mix|product[9]                                                                        ;
; 9.495 ; 9.789        ; 0.294          ; Low Pulse Width ; clk   ; Rise       ; multiplier:sine_mix|product[0]                                                                          ;
; 9.495 ; 9.789        ; 0.294          ; Low Pulse Width ; clk   ; Rise       ; multiplier:sine_mix|product[10]                                                                         ;
; 9.495 ; 9.789        ; 0.294          ; Low Pulse Width ; clk   ; Rise       ; multiplier:sine_mix|product[11]                                                                         ;
; 9.495 ; 9.789        ; 0.294          ; Low Pulse Width ; clk   ; Rise       ; multiplier:sine_mix|product[12]                                                                         ;
; 9.495 ; 9.789        ; 0.294          ; Low Pulse Width ; clk   ; Rise       ; multiplier:sine_mix|product[13]                                                                         ;
; 9.495 ; 9.789        ; 0.294          ; Low Pulse Width ; clk   ; Rise       ; multiplier:sine_mix|product[14]                                                                         ;
; 9.495 ; 9.789        ; 0.294          ; Low Pulse Width ; clk   ; Rise       ; multiplier:sine_mix|product[15]                                                                         ;
; 9.495 ; 9.789        ; 0.294          ; Low Pulse Width ; clk   ; Rise       ; multiplier:sine_mix|product[16]                                                                         ;
; 9.495 ; 9.789        ; 0.294          ; Low Pulse Width ; clk   ; Rise       ; multiplier:sine_mix|product[17]                                                                         ;
; 9.495 ; 9.789        ; 0.294          ; Low Pulse Width ; clk   ; Rise       ; multiplier:sine_mix|product[18]                                                                         ;
; 9.495 ; 9.789        ; 0.294          ; Low Pulse Width ; clk   ; Rise       ; multiplier:sine_mix|product[19]                                                                         ;
; 9.495 ; 9.789        ; 0.294          ; Low Pulse Width ; clk   ; Rise       ; multiplier:sine_mix|product[1]                                                                          ;
; 9.495 ; 9.789        ; 0.294          ; Low Pulse Width ; clk   ; Rise       ; multiplier:sine_mix|product[20]                                                                         ;
; 9.495 ; 9.789        ; 0.294          ; Low Pulse Width ; clk   ; Rise       ; multiplier:sine_mix|product[21]                                                                         ;
; 9.495 ; 9.789        ; 0.294          ; Low Pulse Width ; clk   ; Rise       ; multiplier:sine_mix|product[22]                                                                         ;
; 9.495 ; 9.789        ; 0.294          ; Low Pulse Width ; clk   ; Rise       ; multiplier:sine_mix|product[23]                                                                         ;
; 9.495 ; 9.789        ; 0.294          ; Low Pulse Width ; clk   ; Rise       ; multiplier:sine_mix|product[2]                                                                          ;
; 9.495 ; 9.789        ; 0.294          ; Low Pulse Width ; clk   ; Rise       ; multiplier:sine_mix|product[3]                                                                          ;
; 9.495 ; 9.789        ; 0.294          ; Low Pulse Width ; clk   ; Rise       ; multiplier:sine_mix|product[4]                                                                          ;
; 9.495 ; 9.789        ; 0.294          ; Low Pulse Width ; clk   ; Rise       ; multiplier:sine_mix|product[5]                                                                          ;
; 9.495 ; 9.789        ; 0.294          ; Low Pulse Width ; clk   ; Rise       ; multiplier:sine_mix|product[6]                                                                          ;
; 9.495 ; 9.789        ; 0.294          ; Low Pulse Width ; clk   ; Rise       ; multiplier:sine_mix|product[7]                                                                          ;
; 9.495 ; 9.789        ; 0.294          ; Low Pulse Width ; clk   ; Rise       ; multiplier:sine_mix|product[8]                                                                          ;
; 9.495 ; 9.789        ; 0.294          ; Low Pulse Width ; clk   ; Rise       ; multiplier:sine_mix|product[9]                                                                          ;
; 9.571 ; 9.801        ; 0.230          ; Low Pulse Width ; clk   ; Rise       ; lut_sincos:dds|altsyncram:sine_lut_rtl_0|altsyncram_1sq1:auto_generated|ram_block1a0~portb_address_reg0 ;
; 9.571 ; 9.801        ; 0.230          ; Low Pulse Width ; clk   ; Rise       ; lut_sincos:dds|altsyncram:sine_lut_rtl_0|altsyncram_1sq1:auto_generated|ram_block1a9~portb_address_reg0 ;
; 9.573 ; 9.803        ; 0.230          ; Low Pulse Width ; clk   ; Rise       ; lut_sincos:dds|altsyncram:sine_lut_rtl_0|altsyncram_1sq1:auto_generated|ram_block1a0~porta_address_reg0 ;
; 9.573 ; 9.803        ; 0.230          ; Low Pulse Width ; clk   ; Rise       ; lut_sincos:dds|altsyncram:sine_lut_rtl_0|altsyncram_1sq1:auto_generated|ram_block1a9~porta_address_reg0 ;
; 9.678 ; 9.862        ; 0.184          ; Low Pulse Width ; clk   ; Rise       ; cordic_top:CORDIC|cordic_stage:pipeline_gen[19].stage_inst|x_out[10]                                    ;
; 9.678 ; 9.862        ; 0.184          ; Low Pulse Width ; clk   ; Rise       ; cordic_top:CORDIC|cordic_stage:pipeline_gen[19].stage_inst|x_out[11]                                    ;
; 9.678 ; 9.862        ; 0.184          ; Low Pulse Width ; clk   ; Rise       ; cordic_top:CORDIC|cordic_stage:pipeline_gen[19].stage_inst|x_out[12]                                    ;
; 9.678 ; 9.862        ; 0.184          ; Low Pulse Width ; clk   ; Rise       ; cordic_top:CORDIC|cordic_stage:pipeline_gen[19].stage_inst|x_out[13]                                    ;
; 9.678 ; 9.862        ; 0.184          ; Low Pulse Width ; clk   ; Rise       ; cordic_top:CORDIC|cordic_stage:pipeline_gen[19].stage_inst|x_out[14]                                    ;
; 9.678 ; 9.862        ; 0.184          ; Low Pulse Width ; clk   ; Rise       ; cordic_top:CORDIC|cordic_stage:pipeline_gen[19].stage_inst|x_out[15]                                    ;
; 9.678 ; 9.862        ; 0.184          ; Low Pulse Width ; clk   ; Rise       ; cordic_top:CORDIC|cordic_stage:pipeline_gen[19].stage_inst|x_out[16]                                    ;
; 9.678 ; 9.862        ; 0.184          ; Low Pulse Width ; clk   ; Rise       ; cordic_top:CORDIC|cordic_stage:pipeline_gen[19].stage_inst|x_out[17]                                    ;
; 9.678 ; 9.862        ; 0.184          ; Low Pulse Width ; clk   ; Rise       ; cordic_top:CORDIC|cordic_stage:pipeline_gen[19].stage_inst|x_out[18]                                    ;
; 9.678 ; 9.862        ; 0.184          ; Low Pulse Width ; clk   ; Rise       ; cordic_top:CORDIC|cordic_stage:pipeline_gen[19].stage_inst|x_out[19]                                    ;
; 9.678 ; 9.862        ; 0.184          ; Low Pulse Width ; clk   ; Rise       ; cordic_top:CORDIC|cordic_stage:pipeline_gen[19].stage_inst|x_out[20]                                    ;
; 9.678 ; 9.862        ; 0.184          ; Low Pulse Width ; clk   ; Rise       ; cordic_top:CORDIC|cordic_stage:pipeline_gen[19].stage_inst|x_out[21]                                    ;
; 9.678 ; 9.862        ; 0.184          ; Low Pulse Width ; clk   ; Rise       ; cordic_top:CORDIC|cordic_stage:pipeline_gen[19].stage_inst|x_out[22]                                    ;
; 9.678 ; 9.862        ; 0.184          ; Low Pulse Width ; clk   ; Rise       ; cordic_top:CORDIC|cordic_stage:pipeline_gen[19].stage_inst|x_out[7]                                     ;
; 9.678 ; 9.862        ; 0.184          ; Low Pulse Width ; clk   ; Rise       ; cordic_top:CORDIC|cordic_stage:pipeline_gen[19].stage_inst|x_out[8]                                     ;
; 9.678 ; 9.862        ; 0.184          ; Low Pulse Width ; clk   ; Rise       ; cordic_top:CORDIC|cordic_stage:pipeline_gen[19].stage_inst|x_out[9]                                     ;
; 9.678 ; 9.862        ; 0.184          ; Low Pulse Width ; clk   ; Rise       ; cordic_top:CORDIC|cordic_stage:pipeline_gen[20].stage_inst|y_out[23]                                    ;
; 9.678 ; 9.862        ; 0.184          ; Low Pulse Width ; clk   ; Rise       ; cordic_top:CORDIC|cordic_stage:pipeline_gen[20].stage_inst|y_out[24]                                    ;
; 9.678 ; 9.862        ; 0.184          ; Low Pulse Width ; clk   ; Rise       ; cordic_top:CORDIC|cordic_stage:pipeline_gen[20].stage_inst|y_out[25]                                    ;
; 9.678 ; 9.862        ; 0.184          ; Low Pulse Width ; clk   ; Rise       ; cordic_top:CORDIC|cordic_stage:pipeline_gen[20].stage_inst|y_out[26]                                    ;
; 9.678 ; 9.862        ; 0.184          ; Low Pulse Width ; clk   ; Rise       ; cordic_top:CORDIC|cordic_stage:pipeline_gen[20].stage_inst|y_out[27]                                    ;
; 9.678 ; 9.862        ; 0.184          ; Low Pulse Width ; clk   ; Rise       ; cordic_top:CORDIC|cordic_stage:pipeline_gen[20].stage_inst|y_out[28]                                    ;
; 9.678 ; 9.862        ; 0.184          ; Low Pulse Width ; clk   ; Rise       ; cordic_top:CORDIC|cordic_stage:pipeline_gen[20].stage_inst|y_out[29]                                    ;
; 9.678 ; 9.862        ; 0.184          ; Low Pulse Width ; clk   ; Rise       ; cordic_top:CORDIC|cordic_stage:pipeline_gen[20].stage_inst|y_out[30]                                    ;
; 9.678 ; 9.862        ; 0.184          ; Low Pulse Width ; clk   ; Rise       ; cordic_top:CORDIC|cordic_stage:pipeline_gen[20].stage_inst|y_out[31]                                    ;
; 9.679 ; 9.863        ; 0.184          ; Low Pulse Width ; clk   ; Rise       ; cordic_top:CORDIC|cordic_stage:pipeline_gen[0].stage_inst|y_out[10]                                     ;
; 9.679 ; 9.863        ; 0.184          ; Low Pulse Width ; clk   ; Rise       ; cordic_top:CORDIC|cordic_stage:pipeline_gen[0].stage_inst|y_out[11]                                     ;
; 9.679 ; 9.863        ; 0.184          ; Low Pulse Width ; clk   ; Rise       ; cordic_top:CORDIC|cordic_stage:pipeline_gen[0].stage_inst|y_out[12]                                     ;
; 9.679 ; 9.863        ; 0.184          ; Low Pulse Width ; clk   ; Rise       ; cordic_top:CORDIC|cordic_stage:pipeline_gen[0].stage_inst|y_out[13]                                     ;
; 9.679 ; 9.863        ; 0.184          ; Low Pulse Width ; clk   ; Rise       ; cordic_top:CORDIC|cordic_stage:pipeline_gen[0].stage_inst|y_out[14]                                     ;
; 9.679 ; 9.863        ; 0.184          ; Low Pulse Width ; clk   ; Rise       ; cordic_top:CORDIC|cordic_stage:pipeline_gen[0].stage_inst|y_out[15]                                     ;
; 9.679 ; 9.863        ; 0.184          ; Low Pulse Width ; clk   ; Rise       ; cordic_top:CORDIC|cordic_stage:pipeline_gen[0].stage_inst|y_out[16]                                     ;
; 9.679 ; 9.863        ; 0.184          ; Low Pulse Width ; clk   ; Rise       ; cordic_top:CORDIC|cordic_stage:pipeline_gen[0].stage_inst|y_out[17]                                     ;
; 9.679 ; 9.863        ; 0.184          ; Low Pulse Width ; clk   ; Rise       ; cordic_top:CORDIC|cordic_stage:pipeline_gen[0].stage_inst|y_out[18]                                     ;
; 9.679 ; 9.863        ; 0.184          ; Low Pulse Width ; clk   ; Rise       ; cordic_top:CORDIC|cordic_stage:pipeline_gen[0].stage_inst|y_out[19]                                     ;
; 9.679 ; 9.863        ; 0.184          ; Low Pulse Width ; clk   ; Rise       ; cordic_top:CORDIC|cordic_stage:pipeline_gen[0].stage_inst|y_out[20]                                     ;
; 9.679 ; 9.863        ; 0.184          ; Low Pulse Width ; clk   ; Rise       ; cordic_top:CORDIC|cordic_stage:pipeline_gen[0].stage_inst|y_out[21]                                     ;
; 9.679 ; 9.863        ; 0.184          ; Low Pulse Width ; clk   ; Rise       ; cordic_top:CORDIC|cordic_stage:pipeline_gen[0].stage_inst|y_out[22]                                     ;
; 9.679 ; 9.863        ; 0.184          ; Low Pulse Width ; clk   ; Rise       ; cordic_top:CORDIC|cordic_stage:pipeline_gen[0].stage_inst|y_out[7]                                      ;
; 9.679 ; 9.863        ; 0.184          ; Low Pulse Width ; clk   ; Rise       ; cordic_top:CORDIC|cordic_stage:pipeline_gen[0].stage_inst|y_out[8]                                      ;
; 9.679 ; 9.863        ; 0.184          ; Low Pulse Width ; clk   ; Rise       ; cordic_top:CORDIC|cordic_stage:pipeline_gen[0].stage_inst|y_out[9]                                      ;
; 9.679 ; 9.863        ; 0.184          ; Low Pulse Width ; clk   ; Rise       ; cordic_top:CORDIC|cordic_stage:pipeline_gen[11].stage_inst|z_out[16]                                    ;
; 9.679 ; 9.863        ; 0.184          ; Low Pulse Width ; clk   ; Rise       ; cordic_top:CORDIC|cordic_stage:pipeline_gen[11].stage_inst|z_out[17]                                    ;
; 9.679 ; 9.863        ; 0.184          ; Low Pulse Width ; clk   ; Rise       ; cordic_top:CORDIC|cordic_stage:pipeline_gen[11].stage_inst|z_out[18]                                    ;
; 9.679 ; 9.863        ; 0.184          ; Low Pulse Width ; clk   ; Rise       ; cordic_top:CORDIC|cordic_stage:pipeline_gen[11].stage_inst|z_out[19]                                    ;
; 9.679 ; 9.863        ; 0.184          ; Low Pulse Width ; clk   ; Rise       ; cordic_top:CORDIC|cordic_stage:pipeline_gen[11].stage_inst|z_out[20]                                    ;
; 9.679 ; 9.863        ; 0.184          ; Low Pulse Width ; clk   ; Rise       ; cordic_top:CORDIC|cordic_stage:pipeline_gen[11].stage_inst|z_out[21]                                    ;
; 9.679 ; 9.863        ; 0.184          ; Low Pulse Width ; clk   ; Rise       ; cordic_top:CORDIC|cordic_stage:pipeline_gen[11].stage_inst|z_out[22]                                    ;
+-------+--------------+----------------+-----------------+-------+------------+---------------------------------------------------------------------------------------------------------+


+-----------------------------------------------------------------------------------------------------------------------------------------------------------------------------------------------------+
; Slow 1200mV 85C Model Minimum Pulse Width: 'p_ll|altpll_component|auto_generated|pll1|clk[0]'                                                                                                       ;
+---------+--------------+----------------+------------------+--------------------------------------------------+------------+------------------------------------------------------------------------+
; Slack   ; Actual Width ; Required Width ; Type             ; Clock                                            ; Clock Edge ; Target                                                                 ;
+---------+--------------+----------------+------------------+--------------------------------------------------+------------+------------------------------------------------------------------------+
; 155.996 ; 156.212      ; 0.216          ; High Pulse Width ; p_ll|altpll_component|auto_generated|pll1|clk[0] ; Rise       ; spi_interface:afe|clock_out                                            ;
; 155.997 ; 156.213      ; 0.216          ; High Pulse Width ; p_ll|altpll_component|auto_generated|pll1|clk[0] ; Rise       ; spi_interface:afe|count[0]                                             ;
; 155.997 ; 156.213      ; 0.216          ; High Pulse Width ; p_ll|altpll_component|auto_generated|pll1|clk[0] ; Rise       ; spi_interface:afe|count[1]                                             ;
; 155.997 ; 156.213      ; 0.216          ; High Pulse Width ; p_ll|altpll_component|auto_generated|pll1|clk[0] ; Rise       ; spi_interface:afe|count[2]                                             ;
; 155.997 ; 156.213      ; 0.216          ; High Pulse Width ; p_ll|altpll_component|auto_generated|pll1|clk[0] ; Rise       ; spi_interface:afe|count[3]                                             ;
; 155.997 ; 156.213      ; 0.216          ; High Pulse Width ; p_ll|altpll_component|auto_generated|pll1|clk[0] ; Rise       ; spi_interface:afe|cs                                                   ;
; 155.997 ; 156.213      ; 0.216          ; High Pulse Width ; p_ll|altpll_component|auto_generated|pll1|clk[0] ; Rise       ; spi_interface:afe|data_temp[10]                                        ;
; 155.997 ; 156.213      ; 0.216          ; High Pulse Width ; p_ll|altpll_component|auto_generated|pll1|clk[0] ; Rise       ; spi_interface:afe|data_temp[11]                                        ;
; 155.997 ; 156.213      ; 0.216          ; High Pulse Width ; p_ll|altpll_component|auto_generated|pll1|clk[0] ; Rise       ; spi_interface:afe|data_temp[1]                                         ;
; 155.997 ; 156.213      ; 0.216          ; High Pulse Width ; p_ll|altpll_component|auto_generated|pll1|clk[0] ; Rise       ; spi_interface:afe|data_temp[2]                                         ;
; 155.997 ; 156.213      ; 0.216          ; High Pulse Width ; p_ll|altpll_component|auto_generated|pll1|clk[0] ; Rise       ; spi_interface:afe|data_temp[3]                                         ;
; 155.997 ; 156.213      ; 0.216          ; High Pulse Width ; p_ll|altpll_component|auto_generated|pll1|clk[0] ; Rise       ; spi_interface:afe|data_temp[4]                                         ;
; 155.997 ; 156.213      ; 0.216          ; High Pulse Width ; p_ll|altpll_component|auto_generated|pll1|clk[0] ; Rise       ; spi_interface:afe|data_temp[5]                                         ;
; 155.997 ; 156.213      ; 0.216          ; High Pulse Width ; p_ll|altpll_component|auto_generated|pll1|clk[0] ; Rise       ; spi_interface:afe|data_temp[6]                                         ;
; 155.997 ; 156.213      ; 0.216          ; High Pulse Width ; p_ll|altpll_component|auto_generated|pll1|clk[0] ; Rise       ; spi_interface:afe|data_temp[7]                                         ;
; 155.997 ; 156.213      ; 0.216          ; High Pulse Width ; p_ll|altpll_component|auto_generated|pll1|clk[0] ; Rise       ; spi_interface:afe|data_temp[8]                                         ;
; 155.997 ; 156.213      ; 0.216          ; High Pulse Width ; p_ll|altpll_component|auto_generated|pll1|clk[0] ; Rise       ; spi_interface:afe|data_temp[9]                                         ;
; 155.997 ; 156.213      ; 0.216          ; High Pulse Width ; p_ll|altpll_component|auto_generated|pll1|clk[0] ; Rise       ; spi_interface:afe|dataout_slow[0]                                      ;
; 155.997 ; 156.213      ; 0.216          ; High Pulse Width ; p_ll|altpll_component|auto_generated|pll1|clk[0] ; Rise       ; spi_interface:afe|dataout_slow[10]                                     ;
; 155.997 ; 156.213      ; 0.216          ; High Pulse Width ; p_ll|altpll_component|auto_generated|pll1|clk[0] ; Rise       ; spi_interface:afe|dataout_slow[11]                                     ;
; 155.997 ; 156.213      ; 0.216          ; High Pulse Width ; p_ll|altpll_component|auto_generated|pll1|clk[0] ; Rise       ; spi_interface:afe|dataout_slow[1]                                      ;
; 155.997 ; 156.213      ; 0.216          ; High Pulse Width ; p_ll|altpll_component|auto_generated|pll1|clk[0] ; Rise       ; spi_interface:afe|dataout_slow[2]                                      ;
; 155.997 ; 156.213      ; 0.216          ; High Pulse Width ; p_ll|altpll_component|auto_generated|pll1|clk[0] ; Rise       ; spi_interface:afe|dataout_slow[3]                                      ;
; 155.997 ; 156.213      ; 0.216          ; High Pulse Width ; p_ll|altpll_component|auto_generated|pll1|clk[0] ; Rise       ; spi_interface:afe|dataout_slow[4]                                      ;
; 155.997 ; 156.213      ; 0.216          ; High Pulse Width ; p_ll|altpll_component|auto_generated|pll1|clk[0] ; Rise       ; spi_interface:afe|dataout_slow[5]                                      ;
; 155.997 ; 156.213      ; 0.216          ; High Pulse Width ; p_ll|altpll_component|auto_generated|pll1|clk[0] ; Rise       ; spi_interface:afe|dataout_slow[6]                                      ;
; 155.997 ; 156.213      ; 0.216          ; High Pulse Width ; p_ll|altpll_component|auto_generated|pll1|clk[0] ; Rise       ; spi_interface:afe|dataout_slow[7]                                      ;
; 155.997 ; 156.213      ; 0.216          ; High Pulse Width ; p_ll|altpll_component|auto_generated|pll1|clk[0] ; Rise       ; spi_interface:afe|dataout_slow[8]                                      ;
; 155.997 ; 156.213      ; 0.216          ; High Pulse Width ; p_ll|altpll_component|auto_generated|pll1|clk[0] ; Rise       ; spi_interface:afe|dataout_slow[9]                                      ;
; 155.997 ; 156.213      ; 0.216          ; High Pulse Width ; p_ll|altpll_component|auto_generated|pll1|clk[0] ; Rise       ; spi_interface:afe|idle_state                                           ;
; 155.997 ; 156.213      ; 0.216          ; High Pulse Width ; p_ll|altpll_component|auto_generated|pll1|clk[0] ; Rise       ; spi_interface:afe|valid_slow                                           ;
; 156.043 ; 156.227      ; 0.184          ; Low Pulse Width  ; p_ll|altpll_component|auto_generated|pll1|clk[0] ; Fall       ; spi_interface:afe|din                                                  ;
; 156.053 ; 156.269      ; 0.216          ; High Pulse Width ; p_ll|altpll_component|auto_generated|pll1|clk[0] ; Fall       ; spi_interface:afe|din                                                  ;
; 156.101 ; 156.285      ; 0.184          ; Low Pulse Width  ; p_ll|altpll_component|auto_generated|pll1|clk[0] ; Rise       ; spi_interface:afe|count[0]                                             ;
; 156.101 ; 156.285      ; 0.184          ; Low Pulse Width  ; p_ll|altpll_component|auto_generated|pll1|clk[0] ; Rise       ; spi_interface:afe|count[1]                                             ;
; 156.101 ; 156.285      ; 0.184          ; Low Pulse Width  ; p_ll|altpll_component|auto_generated|pll1|clk[0] ; Rise       ; spi_interface:afe|count[2]                                             ;
; 156.101 ; 156.285      ; 0.184          ; Low Pulse Width  ; p_ll|altpll_component|auto_generated|pll1|clk[0] ; Rise       ; spi_interface:afe|count[3]                                             ;
; 156.101 ; 156.285      ; 0.184          ; Low Pulse Width  ; p_ll|altpll_component|auto_generated|pll1|clk[0] ; Rise       ; spi_interface:afe|cs                                                   ;
; 156.101 ; 156.285      ; 0.184          ; Low Pulse Width  ; p_ll|altpll_component|auto_generated|pll1|clk[0] ; Rise       ; spi_interface:afe|data_temp[1]                                         ;
; 156.101 ; 156.285      ; 0.184          ; Low Pulse Width  ; p_ll|altpll_component|auto_generated|pll1|clk[0] ; Rise       ; spi_interface:afe|data_temp[2]                                         ;
; 156.101 ; 156.285      ; 0.184          ; Low Pulse Width  ; p_ll|altpll_component|auto_generated|pll1|clk[0] ; Rise       ; spi_interface:afe|data_temp[3]                                         ;
; 156.101 ; 156.285      ; 0.184          ; Low Pulse Width  ; p_ll|altpll_component|auto_generated|pll1|clk[0] ; Rise       ; spi_interface:afe|idle_state                                           ;
; 156.101 ; 156.285      ; 0.184          ; Low Pulse Width  ; p_ll|altpll_component|auto_generated|pll1|clk[0] ; Rise       ; spi_interface:afe|valid_slow                                           ;
; 156.102 ; 156.286      ; 0.184          ; Low Pulse Width  ; p_ll|altpll_component|auto_generated|pll1|clk[0] ; Rise       ; spi_interface:afe|clock_out                                            ;
; 156.102 ; 156.286      ; 0.184          ; Low Pulse Width  ; p_ll|altpll_component|auto_generated|pll1|clk[0] ; Rise       ; spi_interface:afe|data_temp[10]                                        ;
; 156.102 ; 156.286      ; 0.184          ; Low Pulse Width  ; p_ll|altpll_component|auto_generated|pll1|clk[0] ; Rise       ; spi_interface:afe|data_temp[11]                                        ;
; 156.102 ; 156.286      ; 0.184          ; Low Pulse Width  ; p_ll|altpll_component|auto_generated|pll1|clk[0] ; Rise       ; spi_interface:afe|data_temp[4]                                         ;
; 156.102 ; 156.286      ; 0.184          ; Low Pulse Width  ; p_ll|altpll_component|auto_generated|pll1|clk[0] ; Rise       ; spi_interface:afe|data_temp[5]                                         ;
; 156.102 ; 156.286      ; 0.184          ; Low Pulse Width  ; p_ll|altpll_component|auto_generated|pll1|clk[0] ; Rise       ; spi_interface:afe|data_temp[6]                                         ;
; 156.102 ; 156.286      ; 0.184          ; Low Pulse Width  ; p_ll|altpll_component|auto_generated|pll1|clk[0] ; Rise       ; spi_interface:afe|data_temp[7]                                         ;
; 156.102 ; 156.286      ; 0.184          ; Low Pulse Width  ; p_ll|altpll_component|auto_generated|pll1|clk[0] ; Rise       ; spi_interface:afe|data_temp[8]                                         ;
; 156.102 ; 156.286      ; 0.184          ; Low Pulse Width  ; p_ll|altpll_component|auto_generated|pll1|clk[0] ; Rise       ; spi_interface:afe|data_temp[9]                                         ;
; 156.102 ; 156.286      ; 0.184          ; Low Pulse Width  ; p_ll|altpll_component|auto_generated|pll1|clk[0] ; Rise       ; spi_interface:afe|dataout_slow[0]                                      ;
; 156.102 ; 156.286      ; 0.184          ; Low Pulse Width  ; p_ll|altpll_component|auto_generated|pll1|clk[0] ; Rise       ; spi_interface:afe|dataout_slow[10]                                     ;
; 156.102 ; 156.286      ; 0.184          ; Low Pulse Width  ; p_ll|altpll_component|auto_generated|pll1|clk[0] ; Rise       ; spi_interface:afe|dataout_slow[11]                                     ;
; 156.102 ; 156.286      ; 0.184          ; Low Pulse Width  ; p_ll|altpll_component|auto_generated|pll1|clk[0] ; Rise       ; spi_interface:afe|dataout_slow[1]                                      ;
; 156.102 ; 156.286      ; 0.184          ; Low Pulse Width  ; p_ll|altpll_component|auto_generated|pll1|clk[0] ; Rise       ; spi_interface:afe|dataout_slow[2]                                      ;
; 156.102 ; 156.286      ; 0.184          ; Low Pulse Width  ; p_ll|altpll_component|auto_generated|pll1|clk[0] ; Rise       ; spi_interface:afe|dataout_slow[3]                                      ;
; 156.102 ; 156.286      ; 0.184          ; Low Pulse Width  ; p_ll|altpll_component|auto_generated|pll1|clk[0] ; Rise       ; spi_interface:afe|dataout_slow[4]                                      ;
; 156.102 ; 156.286      ; 0.184          ; Low Pulse Width  ; p_ll|altpll_component|auto_generated|pll1|clk[0] ; Rise       ; spi_interface:afe|dataout_slow[5]                                      ;
; 156.102 ; 156.286      ; 0.184          ; Low Pulse Width  ; p_ll|altpll_component|auto_generated|pll1|clk[0] ; Rise       ; spi_interface:afe|dataout_slow[6]                                      ;
; 156.102 ; 156.286      ; 0.184          ; Low Pulse Width  ; p_ll|altpll_component|auto_generated|pll1|clk[0] ; Rise       ; spi_interface:afe|dataout_slow[7]                                      ;
; 156.102 ; 156.286      ; 0.184          ; Low Pulse Width  ; p_ll|altpll_component|auto_generated|pll1|clk[0] ; Rise       ; spi_interface:afe|dataout_slow[8]                                      ;
; 156.102 ; 156.286      ; 0.184          ; Low Pulse Width  ; p_ll|altpll_component|auto_generated|pll1|clk[0] ; Rise       ; spi_interface:afe|dataout_slow[9]                                      ;
; 156.232 ; 156.232      ; 0.000          ; High Pulse Width ; p_ll|altpll_component|auto_generated|pll1|clk[0] ; Rise       ; p_ll|altpll_component|auto_generated|wire_pll1_clk[0]~clkctrl|inclk[0] ;
; 156.232 ; 156.232      ; 0.000          ; High Pulse Width ; p_ll|altpll_component|auto_generated|pll1|clk[0] ; Rise       ; p_ll|altpll_component|auto_generated|wire_pll1_clk[0]~clkctrl|outclk   ;
; 156.236 ; 156.236      ; 0.000          ; High Pulse Width ; p_ll|altpll_component|auto_generated|pll1|clk[0] ; Rise       ; afe|clock_out|clk                                                      ;
; 156.236 ; 156.236      ; 0.000          ; High Pulse Width ; p_ll|altpll_component|auto_generated|pll1|clk[0] ; Rise       ; afe|data_temp[10]|clk                                                  ;
; 156.236 ; 156.236      ; 0.000          ; High Pulse Width ; p_ll|altpll_component|auto_generated|pll1|clk[0] ; Rise       ; afe|data_temp[11]|clk                                                  ;
; 156.236 ; 156.236      ; 0.000          ; High Pulse Width ; p_ll|altpll_component|auto_generated|pll1|clk[0] ; Rise       ; afe|data_temp[4]|clk                                                   ;
; 156.236 ; 156.236      ; 0.000          ; High Pulse Width ; p_ll|altpll_component|auto_generated|pll1|clk[0] ; Rise       ; afe|data_temp[5]|clk                                                   ;
; 156.236 ; 156.236      ; 0.000          ; High Pulse Width ; p_ll|altpll_component|auto_generated|pll1|clk[0] ; Rise       ; afe|data_temp[6]|clk                                                   ;
; 156.236 ; 156.236      ; 0.000          ; High Pulse Width ; p_ll|altpll_component|auto_generated|pll1|clk[0] ; Rise       ; afe|data_temp[7]|clk                                                   ;
; 156.236 ; 156.236      ; 0.000          ; High Pulse Width ; p_ll|altpll_component|auto_generated|pll1|clk[0] ; Rise       ; afe|data_temp[8]|clk                                                   ;
; 156.236 ; 156.236      ; 0.000          ; High Pulse Width ; p_ll|altpll_component|auto_generated|pll1|clk[0] ; Rise       ; afe|data_temp[9]|clk                                                   ;
; 156.236 ; 156.236      ; 0.000          ; High Pulse Width ; p_ll|altpll_component|auto_generated|pll1|clk[0] ; Rise       ; afe|dataout_slow[0]|clk                                                ;
; 156.236 ; 156.236      ; 0.000          ; High Pulse Width ; p_ll|altpll_component|auto_generated|pll1|clk[0] ; Rise       ; afe|dataout_slow[10]|clk                                               ;
; 156.236 ; 156.236      ; 0.000          ; High Pulse Width ; p_ll|altpll_component|auto_generated|pll1|clk[0] ; Rise       ; afe|dataout_slow[11]|clk                                               ;
; 156.236 ; 156.236      ; 0.000          ; High Pulse Width ; p_ll|altpll_component|auto_generated|pll1|clk[0] ; Rise       ; afe|dataout_slow[1]|clk                                                ;
; 156.236 ; 156.236      ; 0.000          ; High Pulse Width ; p_ll|altpll_component|auto_generated|pll1|clk[0] ; Rise       ; afe|dataout_slow[2]|clk                                                ;
; 156.236 ; 156.236      ; 0.000          ; High Pulse Width ; p_ll|altpll_component|auto_generated|pll1|clk[0] ; Rise       ; afe|dataout_slow[3]|clk                                                ;
; 156.236 ; 156.236      ; 0.000          ; High Pulse Width ; p_ll|altpll_component|auto_generated|pll1|clk[0] ; Rise       ; afe|dataout_slow[4]|clk                                                ;
; 156.236 ; 156.236      ; 0.000          ; High Pulse Width ; p_ll|altpll_component|auto_generated|pll1|clk[0] ; Rise       ; afe|dataout_slow[5]|clk                                                ;
; 156.236 ; 156.236      ; 0.000          ; High Pulse Width ; p_ll|altpll_component|auto_generated|pll1|clk[0] ; Rise       ; afe|dataout_slow[6]|clk                                                ;
; 156.236 ; 156.236      ; 0.000          ; High Pulse Width ; p_ll|altpll_component|auto_generated|pll1|clk[0] ; Rise       ; afe|dataout_slow[7]|clk                                                ;
; 156.236 ; 156.236      ; 0.000          ; High Pulse Width ; p_ll|altpll_component|auto_generated|pll1|clk[0] ; Rise       ; afe|dataout_slow[8]|clk                                                ;
; 156.236 ; 156.236      ; 0.000          ; High Pulse Width ; p_ll|altpll_component|auto_generated|pll1|clk[0] ; Rise       ; afe|dataout_slow[9]|clk                                                ;
; 156.236 ; 156.236      ; 0.000          ; High Pulse Width ; p_ll|altpll_component|auto_generated|pll1|clk[0] ; Rise       ; afe|din|clk                                                            ;
; 156.237 ; 156.237      ; 0.000          ; High Pulse Width ; p_ll|altpll_component|auto_generated|pll1|clk[0] ; Rise       ; afe|count[0]|clk                                                       ;
; 156.237 ; 156.237      ; 0.000          ; High Pulse Width ; p_ll|altpll_component|auto_generated|pll1|clk[0] ; Rise       ; afe|count[1]|clk                                                       ;
; 156.237 ; 156.237      ; 0.000          ; High Pulse Width ; p_ll|altpll_component|auto_generated|pll1|clk[0] ; Rise       ; afe|count[2]|clk                                                       ;
; 156.237 ; 156.237      ; 0.000          ; High Pulse Width ; p_ll|altpll_component|auto_generated|pll1|clk[0] ; Rise       ; afe|count[3]|clk                                                       ;
; 156.237 ; 156.237      ; 0.000          ; High Pulse Width ; p_ll|altpll_component|auto_generated|pll1|clk[0] ; Rise       ; afe|cs|clk                                                             ;
; 156.237 ; 156.237      ; 0.000          ; High Pulse Width ; p_ll|altpll_component|auto_generated|pll1|clk[0] ; Rise       ; afe|data_temp[1]|clk                                                   ;
; 156.237 ; 156.237      ; 0.000          ; High Pulse Width ; p_ll|altpll_component|auto_generated|pll1|clk[0] ; Rise       ; afe|data_temp[2]|clk                                                   ;
; 156.237 ; 156.237      ; 0.000          ; High Pulse Width ; p_ll|altpll_component|auto_generated|pll1|clk[0] ; Rise       ; afe|data_temp[3]|clk                                                   ;
; 156.237 ; 156.237      ; 0.000          ; High Pulse Width ; p_ll|altpll_component|auto_generated|pll1|clk[0] ; Rise       ; afe|idle_state|clk                                                     ;
; 156.237 ; 156.237      ; 0.000          ; High Pulse Width ; p_ll|altpll_component|auto_generated|pll1|clk[0] ; Rise       ; afe|valid_slow|clk                                                     ;
; 156.263 ; 156.263      ; 0.000          ; Low Pulse Width  ; p_ll|altpll_component|auto_generated|pll1|clk[0] ; Rise       ; afe|count[0]|clk                                                       ;
; 156.263 ; 156.263      ; 0.000          ; Low Pulse Width  ; p_ll|altpll_component|auto_generated|pll1|clk[0] ; Rise       ; afe|count[1]|clk                                                       ;
+---------+--------------+----------------+------------------+--------------------------------------------------+------------+------------------------------------------------------------------------+


+--------------------------------------------------------------------------------------------------------+
; Setup Times                                                                                            ;
+-----------+------------+-------+-------+------------+--------------------------------------------------+
; Data Port ; Clock Port ; Rise  ; Fall  ; Clock Edge ; Clock Reference                                  ;
+-----------+------------+-------+-------+------------+--------------------------------------------------+
; ttl_in    ; clk        ; 2.031 ; 2.512 ; Rise       ; clk                                              ;
; dout      ; clk        ; 2.423 ; 2.519 ; Rise       ; p_ll|altpll_component|auto_generated|pll1|clk[0] ;
+-----------+------------+-------+-------+------------+--------------------------------------------------+


+----------------------------------------------------------------------------------------------------------+
; Hold Times                                                                                               ;
+-----------+------------+--------+--------+------------+--------------------------------------------------+
; Data Port ; Clock Port ; Rise   ; Fall   ; Clock Edge ; Clock Reference                                  ;
+-----------+------------+--------+--------+------------+--------------------------------------------------+
; ttl_in    ; clk        ; -1.641 ; -2.099 ; Rise       ; clk                                              ;
; dout      ; clk        ; -1.462 ; -1.549 ; Rise       ; p_ll|altpll_component|auto_generated|pll1|clk[0] ;
+-----------+------------+--------+--------+------------+--------------------------------------------------+


+----------------------------------------------------------------------------------------------------------------+
; Clock to Output Times                                                                                          ;
+-------------------+------------+-------+-------+------------+--------------------------------------------------+
; Data Port         ; Clock Port ; Rise  ; Fall  ; Clock Edge ; Clock Reference                                  ;
+-------------------+------------+-------+-------+------------+--------------------------------------------------+
; N_sample_out[*]   ; clk        ; 7.310 ; 7.435 ; Rise       ; clk                                              ;
;  N_sample_out[0]  ; clk        ; 6.368 ; 6.425 ; Rise       ; clk                                              ;
;  N_sample_out[1]  ; clk        ; 6.503 ; 6.555 ; Rise       ; clk                                              ;
;  N_sample_out[2]  ; clk        ; 6.391 ; 6.468 ; Rise       ; clk                                              ;
;  N_sample_out[3]  ; clk        ; 6.393 ; 6.450 ; Rise       ; clk                                              ;
;  N_sample_out[4]  ; clk        ; 6.388 ; 6.466 ; Rise       ; clk                                              ;
;  N_sample_out[5]  ; clk        ; 6.074 ; 6.123 ; Rise       ; clk                                              ;
;  N_sample_out[6]  ; clk        ; 6.064 ; 6.082 ; Rise       ; clk                                              ;
;  N_sample_out[7]  ; clk        ; 6.062 ; 6.116 ; Rise       ; clk                                              ;
;  N_sample_out[8]  ; clk        ; 6.533 ; 6.568 ; Rise       ; clk                                              ;
;  N_sample_out[9]  ; clk        ; 6.346 ; 6.407 ; Rise       ; clk                                              ;
;  N_sample_out[10] ; clk        ; 6.480 ; 6.522 ; Rise       ; clk                                              ;
;  N_sample_out[11] ; clk        ; 5.993 ; 6.026 ; Rise       ; clk                                              ;
;  N_sample_out[12] ; clk        ; 6.324 ; 6.363 ; Rise       ; clk                                              ;
;  N_sample_out[13] ; clk        ; 6.156 ; 6.224 ; Rise       ; clk                                              ;
;  N_sample_out[14] ; clk        ; 5.734 ; 5.748 ; Rise       ; clk                                              ;
;  N_sample_out[15] ; clk        ; 6.273 ; 6.288 ; Rise       ; clk                                              ;
;  N_sample_out[16] ; clk        ; 6.230 ; 6.284 ; Rise       ; clk                                              ;
;  N_sample_out[17] ; clk        ; 6.303 ; 6.323 ; Rise       ; clk                                              ;
;  N_sample_out[18] ; clk        ; 6.095 ; 6.102 ; Rise       ; clk                                              ;
;  N_sample_out[19] ; clk        ; 5.802 ; 5.821 ; Rise       ; clk                                              ;
;  N_sample_out[20] ; clk        ; 6.618 ; 6.682 ; Rise       ; clk                                              ;
;  N_sample_out[21] ; clk        ; 5.915 ; 5.973 ; Rise       ; clk                                              ;
;  N_sample_out[22] ; clk        ; 6.323 ; 6.344 ; Rise       ; clk                                              ;
;  N_sample_out[23] ; clk        ; 6.515 ; 6.562 ; Rise       ; clk                                              ;
;  N_sample_out[24] ; clk        ; 6.364 ; 6.383 ; Rise       ; clk                                              ;
;  N_sample_out[25] ; clk        ; 7.310 ; 7.435 ; Rise       ; clk                                              ;
;  N_sample_out[26] ; clk        ; 6.061 ; 6.062 ; Rise       ; clk                                              ;
;  N_sample_out[27] ; clk        ; 6.597 ; 6.673 ; Rise       ; clk                                              ;
;  N_sample_out[28] ; clk        ; 6.350 ; 6.407 ; Rise       ; clk                                              ;
;  N_sample_out[29] ; clk        ; 6.258 ; 6.278 ; Rise       ; clk                                              ;
;  N_sample_out[30] ; clk        ; 6.049 ; 6.066 ; Rise       ; clk                                              ;
;  N_sample_out[31] ; clk        ; 6.555 ; 6.607 ; Rise       ; clk                                              ;
; afe_data[*]       ; clk        ; 7.675 ; 7.800 ; Rise       ; clk                                              ;
;  afe_data[0]      ; clk        ; 7.675 ; 7.800 ; Rise       ; clk                                              ;
;  afe_data[1]      ; clk        ; 6.503 ; 6.507 ; Rise       ; clk                                              ;
;  afe_data[2]      ; clk        ; 7.119 ; 7.206 ; Rise       ; clk                                              ;
;  afe_data[3]      ; clk        ; 6.389 ; 6.433 ; Rise       ; clk                                              ;
;  afe_data[4]      ; clk        ; 6.373 ; 6.400 ; Rise       ; clk                                              ;
;  afe_data[5]      ; clk        ; 6.405 ; 6.461 ; Rise       ; clk                                              ;
;  afe_data[6]      ; clk        ; 6.932 ; 6.971 ; Rise       ; clk                                              ;
;  afe_data[7]      ; clk        ; 6.523 ; 6.572 ; Rise       ; clk                                              ;
;  afe_data[8]      ; clk        ; 6.342 ; 6.375 ; Rise       ; clk                                              ;
;  afe_data[9]      ; clk        ; 6.298 ; 6.325 ; Rise       ; clk                                              ;
;  afe_data[10]     ; clk        ; 5.967 ; 6.024 ; Rise       ; clk                                              ;
;  afe_data[11]     ; clk        ; 6.656 ; 6.717 ; Rise       ; clk                                              ;
; magnitude[*]      ; clk        ; 7.703 ; 7.795 ; Rise       ; clk                                              ;
;  magnitude[0]     ; clk        ; 6.549 ; 6.557 ; Rise       ; clk                                              ;
;  magnitude[1]     ; clk        ; 6.305 ; 6.326 ; Rise       ; clk                                              ;
;  magnitude[2]     ; clk        ; 7.703 ; 7.795 ; Rise       ; clk                                              ;
;  magnitude[3]     ; clk        ; 6.249 ; 6.264 ; Rise       ; clk                                              ;
;  magnitude[4]     ; clk        ; 6.188 ; 6.183 ; Rise       ; clk                                              ;
;  magnitude[5]     ; clk        ; 6.158 ; 6.215 ; Rise       ; clk                                              ;
;  magnitude[6]     ; clk        ; 6.469 ; 6.489 ; Rise       ; clk                                              ;
;  magnitude[7]     ; clk        ; 5.817 ; 5.841 ; Rise       ; clk                                              ;
;  magnitude[8]     ; clk        ; 6.226 ; 6.196 ; Rise       ; clk                                              ;
;  magnitude[9]     ; clk        ; 6.201 ; 6.184 ; Rise       ; clk                                              ;
;  magnitude[10]    ; clk        ; 6.190 ; 6.178 ; Rise       ; clk                                              ;
;  magnitude[11]    ; clk        ; 5.987 ; 5.999 ; Rise       ; clk                                              ;
;  magnitude[12]    ; clk        ; 6.706 ; 6.736 ; Rise       ; clk                                              ;
;  magnitude[13]    ; clk        ; 6.611 ; 6.623 ; Rise       ; clk                                              ;
;  magnitude[14]    ; clk        ; 6.740 ; 6.761 ; Rise       ; clk                                              ;
;  magnitude[15]    ; clk        ; 6.117 ; 6.168 ; Rise       ; clk                                              ;
;  magnitude[16]    ; clk        ; 6.068 ; 6.062 ; Rise       ; clk                                              ;
;  magnitude[17]    ; clk        ; 5.985 ; 5.974 ; Rise       ; clk                                              ;
;  magnitude[18]    ; clk        ; 5.576 ; 5.604 ; Rise       ; clk                                              ;
;  magnitude[19]    ; clk        ; 5.810 ; 5.813 ; Rise       ; clk                                              ;
;  magnitude[20]    ; clk        ; 6.407 ; 6.381 ; Rise       ; clk                                              ;
;  magnitude[21]    ; clk        ; 6.278 ; 6.302 ; Rise       ; clk                                              ;
;  magnitude[22]    ; clk        ; 5.573 ; 5.580 ; Rise       ; clk                                              ;
;  magnitude[23]    ; clk        ; 5.551 ; 5.556 ; Rise       ; clk                                              ;
;  magnitude[24]    ; clk        ; 7.075 ; 7.147 ; Rise       ; clk                                              ;
;  magnitude[25]    ; clk        ; 5.793 ; 5.792 ; Rise       ; clk                                              ;
;  magnitude[26]    ; clk        ; 5.772 ; 5.769 ; Rise       ; clk                                              ;
;  magnitude[27]    ; clk        ; 6.248 ; 6.252 ; Rise       ; clk                                              ;
;  magnitude[28]    ; clk        ; 5.578 ; 5.583 ; Rise       ; clk                                              ;
;  magnitude[29]    ; clk        ; 5.813 ; 5.814 ; Rise       ; clk                                              ;
;  magnitude[30]    ; clk        ; 6.543 ; 6.538 ; Rise       ; clk                                              ;
;  magnitude[31]    ; clk        ; 6.691 ; 6.710 ; Rise       ; clk                                              ;
; phase[*]          ; clk        ; 7.729 ; 7.812 ; Rise       ; clk                                              ;
;  phase[1]         ; clk        ; 5.990 ; 5.997 ; Rise       ; clk                                              ;
;  phase[2]         ; clk        ; 5.738 ; 5.736 ; Rise       ; clk                                              ;
;  phase[3]         ; clk        ; 6.287 ; 6.285 ; Rise       ; clk                                              ;
;  phase[4]         ; clk        ; 6.233 ; 6.237 ; Rise       ; clk                                              ;
;  phase[5]         ; clk        ; 6.074 ; 6.070 ; Rise       ; clk                                              ;
;  phase[6]         ; clk        ; 5.555 ; 5.562 ; Rise       ; clk                                              ;
;  phase[7]         ; clk        ; 6.129 ; 6.153 ; Rise       ; clk                                              ;
;  phase[8]         ; clk        ; 6.473 ; 6.459 ; Rise       ; clk                                              ;
;  phase[9]         ; clk        ; 6.263 ; 6.282 ; Rise       ; clk                                              ;
;  phase[10]        ; clk        ; 5.570 ; 5.576 ; Rise       ; clk                                              ;
;  phase[11]        ; clk        ; 6.679 ; 6.638 ; Rise       ; clk                                              ;
;  phase[12]        ; clk        ; 7.347 ; 7.427 ; Rise       ; clk                                              ;
;  phase[13]        ; clk        ; 6.109 ; 6.156 ; Rise       ; clk                                              ;
;  phase[14]        ; clk        ; 6.132 ; 6.176 ; Rise       ; clk                                              ;
;  phase[15]        ; clk        ; 7.729 ; 7.812 ; Rise       ; clk                                              ;
;  phase[16]        ; clk        ; 6.475 ; 6.512 ; Rise       ; clk                                              ;
;  phase[17]        ; clk        ; 6.166 ; 6.152 ; Rise       ; clk                                              ;
;  phase[18]        ; clk        ; 6.172 ; 6.218 ; Rise       ; clk                                              ;
;  phase[19]        ; clk        ; 6.557 ; 6.571 ; Rise       ; clk                                              ;
;  phase[20]        ; clk        ; 6.492 ; 6.505 ; Rise       ; clk                                              ;
;  phase[21]        ; clk        ; 6.319 ; 6.321 ; Rise       ; clk                                              ;
;  phase[22]        ; clk        ; 6.166 ; 6.214 ; Rise       ; clk                                              ;
;  phase[23]        ; clk        ; 6.290 ; 6.296 ; Rise       ; clk                                              ;
;  phase[24]        ; clk        ; 5.889 ; 5.902 ; Rise       ; clk                                              ;
;  phase[25]        ; clk        ; 6.458 ; 6.443 ; Rise       ; clk                                              ;
;  phase[26]        ; clk        ; 6.274 ; 6.279 ; Rise       ; clk                                              ;
;  phase[27]        ; clk        ; 6.250 ; 6.243 ; Rise       ; clk                                              ;
;  phase[28]        ; clk        ; 6.174 ; 6.236 ; Rise       ; clk                                              ;
;  phase[29]        ; clk        ; 6.466 ; 6.472 ; Rise       ; clk                                              ;
;  phase[30]        ; clk        ; 6.306 ; 6.324 ; Rise       ; clk                                              ;
;  phase[31]        ; clk        ; 6.102 ; 6.124 ; Rise       ; clk                                              ;
; clock_out         ; clk        ; 5.821 ; 5.984 ; Rise       ; p_ll|altpll_component|auto_generated|pll1|clk[0] ;
; cs                ; clk        ; 5.744 ; 5.853 ; Rise       ; p_ll|altpll_component|auto_generated|pll1|clk[0] ;
; sclk              ; clk        ; 7.043 ; 7.174 ; Rise       ; p_ll|altpll_component|auto_generated|pll1|clk[0] ;
; din               ; clk        ; 5.602 ; 5.717 ; Fall       ; p_ll|altpll_component|auto_generated|pll1|clk[0] ;
; sclk              ; clk        ;       ; 3.604 ; Fall       ; p_ll|altpll_component|auto_generated|pll1|clk[0] ;
+-------------------+------------+-------+-------+------------+--------------------------------------------------+


+----------------------------------------------------------------------------------------------------------------+
; Minimum Clock to Output Times                                                                                  ;
+-------------------+------------+-------+-------+------------+--------------------------------------------------+
; Data Port         ; Clock Port ; Rise  ; Fall  ; Clock Edge ; Clock Reference                                  ;
+-------------------+------------+-------+-------+------------+--------------------------------------------------+
; N_sample_out[*]   ; clk        ; 5.548 ; 5.561 ; Rise       ; clk                                              ;
;  N_sample_out[0]  ; clk        ; 6.156 ; 6.210 ; Rise       ; clk                                              ;
;  N_sample_out[1]  ; clk        ; 6.285 ; 6.334 ; Rise       ; clk                                              ;
;  N_sample_out[2]  ; clk        ; 6.178 ; 6.251 ; Rise       ; clk                                              ;
;  N_sample_out[3]  ; clk        ; 6.180 ; 6.234 ; Rise       ; clk                                              ;
;  N_sample_out[4]  ; clk        ; 6.174 ; 6.248 ; Rise       ; clk                                              ;
;  N_sample_out[5]  ; clk        ; 5.875 ; 5.921 ; Rise       ; clk                                              ;
;  N_sample_out[6]  ; clk        ; 5.865 ; 5.881 ; Rise       ; clk                                              ;
;  N_sample_out[7]  ; clk        ; 5.860 ; 5.910 ; Rise       ; clk                                              ;
;  N_sample_out[8]  ; clk        ; 6.314 ; 6.347 ; Rise       ; clk                                              ;
;  N_sample_out[9]  ; clk        ; 6.135 ; 6.193 ; Rise       ; clk                                              ;
;  N_sample_out[10] ; clk        ; 6.265 ; 6.305 ; Rise       ; clk                                              ;
;  N_sample_out[11] ; clk        ; 5.797 ; 5.827 ; Rise       ; clk                                              ;
;  N_sample_out[12] ; clk        ; 6.111 ; 6.148 ; Rise       ; clk                                              ;
;  N_sample_out[13] ; clk        ; 5.953 ; 6.018 ; Rise       ; clk                                              ;
;  N_sample_out[14] ; clk        ; 5.548 ; 5.561 ; Rise       ; clk                                              ;
;  N_sample_out[15] ; clk        ; 6.065 ; 6.079 ; Rise       ; clk                                              ;
;  N_sample_out[16] ; clk        ; 6.020 ; 6.072 ; Rise       ; clk                                              ;
;  N_sample_out[17] ; clk        ; 6.095 ; 6.113 ; Rise       ; clk                                              ;
;  N_sample_out[18] ; clk        ; 5.895 ; 5.901 ; Rise       ; clk                                              ;
;  N_sample_out[19] ; clk        ; 5.614 ; 5.631 ; Rise       ; clk                                              ;
;  N_sample_out[20] ; clk        ; 6.397 ; 6.458 ; Rise       ; clk                                              ;
;  N_sample_out[21] ; clk        ; 5.721 ; 5.775 ; Rise       ; clk                                              ;
;  N_sample_out[22] ; clk        ; 6.113 ; 6.133 ; Rise       ; clk                                              ;
;  N_sample_out[23] ; clk        ; 6.296 ; 6.340 ; Rise       ; clk                                              ;
;  N_sample_out[24] ; clk        ; 6.152 ; 6.169 ; Rise       ; clk                                              ;
;  N_sample_out[25] ; clk        ; 7.109 ; 7.231 ; Rise       ; clk                                              ;
;  N_sample_out[26] ; clk        ; 5.863 ; 5.862 ; Rise       ; clk                                              ;
;  N_sample_out[27] ; clk        ; 6.375 ; 6.446 ; Rise       ; clk                                              ;
;  N_sample_out[28] ; clk        ; 6.138 ; 6.191 ; Rise       ; clk                                              ;
;  N_sample_out[29] ; clk        ; 6.050 ; 6.067 ; Rise       ; clk                                              ;
;  N_sample_out[30] ; clk        ; 5.851 ; 5.866 ; Rise       ; clk                                              ;
;  N_sample_out[31] ; clk        ; 6.335 ; 6.383 ; Rise       ; clk                                              ;
; afe_data[*]       ; clk        ; 5.768 ; 5.822 ; Rise       ; clk                                              ;
;  afe_data[0]      ; clk        ; 7.459 ; 7.581 ; Rise       ; clk                                              ;
;  afe_data[1]      ; clk        ; 6.286 ; 6.289 ; Rise       ; clk                                              ;
;  afe_data[2]      ; clk        ; 6.876 ; 6.959 ; Rise       ; clk                                              ;
;  afe_data[3]      ; clk        ; 6.173 ; 6.215 ; Rise       ; clk                                              ;
;  afe_data[4]      ; clk        ; 6.160 ; 6.184 ; Rise       ; clk                                              ;
;  afe_data[5]      ; clk        ; 6.191 ; 6.244 ; Rise       ; clk                                              ;
;  afe_data[6]      ; clk        ; 6.696 ; 6.732 ; Rise       ; clk                                              ;
;  afe_data[7]      ; clk        ; 6.303 ; 6.350 ; Rise       ; clk                                              ;
;  afe_data[8]      ; clk        ; 6.130 ; 6.160 ; Rise       ; clk                                              ;
;  afe_data[9]      ; clk        ; 6.089 ; 6.114 ; Rise       ; clk                                              ;
;  afe_data[10]     ; clk        ; 5.768 ; 5.822 ; Rise       ; clk                                              ;
;  afe_data[11]     ; clk        ; 6.431 ; 6.489 ; Rise       ; clk                                              ;
; magnitude[*]      ; clk        ; 5.371 ; 5.375 ; Rise       ; clk                                              ;
;  magnitude[0]     ; clk        ; 6.331 ; 6.337 ; Rise       ; clk                                              ;
;  magnitude[1]     ; clk        ; 6.097 ; 6.116 ; Rise       ; clk                                              ;
;  magnitude[2]     ; clk        ; 7.486 ; 7.577 ; Rise       ; clk                                              ;
;  magnitude[3]     ; clk        ; 6.039 ; 6.053 ; Rise       ; clk                                              ;
;  magnitude[4]     ; clk        ; 5.980 ; 5.975 ; Rise       ; clk                                              ;
;  magnitude[5]     ; clk        ; 5.955 ; 6.009 ; Rise       ; clk                                              ;
;  magnitude[6]     ; clk        ; 6.253 ; 6.272 ; Rise       ; clk                                              ;
;  magnitude[7]     ; clk        ; 5.626 ; 5.648 ; Rise       ; clk                                              ;
;  magnitude[8]     ; clk        ; 6.019 ; 5.989 ; Rise       ; clk                                              ;
;  magnitude[9]     ; clk        ; 5.995 ; 5.978 ; Rise       ; clk                                              ;
;  magnitude[10]    ; clk        ; 5.984 ; 5.971 ; Rise       ; clk                                              ;
;  magnitude[11]    ; clk        ; 5.790 ; 5.800 ; Rise       ; clk                                              ;
;  magnitude[12]    ; clk        ; 6.481 ; 6.510 ; Rise       ; clk                                              ;
;  magnitude[13]    ; clk        ; 6.388 ; 6.399 ; Rise       ; clk                                              ;
;  magnitude[14]    ; clk        ; 6.513 ; 6.532 ; Rise       ; clk                                              ;
;  magnitude[15]    ; clk        ; 5.916 ; 5.964 ; Rise       ; clk                                              ;
;  magnitude[16]    ; clk        ; 5.868 ; 5.860 ; Rise       ; clk                                              ;
;  magnitude[17]    ; clk        ; 5.788 ; 5.776 ; Rise       ; clk                                              ;
;  magnitude[18]    ; clk        ; 5.395 ; 5.421 ; Rise       ; clk                                              ;
;  magnitude[19]    ; clk        ; 5.619 ; 5.621 ; Rise       ; clk                                              ;
;  magnitude[20]    ; clk        ; 6.193 ; 6.166 ; Rise       ; clk                                              ;
;  magnitude[21]    ; clk        ; 6.069 ; 6.091 ; Rise       ; clk                                              ;
;  magnitude[22]    ; clk        ; 5.392 ; 5.398 ; Rise       ; clk                                              ;
;  magnitude[23]    ; clk        ; 5.371 ; 5.375 ; Rise       ; clk                                              ;
;  magnitude[24]    ; clk        ; 6.886 ; 6.957 ; Rise       ; clk                                              ;
;  magnitude[25]    ; clk        ; 5.603 ; 5.601 ; Rise       ; clk                                              ;
;  magnitude[26]    ; clk        ; 5.583 ; 5.579 ; Rise       ; clk                                              ;
;  magnitude[27]    ; clk        ; 6.040 ; 6.043 ; Rise       ; clk                                              ;
;  magnitude[28]    ; clk        ; 5.397 ; 5.401 ; Rise       ; clk                                              ;
;  magnitude[29]    ; clk        ; 5.623 ; 5.623 ; Rise       ; clk                                              ;
;  magnitude[30]    ; clk        ; 6.324 ; 6.317 ; Rise       ; clk                                              ;
;  magnitude[31]    ; clk        ; 6.467 ; 6.484 ; Rise       ; clk                                              ;
; phase[*]          ; clk        ; 5.375 ; 5.380 ; Rise       ; clk                                              ;
;  phase[1]         ; clk        ; 5.792 ; 5.798 ; Rise       ; clk                                              ;
;  phase[2]         ; clk        ; 5.551 ; 5.547 ; Rise       ; clk                                              ;
;  phase[3]         ; clk        ; 6.078 ; 6.075 ; Rise       ; clk                                              ;
;  phase[4]         ; clk        ; 6.026 ; 6.028 ; Rise       ; clk                                              ;
;  phase[5]         ; clk        ; 5.872 ; 5.867 ; Rise       ; clk                                              ;
;  phase[6]         ; clk        ; 5.375 ; 5.380 ; Rise       ; clk                                              ;
;  phase[7]         ; clk        ; 5.925 ; 5.948 ; Rise       ; clk                                              ;
;  phase[8]         ; clk        ; 6.256 ; 6.241 ; Rise       ; clk                                              ;
;  phase[9]         ; clk        ; 6.054 ; 6.071 ; Rise       ; clk                                              ;
;  phase[10]        ; clk        ; 5.389 ; 5.394 ; Rise       ; clk                                              ;
;  phase[11]        ; clk        ; 6.453 ; 6.413 ; Rise       ; clk                                              ;
;  phase[12]        ; clk        ; 7.146 ; 7.226 ; Rise       ; clk                                              ;
;  phase[13]        ; clk        ; 5.907 ; 5.951 ; Rise       ; clk                                              ;
;  phase[14]        ; clk        ; 5.928 ; 5.970 ; Rise       ; clk                                              ;
;  phase[15]        ; clk        ; 7.513 ; 7.595 ; Rise       ; clk                                              ;
;  phase[16]        ; clk        ; 6.255 ; 6.291 ; Rise       ; clk                                              ;
;  phase[17]        ; clk        ; 5.961 ; 5.946 ; Rise       ; clk                                              ;
;  phase[18]        ; clk        ; 5.967 ; 6.009 ; Rise       ; clk                                              ;
;  phase[19]        ; clk        ; 6.336 ; 6.349 ; Rise       ; clk                                              ;
;  phase[20]        ; clk        ; 6.274 ; 6.285 ; Rise       ; clk                                              ;
;  phase[21]        ; clk        ; 6.108 ; 6.108 ; Rise       ; clk                                              ;
;  phase[22]        ; clk        ; 5.961 ; 6.006 ; Rise       ; clk                                              ;
;  phase[23]        ; clk        ; 6.080 ; 6.084 ; Rise       ; clk                                              ;
;  phase[24]        ; clk        ; 5.696 ; 5.706 ; Rise       ; clk                                              ;
;  phase[25]        ; clk        ; 6.243 ; 6.228 ; Rise       ; clk                                              ;
;  phase[26]        ; clk        ; 6.065 ; 6.068 ; Rise       ; clk                                              ;
;  phase[27]        ; clk        ; 6.042 ; 6.033 ; Rise       ; clk                                              ;
;  phase[28]        ; clk        ; 5.969 ; 6.027 ; Rise       ; clk                                              ;
;  phase[29]        ; clk        ; 6.249 ; 6.254 ; Rise       ; clk                                              ;
;  phase[30]        ; clk        ; 6.095 ; 6.112 ; Rise       ; clk                                              ;
;  phase[31]        ; clk        ; 5.901 ; 5.922 ; Rise       ; clk                                              ;
; clock_out         ; clk        ; 5.290 ; 5.448 ; Rise       ; p_ll|altpll_component|auto_generated|pll1|clk[0] ;
; cs                ; clk        ; 5.164 ; 5.268 ; Rise       ; p_ll|altpll_component|auto_generated|pll1|clk[0] ;
; sclk              ; clk        ; 3.208 ; 6.489 ; Rise       ; p_ll|altpll_component|auto_generated|pll1|clk[0] ;
; din               ; clk        ; 5.028 ; 5.137 ; Fall       ; p_ll|altpll_component|auto_generated|pll1|clk[0] ;
; sclk              ; clk        ;       ; 3.117 ; Fall       ; p_ll|altpll_component|auto_generated|pll1|clk[0] ;
+-------------------+------------+-------+-------+------------+--------------------------------------------------+


----------------------------------------------
; Slow 1200mV 85C Model Metastability Report ;
----------------------------------------------
No synchronizer chains to report.


+----------------------------------------------------------------------------------------+
; Slow 1200mV 0C Model Fmax Summary                                                      ;
+------------+-----------------+--------------------------------------------------+------+
; Fmax       ; Restricted Fmax ; Clock Name                                       ; Note ;
+------------+-----------------+--------------------------------------------------+------+
; 110.79 MHz ; 110.79 MHz      ; clk                                              ;      ;
; 368.73 MHz ; 368.73 MHz      ; p_ll|altpll_component|auto_generated|pll1|clk[0] ;      ;
+------------+-----------------+--------------------------------------------------+------+
This panel reports FMAX for every clock in the design, regardless of the user-specified clock periods.  FMAX is only computed for paths where the source and destination registers or ports are driven by the same clock.  Paths of different clocks, including generated clocks, are ignored.  For paths between a clock and its inversion, FMAX is computed as if the rising and falling edges are scaled along with FMAX, such that the duty cycle (in terms of a percentage) is maintained. Altera recommends that you always use clock constraints and other slack reports for sign-off analysis.


+----------------------------------------------------------------------------+
; Slow 1200mV 0C Model Setup Summary                                         ;
+--------------------------------------------------+---------+---------------+
; Clock                                            ; Slack   ; End Point TNS ;
+--------------------------------------------------+---------+---------------+
; clk                                              ; 0.419   ; 0.000         ;
; p_ll|altpll_component|auto_generated|pll1|clk[0] ; 154.997 ; 0.000         ;
+--------------------------------------------------+---------+---------------+


+--------------------------------------------------------------------------+
; Slow 1200mV 0C Model Hold Summary                                        ;
+--------------------------------------------------+-------+---------------+
; Clock                                            ; Slack ; End Point TNS ;
+--------------------------------------------------+-------+---------------+
; p_ll|altpll_component|auto_generated|pll1|clk[0] ; 0.312 ; 0.000         ;
; clk                                              ; 0.338 ; 0.000         ;
+--------------------------------------------------+-------+---------------+


-----------------------------------------
; Slow 1200mV 0C Model Recovery Summary ;
-----------------------------------------
No paths to report.


----------------------------------------
; Slow 1200mV 0C Model Removal Summary ;
----------------------------------------
No paths to report.


+----------------------------------------------------------------------------+
; Slow 1200mV 0C Model Minimum Pulse Width Summary                           ;
+--------------------------------------------------+---------+---------------+
; Clock                                            ; Slack   ; End Point TNS ;
+--------------------------------------------------+---------+---------------+
; clk                                              ; 9.534   ; 0.000         ;
; p_ll|altpll_component|auto_generated|pll1|clk[0] ; 155.993 ; 0.000         ;
+--------------------------------------------------+---------+---------------+


+----------------------------------------------------------------------------------------------------------------------------------------------------------------------------------------------------------------+
; Slow 1200mV 0C Model Setup: 'clk'                                                                                                                                                                              ;
+--------+----------------------------------------------+----------------------------------------------+--------------------------------------------------+-------------+--------------+------------+------------+
; Slack  ; From Node                                    ; To Node                                      ; Launch Clock                                     ; Latch Clock ; Relationship ; Clock Skew ; Data Delay ;
+--------+----------------------------------------------+----------------------------------------------+--------------------------------------------------+-------------+--------------+------------+------------+
; 0.419  ; spi_interface:afe|dataout_slow[9]            ; spi_interface:afe|dataout[9]                 ; p_ll|altpll_component|auto_generated|pll1|clk[0] ; clk         ; 2.500        ; 1.558      ; 3.554      ;
; 0.537  ; spi_interface:afe|valid_slow                 ; spi_interface:afe|dv_r1                      ; p_ll|altpll_component|auto_generated|pll1|clk[0] ; clk         ; 2.500        ; 1.558      ; 3.436      ;
; 0.546  ; spi_interface:afe|dataout_slow[7]            ; spi_interface:afe|dataout[7]                 ; p_ll|altpll_component|auto_generated|pll1|clk[0] ; clk         ; 2.500        ; 1.558      ; 3.427      ;
; 0.550  ; spi_interface:afe|dataout_slow[1]            ; spi_interface:afe|dataout[1]                 ; p_ll|altpll_component|auto_generated|pll1|clk[0] ; clk         ; 2.500        ; 1.557      ; 3.422      ;
; 0.567  ; spi_interface:afe|dataout_slow[10]           ; spi_interface:afe|dataout[10]                ; p_ll|altpll_component|auto_generated|pll1|clk[0] ; clk         ; 2.500        ; 1.558      ; 3.406      ;
; 0.586  ; spi_interface:afe|dataout_slow[8]            ; spi_interface:afe|dataout[8]                 ; p_ll|altpll_component|auto_generated|pll1|clk[0] ; clk         ; 2.500        ; 1.558      ; 3.387      ;
; 0.600  ; spi_interface:afe|dataout_slow[4]            ; spi_interface:afe|dataout[4]                 ; p_ll|altpll_component|auto_generated|pll1|clk[0] ; clk         ; 2.500        ; 1.557      ; 3.372      ;
; 0.619  ; spi_interface:afe|dataout_slow[5]            ; spi_interface:afe|dataout[5]                 ; p_ll|altpll_component|auto_generated|pll1|clk[0] ; clk         ; 2.500        ; 1.557      ; 3.353      ;
; 0.625  ; spi_interface:afe|dataout_slow[11]           ; spi_interface:afe|dataout[11]                ; p_ll|altpll_component|auto_generated|pll1|clk[0] ; clk         ; 2.500        ; 1.557      ; 3.347      ;
; 0.634  ; spi_interface:afe|dataout_slow[0]            ; spi_interface:afe|dataout[0]                 ; p_ll|altpll_component|auto_generated|pll1|clk[0] ; clk         ; 2.500        ; 1.557      ; 3.338      ;
; 0.666  ; spi_interface:afe|dataout_slow[3]            ; spi_interface:afe|dataout[3]                 ; p_ll|altpll_component|auto_generated|pll1|clk[0] ; clk         ; 2.500        ; 1.557      ; 3.306      ;
; 0.667  ; spi_interface:afe|dataout_slow[6]            ; spi_interface:afe|dataout[6]                 ; p_ll|altpll_component|auto_generated|pll1|clk[0] ; clk         ; 2.500        ; 1.557      ; 3.305      ;
; 0.671  ; spi_interface:afe|dataout_slow[2]            ; spi_interface:afe|dataout[2]                 ; p_ll|altpll_component|auto_generated|pll1|clk[0] ; clk         ; 2.500        ; 1.557      ; 3.301      ;
; 10.974 ; frequency_tracker_sync:comb_3|period_cnt[18] ; frequency_tracker_sync:comb_3|phase_step[0]  ; clk                                              ; clk         ; 20.000       ; -0.051     ; 8.970      ;
; 10.974 ; frequency_tracker_sync:comb_3|period_cnt[18] ; frequency_tracker_sync:comb_3|phase_step[8]  ; clk                                              ; clk         ; 20.000       ; -0.051     ; 8.970      ;
; 10.974 ; frequency_tracker_sync:comb_3|period_cnt[18] ; frequency_tracker_sync:comb_3|phase_step[19] ; clk                                              ; clk         ; 20.000       ; -0.051     ; 8.970      ;
; 10.974 ; frequency_tracker_sync:comb_3|period_cnt[18] ; frequency_tracker_sync:comb_3|phase_step[20] ; clk                                              ; clk         ; 20.000       ; -0.051     ; 8.970      ;
; 11.086 ; frequency_tracker_sync:comb_3|period_cnt[18] ; frequency_tracker_sync:comb_3|phase_step[13] ; clk                                              ; clk         ; 20.000       ; -0.058     ; 8.851      ;
; 11.086 ; frequency_tracker_sync:comb_3|period_cnt[18] ; frequency_tracker_sync:comb_3|phase_step[17] ; clk                                              ; clk         ; 20.000       ; -0.058     ; 8.851      ;
; 11.086 ; frequency_tracker_sync:comb_3|period_cnt[18] ; frequency_tracker_sync:comb_3|phase_step[18] ; clk                                              ; clk         ; 20.000       ; -0.058     ; 8.851      ;
; 11.090 ; frequency_tracker_sync:comb_3|period_cnt[18] ; frequency_tracker_sync:comb_3|phase_step[3]  ; clk                                              ; clk         ; 20.000       ; -0.058     ; 8.847      ;
; 11.090 ; frequency_tracker_sync:comb_3|period_cnt[18] ; frequency_tracker_sync:comb_3|phase_step[5]  ; clk                                              ; clk         ; 20.000       ; -0.058     ; 8.847      ;
; 11.090 ; frequency_tracker_sync:comb_3|period_cnt[18] ; frequency_tracker_sync:comb_3|phase_step[7]  ; clk                                              ; clk         ; 20.000       ; -0.058     ; 8.847      ;
; 11.141 ; frequency_tracker_sync:comb_3|period_cnt[18] ; frequency_tracker_sync:comb_3|phase_step[11] ; clk                                              ; clk         ; 20.000       ; -0.049     ; 8.805      ;
; 11.141 ; frequency_tracker_sync:comb_3|period_cnt[18] ; frequency_tracker_sync:comb_3|phase_step[14] ; clk                                              ; clk         ; 20.000       ; -0.049     ; 8.805      ;
; 11.141 ; frequency_tracker_sync:comb_3|period_cnt[18] ; frequency_tracker_sync:comb_3|phase_step[16] ; clk                                              ; clk         ; 20.000       ; -0.049     ; 8.805      ;
; 11.221 ; frequency_tracker_sync:comb_3|period_cnt[6]  ; frequency_tracker_sync:comb_3|phase_step[0]  ; clk                                              ; clk         ; 20.000       ; -0.061     ; 8.713      ;
; 11.221 ; frequency_tracker_sync:comb_3|period_cnt[6]  ; frequency_tracker_sync:comb_3|phase_step[8]  ; clk                                              ; clk         ; 20.000       ; -0.061     ; 8.713      ;
; 11.221 ; frequency_tracker_sync:comb_3|period_cnt[6]  ; frequency_tracker_sync:comb_3|phase_step[19] ; clk                                              ; clk         ; 20.000       ; -0.061     ; 8.713      ;
; 11.221 ; frequency_tracker_sync:comb_3|period_cnt[6]  ; frequency_tracker_sync:comb_3|phase_step[20] ; clk                                              ; clk         ; 20.000       ; -0.061     ; 8.713      ;
; 11.369 ; frequency_tracker_sync:comb_3|period_cnt[6]  ; frequency_tracker_sync:comb_3|phase_step[13] ; clk                                              ; clk         ; 20.000       ; -0.068     ; 8.558      ;
; 11.369 ; frequency_tracker_sync:comb_3|period_cnt[6]  ; frequency_tracker_sync:comb_3|phase_step[17] ; clk                                              ; clk         ; 20.000       ; -0.068     ; 8.558      ;
; 11.369 ; frequency_tracker_sync:comb_3|period_cnt[6]  ; frequency_tracker_sync:comb_3|phase_step[18] ; clk                                              ; clk         ; 20.000       ; -0.068     ; 8.558      ;
; 11.372 ; frequency_tracker_sync:comb_3|period_cnt[6]  ; frequency_tracker_sync:comb_3|phase_step[3]  ; clk                                              ; clk         ; 20.000       ; -0.068     ; 8.555      ;
; 11.372 ; frequency_tracker_sync:comb_3|period_cnt[6]  ; frequency_tracker_sync:comb_3|phase_step[5]  ; clk                                              ; clk         ; 20.000       ; -0.068     ; 8.555      ;
; 11.372 ; frequency_tracker_sync:comb_3|period_cnt[6]  ; frequency_tracker_sync:comb_3|phase_step[7]  ; clk                                              ; clk         ; 20.000       ; -0.068     ; 8.555      ;
; 11.406 ; frequency_tracker_sync:comb_3|period_cnt[6]  ; frequency_tracker_sync:comb_3|phase_step[11] ; clk                                              ; clk         ; 20.000       ; -0.059     ; 8.530      ;
; 11.406 ; frequency_tracker_sync:comb_3|period_cnt[6]  ; frequency_tracker_sync:comb_3|phase_step[14] ; clk                                              ; clk         ; 20.000       ; -0.059     ; 8.530      ;
; 11.406 ; frequency_tracker_sync:comb_3|period_cnt[6]  ; frequency_tracker_sync:comb_3|phase_step[16] ; clk                                              ; clk         ; 20.000       ; -0.059     ; 8.530      ;
; 11.491 ; frequency_tracker_sync:comb_3|period_cnt[9]  ; frequency_tracker_sync:comb_3|phase_step[0]  ; clk                                              ; clk         ; 20.000       ; -0.061     ; 8.443      ;
; 11.491 ; frequency_tracker_sync:comb_3|period_cnt[9]  ; frequency_tracker_sync:comb_3|phase_step[8]  ; clk                                              ; clk         ; 20.000       ; -0.061     ; 8.443      ;
; 11.491 ; frequency_tracker_sync:comb_3|period_cnt[9]  ; frequency_tracker_sync:comb_3|phase_step[19] ; clk                                              ; clk         ; 20.000       ; -0.061     ; 8.443      ;
; 11.491 ; frequency_tracker_sync:comb_3|period_cnt[9]  ; frequency_tracker_sync:comb_3|phase_step[20] ; clk                                              ; clk         ; 20.000       ; -0.061     ; 8.443      ;
; 11.498 ; frequency_tracker_sync:comb_3|period_cnt[18] ; frequency_tracker_sync:comb_3|phase_step[1]  ; clk                                              ; clk         ; 20.000       ; -0.049     ; 8.448      ;
; 11.498 ; frequency_tracker_sync:comb_3|period_cnt[18] ; frequency_tracker_sync:comb_3|phase_step[2]  ; clk                                              ; clk         ; 20.000       ; -0.049     ; 8.448      ;
; 11.498 ; frequency_tracker_sync:comb_3|period_cnt[18] ; frequency_tracker_sync:comb_3|phase_step[4]  ; clk                                              ; clk         ; 20.000       ; -0.049     ; 8.448      ;
; 11.498 ; frequency_tracker_sync:comb_3|period_cnt[18] ; frequency_tracker_sync:comb_3|phase_step[6]  ; clk                                              ; clk         ; 20.000       ; -0.049     ; 8.448      ;
; 11.498 ; frequency_tracker_sync:comb_3|period_cnt[18] ; frequency_tracker_sync:comb_3|phase_step[9]  ; clk                                              ; clk         ; 20.000       ; -0.049     ; 8.448      ;
; 11.498 ; frequency_tracker_sync:comb_3|period_cnt[18] ; frequency_tracker_sync:comb_3|phase_step[10] ; clk                                              ; clk         ; 20.000       ; -0.049     ; 8.448      ;
; 11.498 ; frequency_tracker_sync:comb_3|period_cnt[18] ; frequency_tracker_sync:comb_3|phase_step[12] ; clk                                              ; clk         ; 20.000       ; -0.049     ; 8.448      ;
; 11.498 ; frequency_tracker_sync:comb_3|period_cnt[18] ; frequency_tracker_sync:comb_3|phase_step[15] ; clk                                              ; clk         ; 20.000       ; -0.049     ; 8.448      ;
; 11.499 ; frequency_tracker_sync:comb_3|period_cnt[2]  ; frequency_tracker_sync:comb_3|phase_step[0]  ; clk                                              ; clk         ; 20.000       ; -0.061     ; 8.435      ;
; 11.499 ; frequency_tracker_sync:comb_3|period_cnt[2]  ; frequency_tracker_sync:comb_3|phase_step[8]  ; clk                                              ; clk         ; 20.000       ; -0.061     ; 8.435      ;
; 11.499 ; frequency_tracker_sync:comb_3|period_cnt[2]  ; frequency_tracker_sync:comb_3|phase_step[19] ; clk                                              ; clk         ; 20.000       ; -0.061     ; 8.435      ;
; 11.499 ; frequency_tracker_sync:comb_3|period_cnt[2]  ; frequency_tracker_sync:comb_3|phase_step[20] ; clk                                              ; clk         ; 20.000       ; -0.061     ; 8.435      ;
; 11.594 ; frequency_tracker_sync:comb_3|period_cnt[7]  ; frequency_tracker_sync:comb_3|phase_step[0]  ; clk                                              ; clk         ; 20.000       ; -0.061     ; 8.340      ;
; 11.594 ; frequency_tracker_sync:comb_3|period_cnt[7]  ; frequency_tracker_sync:comb_3|phase_step[8]  ; clk                                              ; clk         ; 20.000       ; -0.061     ; 8.340      ;
; 11.594 ; frequency_tracker_sync:comb_3|period_cnt[7]  ; frequency_tracker_sync:comb_3|phase_step[19] ; clk                                              ; clk         ; 20.000       ; -0.061     ; 8.340      ;
; 11.594 ; frequency_tracker_sync:comb_3|period_cnt[7]  ; frequency_tracker_sync:comb_3|phase_step[20] ; clk                                              ; clk         ; 20.000       ; -0.061     ; 8.340      ;
; 11.603 ; frequency_tracker_sync:comb_3|period_cnt[9]  ; frequency_tracker_sync:comb_3|phase_step[13] ; clk                                              ; clk         ; 20.000       ; -0.068     ; 8.324      ;
; 11.603 ; frequency_tracker_sync:comb_3|period_cnt[9]  ; frequency_tracker_sync:comb_3|phase_step[17] ; clk                                              ; clk         ; 20.000       ; -0.068     ; 8.324      ;
; 11.603 ; frequency_tracker_sync:comb_3|period_cnt[9]  ; frequency_tracker_sync:comb_3|phase_step[18] ; clk                                              ; clk         ; 20.000       ; -0.068     ; 8.324      ;
; 11.605 ; frequency_tracker_sync:comb_3|period_cnt[4]  ; frequency_tracker_sync:comb_3|phase_step[0]  ; clk                                              ; clk         ; 20.000       ; -0.061     ; 8.329      ;
; 11.605 ; frequency_tracker_sync:comb_3|period_cnt[4]  ; frequency_tracker_sync:comb_3|phase_step[8]  ; clk                                              ; clk         ; 20.000       ; -0.061     ; 8.329      ;
; 11.605 ; frequency_tracker_sync:comb_3|period_cnt[4]  ; frequency_tracker_sync:comb_3|phase_step[19] ; clk                                              ; clk         ; 20.000       ; -0.061     ; 8.329      ;
; 11.605 ; frequency_tracker_sync:comb_3|period_cnt[4]  ; frequency_tracker_sync:comb_3|phase_step[20] ; clk                                              ; clk         ; 20.000       ; -0.061     ; 8.329      ;
; 11.607 ; frequency_tracker_sync:comb_3|period_cnt[9]  ; frequency_tracker_sync:comb_3|phase_step[3]  ; clk                                              ; clk         ; 20.000       ; -0.068     ; 8.320      ;
; 11.607 ; frequency_tracker_sync:comb_3|period_cnt[9]  ; frequency_tracker_sync:comb_3|phase_step[5]  ; clk                                              ; clk         ; 20.000       ; -0.068     ; 8.320      ;
; 11.607 ; frequency_tracker_sync:comb_3|period_cnt[9]  ; frequency_tracker_sync:comb_3|phase_step[7]  ; clk                                              ; clk         ; 20.000       ; -0.068     ; 8.320      ;
; 11.611 ; frequency_tracker_sync:comb_3|period_cnt[2]  ; frequency_tracker_sync:comb_3|phase_step[13] ; clk                                              ; clk         ; 20.000       ; -0.068     ; 8.316      ;
; 11.611 ; frequency_tracker_sync:comb_3|period_cnt[2]  ; frequency_tracker_sync:comb_3|phase_step[17] ; clk                                              ; clk         ; 20.000       ; -0.068     ; 8.316      ;
; 11.611 ; frequency_tracker_sync:comb_3|period_cnt[2]  ; frequency_tracker_sync:comb_3|phase_step[18] ; clk                                              ; clk         ; 20.000       ; -0.068     ; 8.316      ;
; 11.615 ; frequency_tracker_sync:comb_3|period_cnt[2]  ; frequency_tracker_sync:comb_3|phase_step[3]  ; clk                                              ; clk         ; 20.000       ; -0.068     ; 8.312      ;
; 11.615 ; frequency_tracker_sync:comb_3|period_cnt[2]  ; frequency_tracker_sync:comb_3|phase_step[5]  ; clk                                              ; clk         ; 20.000       ; -0.068     ; 8.312      ;
; 11.615 ; frequency_tracker_sync:comb_3|period_cnt[2]  ; frequency_tracker_sync:comb_3|phase_step[7]  ; clk                                              ; clk         ; 20.000       ; -0.068     ; 8.312      ;
; 11.626 ; frequency_tracker_sync:comb_3|period_cnt[19] ; frequency_tracker_sync:comb_3|phase_step[0]  ; clk                                              ; clk         ; 20.000       ; -0.051     ; 8.318      ;
; 11.626 ; frequency_tracker_sync:comb_3|period_cnt[19] ; frequency_tracker_sync:comb_3|phase_step[8]  ; clk                                              ; clk         ; 20.000       ; -0.051     ; 8.318      ;
; 11.626 ; frequency_tracker_sync:comb_3|period_cnt[19] ; frequency_tracker_sync:comb_3|phase_step[19] ; clk                                              ; clk         ; 20.000       ; -0.051     ; 8.318      ;
; 11.626 ; frequency_tracker_sync:comb_3|period_cnt[19] ; frequency_tracker_sync:comb_3|phase_step[20] ; clk                                              ; clk         ; 20.000       ; -0.051     ; 8.318      ;
; 11.658 ; frequency_tracker_sync:comb_3|period_cnt[9]  ; frequency_tracker_sync:comb_3|phase_step[11] ; clk                                              ; clk         ; 20.000       ; -0.059     ; 8.278      ;
; 11.658 ; frequency_tracker_sync:comb_3|period_cnt[9]  ; frequency_tracker_sync:comb_3|phase_step[14] ; clk                                              ; clk         ; 20.000       ; -0.059     ; 8.278      ;
; 11.658 ; frequency_tracker_sync:comb_3|period_cnt[9]  ; frequency_tracker_sync:comb_3|phase_step[16] ; clk                                              ; clk         ; 20.000       ; -0.059     ; 8.278      ;
; 11.666 ; frequency_tracker_sync:comb_3|period_cnt[2]  ; frequency_tracker_sync:comb_3|phase_step[11] ; clk                                              ; clk         ; 20.000       ; -0.059     ; 8.270      ;
; 11.666 ; frequency_tracker_sync:comb_3|period_cnt[2]  ; frequency_tracker_sync:comb_3|phase_step[14] ; clk                                              ; clk         ; 20.000       ; -0.059     ; 8.270      ;
; 11.666 ; frequency_tracker_sync:comb_3|period_cnt[2]  ; frequency_tracker_sync:comb_3|phase_step[16] ; clk                                              ; clk         ; 20.000       ; -0.059     ; 8.270      ;
; 11.667 ; frequency_tracker_sync:comb_3|period_cnt[5]  ; frequency_tracker_sync:comb_3|phase_step[0]  ; clk                                              ; clk         ; 20.000       ; -0.061     ; 8.267      ;
; 11.667 ; frequency_tracker_sync:comb_3|period_cnt[5]  ; frequency_tracker_sync:comb_3|phase_step[8]  ; clk                                              ; clk         ; 20.000       ; -0.061     ; 8.267      ;
; 11.667 ; frequency_tracker_sync:comb_3|period_cnt[5]  ; frequency_tracker_sync:comb_3|phase_step[19] ; clk                                              ; clk         ; 20.000       ; -0.061     ; 8.267      ;
; 11.667 ; frequency_tracker_sync:comb_3|period_cnt[5]  ; frequency_tracker_sync:comb_3|phase_step[20] ; clk                                              ; clk         ; 20.000       ; -0.061     ; 8.267      ;
; 11.710 ; frequency_tracker_sync:comb_3|period_cnt[3]  ; frequency_tracker_sync:comb_3|phase_step[0]  ; clk                                              ; clk         ; 20.000       ; -0.061     ; 8.224      ;
; 11.710 ; frequency_tracker_sync:comb_3|period_cnt[3]  ; frequency_tracker_sync:comb_3|phase_step[8]  ; clk                                              ; clk         ; 20.000       ; -0.061     ; 8.224      ;
; 11.710 ; frequency_tracker_sync:comb_3|period_cnt[3]  ; frequency_tracker_sync:comb_3|phase_step[19] ; clk                                              ; clk         ; 20.000       ; -0.061     ; 8.224      ;
; 11.710 ; frequency_tracker_sync:comb_3|period_cnt[3]  ; frequency_tracker_sync:comb_3|phase_step[20] ; clk                                              ; clk         ; 20.000       ; -0.061     ; 8.224      ;
; 11.717 ; frequency_tracker_sync:comb_3|period_cnt[4]  ; frequency_tracker_sync:comb_3|phase_step[13] ; clk                                              ; clk         ; 20.000       ; -0.068     ; 8.210      ;
; 11.717 ; frequency_tracker_sync:comb_3|period_cnt[4]  ; frequency_tracker_sync:comb_3|phase_step[17] ; clk                                              ; clk         ; 20.000       ; -0.068     ; 8.210      ;
; 11.717 ; frequency_tracker_sync:comb_3|period_cnt[4]  ; frequency_tracker_sync:comb_3|phase_step[18] ; clk                                              ; clk         ; 20.000       ; -0.068     ; 8.210      ;
; 11.721 ; frequency_tracker_sync:comb_3|period_cnt[4]  ; frequency_tracker_sync:comb_3|phase_step[3]  ; clk                                              ; clk         ; 20.000       ; -0.068     ; 8.206      ;
; 11.721 ; frequency_tracker_sync:comb_3|period_cnt[4]  ; frequency_tracker_sync:comb_3|phase_step[5]  ; clk                                              ; clk         ; 20.000       ; -0.068     ; 8.206      ;
; 11.721 ; frequency_tracker_sync:comb_3|period_cnt[4]  ; frequency_tracker_sync:comb_3|phase_step[7]  ; clk                                              ; clk         ; 20.000       ; -0.068     ; 8.206      ;
; 11.738 ; frequency_tracker_sync:comb_3|period_cnt[19] ; frequency_tracker_sync:comb_3|phase_step[13] ; clk                                              ; clk         ; 20.000       ; -0.058     ; 8.199      ;
+--------+----------------------------------------------+----------------------------------------------+--------------------------------------------------+-------------+--------------+------------+------------+


+----------------------------------------------------------------------------------------------------------------------------------------------------------------------------------------------------------------------------+
; Slow 1200mV 0C Model Setup: 'p_ll|altpll_component|auto_generated|pll1|clk[0]'                                                                                                                                             ;
+---------+------------------------------+------------------------------------+--------------------------------------------------+--------------------------------------------------+--------------+------------+------------+
; Slack   ; From Node                    ; To Node                            ; Launch Clock                                     ; Latch Clock                                      ; Relationship ; Clock Skew ; Data Delay ;
+---------+------------------------------+------------------------------------+--------------------------------------------------+--------------------------------------------------+--------------+------------+------------+
; 154.997 ; spi_interface:afe|count[1]   ; spi_interface:afe|din              ; p_ll|altpll_component|auto_generated|pll1|clk[0] ; p_ll|altpll_component|auto_generated|pll1|clk[0] ; 156.250      ; -0.072     ; 1.176      ;
; 155.100 ; spi_interface:afe|count[3]   ; spi_interface:afe|din              ; p_ll|altpll_component|auto_generated|pll1|clk[0] ; p_ll|altpll_component|auto_generated|pll1|clk[0] ; 156.250      ; -0.072     ; 1.073      ;
; 155.236 ; spi_interface:afe|count[2]   ; spi_interface:afe|din              ; p_ll|altpll_component|auto_generated|pll1|clk[0] ; p_ll|altpll_component|auto_generated|pll1|clk[0] ; 156.250      ; -0.072     ; 0.937      ;
; 155.324 ; spi_interface:afe|count[0]   ; spi_interface:afe|din              ; p_ll|altpll_component|auto_generated|pll1|clk[0] ; p_ll|altpll_component|auto_generated|pll1|clk[0] ; 156.250      ; -0.072     ; 0.849      ;
; 309.788 ; spi_interface:afe|count[1]   ; spi_interface:afe|dataout_slow[11] ; p_ll|altpll_component|auto_generated|pll1|clk[0] ; p_ll|altpll_component|auto_generated|pll1|clk[0] ; 312.500      ; -0.055     ; 2.652      ;
; 309.788 ; spi_interface:afe|count[1]   ; spi_interface:afe|dataout_slow[6]  ; p_ll|altpll_component|auto_generated|pll1|clk[0] ; p_ll|altpll_component|auto_generated|pll1|clk[0] ; 312.500      ; -0.055     ; 2.652      ;
; 309.788 ; spi_interface:afe|count[1]   ; spi_interface:afe|dataout_slow[5]  ; p_ll|altpll_component|auto_generated|pll1|clk[0] ; p_ll|altpll_component|auto_generated|pll1|clk[0] ; 312.500      ; -0.055     ; 2.652      ;
; 309.788 ; spi_interface:afe|count[1]   ; spi_interface:afe|dataout_slow[4]  ; p_ll|altpll_component|auto_generated|pll1|clk[0] ; p_ll|altpll_component|auto_generated|pll1|clk[0] ; 312.500      ; -0.055     ; 2.652      ;
; 309.788 ; spi_interface:afe|count[1]   ; spi_interface:afe|dataout_slow[3]  ; p_ll|altpll_component|auto_generated|pll1|clk[0] ; p_ll|altpll_component|auto_generated|pll1|clk[0] ; 312.500      ; -0.055     ; 2.652      ;
; 309.788 ; spi_interface:afe|count[1]   ; spi_interface:afe|dataout_slow[2]  ; p_ll|altpll_component|auto_generated|pll1|clk[0] ; p_ll|altpll_component|auto_generated|pll1|clk[0] ; 312.500      ; -0.055     ; 2.652      ;
; 309.788 ; spi_interface:afe|count[1]   ; spi_interface:afe|dataout_slow[1]  ; p_ll|altpll_component|auto_generated|pll1|clk[0] ; p_ll|altpll_component|auto_generated|pll1|clk[0] ; 312.500      ; -0.055     ; 2.652      ;
; 309.788 ; spi_interface:afe|count[1]   ; spi_interface:afe|dataout_slow[0]  ; p_ll|altpll_component|auto_generated|pll1|clk[0] ; p_ll|altpll_component|auto_generated|pll1|clk[0] ; 312.500      ; -0.055     ; 2.652      ;
; 309.795 ; spi_interface:afe|count[2]   ; spi_interface:afe|dataout_slow[11] ; p_ll|altpll_component|auto_generated|pll1|clk[0] ; p_ll|altpll_component|auto_generated|pll1|clk[0] ; 312.500      ; -0.055     ; 2.645      ;
; 309.795 ; spi_interface:afe|count[2]   ; spi_interface:afe|dataout_slow[6]  ; p_ll|altpll_component|auto_generated|pll1|clk[0] ; p_ll|altpll_component|auto_generated|pll1|clk[0] ; 312.500      ; -0.055     ; 2.645      ;
; 309.795 ; spi_interface:afe|count[2]   ; spi_interface:afe|dataout_slow[5]  ; p_ll|altpll_component|auto_generated|pll1|clk[0] ; p_ll|altpll_component|auto_generated|pll1|clk[0] ; 312.500      ; -0.055     ; 2.645      ;
; 309.795 ; spi_interface:afe|count[2]   ; spi_interface:afe|dataout_slow[4]  ; p_ll|altpll_component|auto_generated|pll1|clk[0] ; p_ll|altpll_component|auto_generated|pll1|clk[0] ; 312.500      ; -0.055     ; 2.645      ;
; 309.795 ; spi_interface:afe|count[2]   ; spi_interface:afe|dataout_slow[3]  ; p_ll|altpll_component|auto_generated|pll1|clk[0] ; p_ll|altpll_component|auto_generated|pll1|clk[0] ; 312.500      ; -0.055     ; 2.645      ;
; 309.795 ; spi_interface:afe|count[2]   ; spi_interface:afe|dataout_slow[2]  ; p_ll|altpll_component|auto_generated|pll1|clk[0] ; p_ll|altpll_component|auto_generated|pll1|clk[0] ; 312.500      ; -0.055     ; 2.645      ;
; 309.795 ; spi_interface:afe|count[2]   ; spi_interface:afe|dataout_slow[1]  ; p_ll|altpll_component|auto_generated|pll1|clk[0] ; p_ll|altpll_component|auto_generated|pll1|clk[0] ; 312.500      ; -0.055     ; 2.645      ;
; 309.795 ; spi_interface:afe|count[2]   ; spi_interface:afe|dataout_slow[0]  ; p_ll|altpll_component|auto_generated|pll1|clk[0] ; p_ll|altpll_component|auto_generated|pll1|clk[0] ; 312.500      ; -0.055     ; 2.645      ;
; 309.886 ; spi_interface:afe|count[3]   ; spi_interface:afe|dataout_slow[11] ; p_ll|altpll_component|auto_generated|pll1|clk[0] ; p_ll|altpll_component|auto_generated|pll1|clk[0] ; 312.500      ; -0.055     ; 2.554      ;
; 309.886 ; spi_interface:afe|count[3]   ; spi_interface:afe|dataout_slow[6]  ; p_ll|altpll_component|auto_generated|pll1|clk[0] ; p_ll|altpll_component|auto_generated|pll1|clk[0] ; 312.500      ; -0.055     ; 2.554      ;
; 309.886 ; spi_interface:afe|count[3]   ; spi_interface:afe|dataout_slow[5]  ; p_ll|altpll_component|auto_generated|pll1|clk[0] ; p_ll|altpll_component|auto_generated|pll1|clk[0] ; 312.500      ; -0.055     ; 2.554      ;
; 309.886 ; spi_interface:afe|count[3]   ; spi_interface:afe|dataout_slow[4]  ; p_ll|altpll_component|auto_generated|pll1|clk[0] ; p_ll|altpll_component|auto_generated|pll1|clk[0] ; 312.500      ; -0.055     ; 2.554      ;
; 309.886 ; spi_interface:afe|count[3]   ; spi_interface:afe|dataout_slow[3]  ; p_ll|altpll_component|auto_generated|pll1|clk[0] ; p_ll|altpll_component|auto_generated|pll1|clk[0] ; 312.500      ; -0.055     ; 2.554      ;
; 309.886 ; spi_interface:afe|count[3]   ; spi_interface:afe|dataout_slow[2]  ; p_ll|altpll_component|auto_generated|pll1|clk[0] ; p_ll|altpll_component|auto_generated|pll1|clk[0] ; 312.500      ; -0.055     ; 2.554      ;
; 309.886 ; spi_interface:afe|count[3]   ; spi_interface:afe|dataout_slow[1]  ; p_ll|altpll_component|auto_generated|pll1|clk[0] ; p_ll|altpll_component|auto_generated|pll1|clk[0] ; 312.500      ; -0.055     ; 2.554      ;
; 309.886 ; spi_interface:afe|count[3]   ; spi_interface:afe|dataout_slow[0]  ; p_ll|altpll_component|auto_generated|pll1|clk[0] ; p_ll|altpll_component|auto_generated|pll1|clk[0] ; 312.500      ; -0.055     ; 2.554      ;
; 310.012 ; spi_interface:afe|count[0]   ; spi_interface:afe|dataout_slow[11] ; p_ll|altpll_component|auto_generated|pll1|clk[0] ; p_ll|altpll_component|auto_generated|pll1|clk[0] ; 312.500      ; -0.055     ; 2.428      ;
; 310.012 ; spi_interface:afe|count[0]   ; spi_interface:afe|dataout_slow[6]  ; p_ll|altpll_component|auto_generated|pll1|clk[0] ; p_ll|altpll_component|auto_generated|pll1|clk[0] ; 312.500      ; -0.055     ; 2.428      ;
; 310.012 ; spi_interface:afe|count[0]   ; spi_interface:afe|dataout_slow[5]  ; p_ll|altpll_component|auto_generated|pll1|clk[0] ; p_ll|altpll_component|auto_generated|pll1|clk[0] ; 312.500      ; -0.055     ; 2.428      ;
; 310.012 ; spi_interface:afe|count[0]   ; spi_interface:afe|dataout_slow[4]  ; p_ll|altpll_component|auto_generated|pll1|clk[0] ; p_ll|altpll_component|auto_generated|pll1|clk[0] ; 312.500      ; -0.055     ; 2.428      ;
; 310.012 ; spi_interface:afe|count[0]   ; spi_interface:afe|dataout_slow[3]  ; p_ll|altpll_component|auto_generated|pll1|clk[0] ; p_ll|altpll_component|auto_generated|pll1|clk[0] ; 312.500      ; -0.055     ; 2.428      ;
; 310.012 ; spi_interface:afe|count[0]   ; spi_interface:afe|dataout_slow[2]  ; p_ll|altpll_component|auto_generated|pll1|clk[0] ; p_ll|altpll_component|auto_generated|pll1|clk[0] ; 312.500      ; -0.055     ; 2.428      ;
; 310.012 ; spi_interface:afe|count[0]   ; spi_interface:afe|dataout_slow[1]  ; p_ll|altpll_component|auto_generated|pll1|clk[0] ; p_ll|altpll_component|auto_generated|pll1|clk[0] ; 312.500      ; -0.055     ; 2.428      ;
; 310.012 ; spi_interface:afe|count[0]   ; spi_interface:afe|dataout_slow[0]  ; p_ll|altpll_component|auto_generated|pll1|clk[0] ; p_ll|altpll_component|auto_generated|pll1|clk[0] ; 312.500      ; -0.055     ; 2.428      ;
; 310.054 ; spi_interface:afe|count[1]   ; spi_interface:afe|dataout_slow[10] ; p_ll|altpll_component|auto_generated|pll1|clk[0] ; p_ll|altpll_component|auto_generated|pll1|clk[0] ; 312.500      ; -0.054     ; 2.387      ;
; 310.054 ; spi_interface:afe|count[1]   ; spi_interface:afe|dataout_slow[9]  ; p_ll|altpll_component|auto_generated|pll1|clk[0] ; p_ll|altpll_component|auto_generated|pll1|clk[0] ; 312.500      ; -0.054     ; 2.387      ;
; 310.054 ; spi_interface:afe|count[1]   ; spi_interface:afe|dataout_slow[8]  ; p_ll|altpll_component|auto_generated|pll1|clk[0] ; p_ll|altpll_component|auto_generated|pll1|clk[0] ; 312.500      ; -0.054     ; 2.387      ;
; 310.054 ; spi_interface:afe|count[1]   ; spi_interface:afe|dataout_slow[7]  ; p_ll|altpll_component|auto_generated|pll1|clk[0] ; p_ll|altpll_component|auto_generated|pll1|clk[0] ; 312.500      ; -0.054     ; 2.387      ;
; 310.061 ; spi_interface:afe|count[2]   ; spi_interface:afe|dataout_slow[10] ; p_ll|altpll_component|auto_generated|pll1|clk[0] ; p_ll|altpll_component|auto_generated|pll1|clk[0] ; 312.500      ; -0.054     ; 2.380      ;
; 310.061 ; spi_interface:afe|count[2]   ; spi_interface:afe|dataout_slow[9]  ; p_ll|altpll_component|auto_generated|pll1|clk[0] ; p_ll|altpll_component|auto_generated|pll1|clk[0] ; 312.500      ; -0.054     ; 2.380      ;
; 310.061 ; spi_interface:afe|count[2]   ; spi_interface:afe|dataout_slow[8]  ; p_ll|altpll_component|auto_generated|pll1|clk[0] ; p_ll|altpll_component|auto_generated|pll1|clk[0] ; 312.500      ; -0.054     ; 2.380      ;
; 310.061 ; spi_interface:afe|count[2]   ; spi_interface:afe|dataout_slow[7]  ; p_ll|altpll_component|auto_generated|pll1|clk[0] ; p_ll|altpll_component|auto_generated|pll1|clk[0] ; 312.500      ; -0.054     ; 2.380      ;
; 310.152 ; spi_interface:afe|count[3]   ; spi_interface:afe|dataout_slow[10] ; p_ll|altpll_component|auto_generated|pll1|clk[0] ; p_ll|altpll_component|auto_generated|pll1|clk[0] ; 312.500      ; -0.054     ; 2.289      ;
; 310.152 ; spi_interface:afe|count[3]   ; spi_interface:afe|dataout_slow[9]  ; p_ll|altpll_component|auto_generated|pll1|clk[0] ; p_ll|altpll_component|auto_generated|pll1|clk[0] ; 312.500      ; -0.054     ; 2.289      ;
; 310.152 ; spi_interface:afe|count[3]   ; spi_interface:afe|dataout_slow[8]  ; p_ll|altpll_component|auto_generated|pll1|clk[0] ; p_ll|altpll_component|auto_generated|pll1|clk[0] ; 312.500      ; -0.054     ; 2.289      ;
; 310.152 ; spi_interface:afe|count[3]   ; spi_interface:afe|dataout_slow[7]  ; p_ll|altpll_component|auto_generated|pll1|clk[0] ; p_ll|altpll_component|auto_generated|pll1|clk[0] ; 312.500      ; -0.054     ; 2.289      ;
; 310.182 ; spi_interface:afe|count[1]   ; spi_interface:afe|clock_out        ; p_ll|altpll_component|auto_generated|pll1|clk[0] ; p_ll|altpll_component|auto_generated|pll1|clk[0] ; 312.500      ; -0.064     ; 2.249      ;
; 310.189 ; spi_interface:afe|count[2]   ; spi_interface:afe|clock_out        ; p_ll|altpll_component|auto_generated|pll1|clk[0] ; p_ll|altpll_component|auto_generated|pll1|clk[0] ; 312.500      ; -0.064     ; 2.242      ;
; 310.278 ; spi_interface:afe|count[0]   ; spi_interface:afe|dataout_slow[10] ; p_ll|altpll_component|auto_generated|pll1|clk[0] ; p_ll|altpll_component|auto_generated|pll1|clk[0] ; 312.500      ; -0.054     ; 2.163      ;
; 310.278 ; spi_interface:afe|count[0]   ; spi_interface:afe|dataout_slow[9]  ; p_ll|altpll_component|auto_generated|pll1|clk[0] ; p_ll|altpll_component|auto_generated|pll1|clk[0] ; 312.500      ; -0.054     ; 2.163      ;
; 310.278 ; spi_interface:afe|count[0]   ; spi_interface:afe|dataout_slow[8]  ; p_ll|altpll_component|auto_generated|pll1|clk[0] ; p_ll|altpll_component|auto_generated|pll1|clk[0] ; 312.500      ; -0.054     ; 2.163      ;
; 310.278 ; spi_interface:afe|count[0]   ; spi_interface:afe|dataout_slow[7]  ; p_ll|altpll_component|auto_generated|pll1|clk[0] ; p_ll|altpll_component|auto_generated|pll1|clk[0] ; 312.500      ; -0.054     ; 2.163      ;
; 310.280 ; spi_interface:afe|count[3]   ; spi_interface:afe|clock_out        ; p_ll|altpll_component|auto_generated|pll1|clk[0] ; p_ll|altpll_component|auto_generated|pll1|clk[0] ; 312.500      ; -0.064     ; 2.151      ;
; 310.406 ; spi_interface:afe|count[0]   ; spi_interface:afe|clock_out        ; p_ll|altpll_component|auto_generated|pll1|clk[0] ; p_ll|altpll_component|auto_generated|pll1|clk[0] ; 312.500      ; -0.064     ; 2.025      ;
; 310.532 ; spi_interface:afe|count[1]   ; spi_interface:afe|data_temp[6]     ; p_ll|altpll_component|auto_generated|pll1|clk[0] ; p_ll|altpll_component|auto_generated|pll1|clk[0] ; 312.500      ; -0.054     ; 1.909      ;
; 310.543 ; spi_interface:afe|idle_state ; spi_interface:afe|dataout_slow[11] ; p_ll|altpll_component|auto_generated|pll1|clk[0] ; p_ll|altpll_component|auto_generated|pll1|clk[0] ; 312.500      ; -0.055     ; 1.897      ;
; 310.543 ; spi_interface:afe|idle_state ; spi_interface:afe|dataout_slow[6]  ; p_ll|altpll_component|auto_generated|pll1|clk[0] ; p_ll|altpll_component|auto_generated|pll1|clk[0] ; 312.500      ; -0.055     ; 1.897      ;
; 310.543 ; spi_interface:afe|idle_state ; spi_interface:afe|dataout_slow[5]  ; p_ll|altpll_component|auto_generated|pll1|clk[0] ; p_ll|altpll_component|auto_generated|pll1|clk[0] ; 312.500      ; -0.055     ; 1.897      ;
; 310.543 ; spi_interface:afe|idle_state ; spi_interface:afe|dataout_slow[4]  ; p_ll|altpll_component|auto_generated|pll1|clk[0] ; p_ll|altpll_component|auto_generated|pll1|clk[0] ; 312.500      ; -0.055     ; 1.897      ;
; 310.543 ; spi_interface:afe|idle_state ; spi_interface:afe|dataout_slow[3]  ; p_ll|altpll_component|auto_generated|pll1|clk[0] ; p_ll|altpll_component|auto_generated|pll1|clk[0] ; 312.500      ; -0.055     ; 1.897      ;
; 310.543 ; spi_interface:afe|idle_state ; spi_interface:afe|dataout_slow[2]  ; p_ll|altpll_component|auto_generated|pll1|clk[0] ; p_ll|altpll_component|auto_generated|pll1|clk[0] ; 312.500      ; -0.055     ; 1.897      ;
; 310.543 ; spi_interface:afe|idle_state ; spi_interface:afe|dataout_slow[1]  ; p_ll|altpll_component|auto_generated|pll1|clk[0] ; p_ll|altpll_component|auto_generated|pll1|clk[0] ; 312.500      ; -0.055     ; 1.897      ;
; 310.543 ; spi_interface:afe|idle_state ; spi_interface:afe|dataout_slow[0]  ; p_ll|altpll_component|auto_generated|pll1|clk[0] ; p_ll|altpll_component|auto_generated|pll1|clk[0] ; 312.500      ; -0.055     ; 1.897      ;
; 310.632 ; spi_interface:afe|count[1]   ; spi_interface:afe|idle_state       ; p_ll|altpll_component|auto_generated|pll1|clk[0] ; p_ll|altpll_component|auto_generated|pll1|clk[0] ; 312.500      ; -0.055     ; 1.808      ;
; 310.639 ; spi_interface:afe|count[2]   ; spi_interface:afe|idle_state       ; p_ll|altpll_component|auto_generated|pll1|clk[0] ; p_ll|altpll_component|auto_generated|pll1|clk[0] ; 312.500      ; -0.055     ; 1.801      ;
; 310.666 ; spi_interface:afe|count[1]   ; spi_interface:afe|data_temp[7]     ; p_ll|altpll_component|auto_generated|pll1|clk[0] ; p_ll|altpll_component|auto_generated|pll1|clk[0] ; 312.500      ; -0.054     ; 1.775      ;
; 310.693 ; spi_interface:afe|count[1]   ; spi_interface:afe|data_temp[9]     ; p_ll|altpll_component|auto_generated|pll1|clk[0] ; p_ll|altpll_component|auto_generated|pll1|clk[0] ; 312.500      ; -0.054     ; 1.748      ;
; 310.698 ; spi_interface:afe|count[1]   ; spi_interface:afe|data_temp[11]    ; p_ll|altpll_component|auto_generated|pll1|clk[0] ; p_ll|altpll_component|auto_generated|pll1|clk[0] ; 312.500      ; -0.054     ; 1.743      ;
; 310.704 ; spi_interface:afe|count[3]   ; spi_interface:afe|data_temp[6]     ; p_ll|altpll_component|auto_generated|pll1|clk[0] ; p_ll|altpll_component|auto_generated|pll1|clk[0] ; 312.500      ; -0.054     ; 1.737      ;
; 310.730 ; spi_interface:afe|count[3]   ; spi_interface:afe|idle_state       ; p_ll|altpll_component|auto_generated|pll1|clk[0] ; p_ll|altpll_component|auto_generated|pll1|clk[0] ; 312.500      ; -0.055     ; 1.710      ;
; 310.784 ; spi_interface:afe|count[3]   ; spi_interface:afe|data_temp[7]     ; p_ll|altpll_component|auto_generated|pll1|clk[0] ; p_ll|altpll_component|auto_generated|pll1|clk[0] ; 312.500      ; -0.054     ; 1.657      ;
; 310.808 ; spi_interface:afe|count[2]   ; spi_interface:afe|data_temp[6]     ; p_ll|altpll_component|auto_generated|pll1|clk[0] ; p_ll|altpll_component|auto_generated|pll1|clk[0] ; 312.500      ; -0.054     ; 1.633      ;
; 310.814 ; spi_interface:afe|idle_state ; spi_interface:afe|dataout_slow[10] ; p_ll|altpll_component|auto_generated|pll1|clk[0] ; p_ll|altpll_component|auto_generated|pll1|clk[0] ; 312.500      ; -0.054     ; 1.627      ;
; 310.814 ; spi_interface:afe|idle_state ; spi_interface:afe|dataout_slow[9]  ; p_ll|altpll_component|auto_generated|pll1|clk[0] ; p_ll|altpll_component|auto_generated|pll1|clk[0] ; 312.500      ; -0.054     ; 1.627      ;
; 310.814 ; spi_interface:afe|idle_state ; spi_interface:afe|dataout_slow[8]  ; p_ll|altpll_component|auto_generated|pll1|clk[0] ; p_ll|altpll_component|auto_generated|pll1|clk[0] ; 312.500      ; -0.054     ; 1.627      ;
; 310.814 ; spi_interface:afe|idle_state ; spi_interface:afe|dataout_slow[7]  ; p_ll|altpll_component|auto_generated|pll1|clk[0] ; p_ll|altpll_component|auto_generated|pll1|clk[0] ; 312.500      ; -0.054     ; 1.627      ;
; 310.828 ; spi_interface:afe|count[3]   ; spi_interface:afe|data_temp[11]    ; p_ll|altpll_component|auto_generated|pll1|clk[0] ; p_ll|altpll_component|auto_generated|pll1|clk[0] ; 312.500      ; -0.054     ; 1.613      ;
; 310.829 ; spi_interface:afe|count[3]   ; spi_interface:afe|data_temp[9]     ; p_ll|altpll_component|auto_generated|pll1|clk[0] ; p_ll|altpll_component|auto_generated|pll1|clk[0] ; 312.500      ; -0.054     ; 1.612      ;
; 310.856 ; spi_interface:afe|count[0]   ; spi_interface:afe|idle_state       ; p_ll|altpll_component|auto_generated|pll1|clk[0] ; p_ll|altpll_component|auto_generated|pll1|clk[0] ; 312.500      ; -0.055     ; 1.584      ;
; 310.899 ; spi_interface:afe|count[0]   ; spi_interface:afe|data_temp[6]     ; p_ll|altpll_component|auto_generated|pll1|clk[0] ; p_ll|altpll_component|auto_generated|pll1|clk[0] ; 312.500      ; -0.054     ; 1.542      ;
; 310.903 ; spi_interface:afe|count[1]   ; spi_interface:afe|data_temp[5]     ; p_ll|altpll_component|auto_generated|pll1|clk[0] ; p_ll|altpll_component|auto_generated|pll1|clk[0] ; 312.500      ; -0.054     ; 1.538      ;
; 310.929 ; spi_interface:afe|count[2]   ; spi_interface:afe|data_temp[9]     ; p_ll|altpll_component|auto_generated|pll1|clk[0] ; p_ll|altpll_component|auto_generated|pll1|clk[0] ; 312.500      ; -0.054     ; 1.512      ;
; 310.942 ; spi_interface:afe|idle_state ; spi_interface:afe|clock_out        ; p_ll|altpll_component|auto_generated|pll1|clk[0] ; p_ll|altpll_component|auto_generated|pll1|clk[0] ; 312.500      ; -0.064     ; 1.489      ;
; 310.943 ; spi_interface:afe|count[2]   ; spi_interface:afe|data_temp[11]    ; p_ll|altpll_component|auto_generated|pll1|clk[0] ; p_ll|altpll_component|auto_generated|pll1|clk[0] ; 312.500      ; -0.054     ; 1.498      ;
; 310.952 ; spi_interface:afe|count[1]   ; spi_interface:afe|data_temp[4]     ; p_ll|altpll_component|auto_generated|pll1|clk[0] ; p_ll|altpll_component|auto_generated|pll1|clk[0] ; 312.500      ; -0.054     ; 1.489      ;
; 310.981 ; spi_interface:afe|count[1]   ; spi_interface:afe|data_temp[8]     ; p_ll|altpll_component|auto_generated|pll1|clk[0] ; p_ll|altpll_component|auto_generated|pll1|clk[0] ; 312.500      ; -0.054     ; 1.460      ;
; 310.984 ; spi_interface:afe|count[1]   ; spi_interface:afe|data_temp[10]    ; p_ll|altpll_component|auto_generated|pll1|clk[0] ; p_ll|altpll_component|auto_generated|pll1|clk[0] ; 312.500      ; -0.054     ; 1.457      ;
; 310.997 ; spi_interface:afe|count[2]   ; spi_interface:afe|data_temp[7]     ; p_ll|altpll_component|auto_generated|pll1|clk[0] ; p_ll|altpll_component|auto_generated|pll1|clk[0] ; 312.500      ; -0.054     ; 1.444      ;
; 311.013 ; spi_interface:afe|count[1]   ; spi_interface:afe|count[2]         ; p_ll|altpll_component|auto_generated|pll1|clk[0] ; p_ll|altpll_component|auto_generated|pll1|clk[0] ; 312.500      ; -0.055     ; 1.427      ;
; 311.018 ; spi_interface:afe|count[1]   ; spi_interface:afe|count[1]         ; p_ll|altpll_component|auto_generated|pll1|clk[0] ; p_ll|altpll_component|auto_generated|pll1|clk[0] ; 312.500      ; -0.055     ; 1.422      ;
; 311.020 ; spi_interface:afe|count[2]   ; spi_interface:afe|count[2]         ; p_ll|altpll_component|auto_generated|pll1|clk[0] ; p_ll|altpll_component|auto_generated|pll1|clk[0] ; 312.500      ; -0.055     ; 1.420      ;
; 311.022 ; spi_interface:afe|count[1]   ; spi_interface:afe|count[3]         ; p_ll|altpll_component|auto_generated|pll1|clk[0] ; p_ll|altpll_component|auto_generated|pll1|clk[0] ; 312.500      ; -0.055     ; 1.418      ;
; 311.025 ; spi_interface:afe|count[2]   ; spi_interface:afe|count[1]         ; p_ll|altpll_component|auto_generated|pll1|clk[0] ; p_ll|altpll_component|auto_generated|pll1|clk[0] ; 312.500      ; -0.055     ; 1.415      ;
; 311.027 ; spi_interface:afe|count[1]   ; spi_interface:afe|cs               ; p_ll|altpll_component|auto_generated|pll1|clk[0] ; p_ll|altpll_component|auto_generated|pll1|clk[0] ; 312.500      ; -0.055     ; 1.413      ;
; 311.029 ; spi_interface:afe|count[3]   ; spi_interface:afe|data_temp[5]     ; p_ll|altpll_component|auto_generated|pll1|clk[0] ; p_ll|altpll_component|auto_generated|pll1|clk[0] ; 312.500      ; -0.054     ; 1.412      ;
; 311.031 ; spi_interface:afe|count[1]   ; spi_interface:afe|valid_slow       ; p_ll|altpll_component|auto_generated|pll1|clk[0] ; p_ll|altpll_component|auto_generated|pll1|clk[0] ; 312.500      ; -0.055     ; 1.409      ;
; 311.034 ; spi_interface:afe|count[1]   ; spi_interface:afe|count[0]         ; p_ll|altpll_component|auto_generated|pll1|clk[0] ; p_ll|altpll_component|auto_generated|pll1|clk[0] ; 312.500      ; -0.055     ; 1.406      ;
; 311.034 ; spi_interface:afe|count[2]   ; spi_interface:afe|cs               ; p_ll|altpll_component|auto_generated|pll1|clk[0] ; p_ll|altpll_component|auto_generated|pll1|clk[0] ; 312.500      ; -0.055     ; 1.406      ;
+---------+------------------------------+------------------------------------+--------------------------------------------------+--------------------------------------------------+--------------+------------+------------+


+-----------------------------------------------------------------------------------------------------------------------------------------------------------------------------------------------------------------------------+
; Slow 1200mV 0C Model Hold: 'p_ll|altpll_component|auto_generated|pll1|clk[0]'                                                                                                                                               ;
+-------+---------------------------------+------------------------------------+--------------------------------------------------+--------------------------------------------------+--------------+------------+------------+
; Slack ; From Node                       ; To Node                            ; Launch Clock                                     ; Latch Clock                                      ; Relationship ; Clock Skew ; Data Delay ;
+-------+---------------------------------+------------------------------------+--------------------------------------------------+--------------------------------------------------+--------------+------------+------------+
; 0.312 ; spi_interface:afe|count[1]      ; spi_interface:afe|count[1]         ; p_ll|altpll_component|auto_generated|pll1|clk[0] ; p_ll|altpll_component|auto_generated|pll1|clk[0] ; 0.000        ; 0.055      ; 0.511      ;
; 0.312 ; spi_interface:afe|count[2]      ; spi_interface:afe|count[2]         ; p_ll|altpll_component|auto_generated|pll1|clk[0] ; p_ll|altpll_component|auto_generated|pll1|clk[0] ; 0.000        ; 0.055      ; 0.511      ;
; 0.312 ; spi_interface:afe|count[3]      ; spi_interface:afe|count[3]         ; p_ll|altpll_component|auto_generated|pll1|clk[0] ; p_ll|altpll_component|auto_generated|pll1|clk[0] ; 0.000        ; 0.055      ; 0.511      ;
; 0.312 ; spi_interface:afe|data_temp[11] ; spi_interface:afe|data_temp[11]    ; p_ll|altpll_component|auto_generated|pll1|clk[0] ; p_ll|altpll_component|auto_generated|pll1|clk[0] ; 0.000        ; 0.055      ; 0.511      ;
; 0.312 ; spi_interface:afe|data_temp[10] ; spi_interface:afe|data_temp[10]    ; p_ll|altpll_component|auto_generated|pll1|clk[0] ; p_ll|altpll_component|auto_generated|pll1|clk[0] ; 0.000        ; 0.055      ; 0.511      ;
; 0.312 ; spi_interface:afe|data_temp[9]  ; spi_interface:afe|data_temp[9]     ; p_ll|altpll_component|auto_generated|pll1|clk[0] ; p_ll|altpll_component|auto_generated|pll1|clk[0] ; 0.000        ; 0.055      ; 0.511      ;
; 0.312 ; spi_interface:afe|data_temp[8]  ; spi_interface:afe|data_temp[8]     ; p_ll|altpll_component|auto_generated|pll1|clk[0] ; p_ll|altpll_component|auto_generated|pll1|clk[0] ; 0.000        ; 0.055      ; 0.511      ;
; 0.312 ; spi_interface:afe|data_temp[7]  ; spi_interface:afe|data_temp[7]     ; p_ll|altpll_component|auto_generated|pll1|clk[0] ; p_ll|altpll_component|auto_generated|pll1|clk[0] ; 0.000        ; 0.055      ; 0.511      ;
; 0.312 ; spi_interface:afe|data_temp[6]  ; spi_interface:afe|data_temp[6]     ; p_ll|altpll_component|auto_generated|pll1|clk[0] ; p_ll|altpll_component|auto_generated|pll1|clk[0] ; 0.000        ; 0.055      ; 0.511      ;
; 0.312 ; spi_interface:afe|data_temp[5]  ; spi_interface:afe|data_temp[5]     ; p_ll|altpll_component|auto_generated|pll1|clk[0] ; p_ll|altpll_component|auto_generated|pll1|clk[0] ; 0.000        ; 0.055      ; 0.511      ;
; 0.312 ; spi_interface:afe|data_temp[4]  ; spi_interface:afe|data_temp[4]     ; p_ll|altpll_component|auto_generated|pll1|clk[0] ; p_ll|altpll_component|auto_generated|pll1|clk[0] ; 0.000        ; 0.055      ; 0.511      ;
; 0.312 ; spi_interface:afe|data_temp[3]  ; spi_interface:afe|data_temp[3]     ; p_ll|altpll_component|auto_generated|pll1|clk[0] ; p_ll|altpll_component|auto_generated|pll1|clk[0] ; 0.000        ; 0.055      ; 0.511      ;
; 0.312 ; spi_interface:afe|data_temp[2]  ; spi_interface:afe|data_temp[2]     ; p_ll|altpll_component|auto_generated|pll1|clk[0] ; p_ll|altpll_component|auto_generated|pll1|clk[0] ; 0.000        ; 0.055      ; 0.511      ;
; 0.312 ; spi_interface:afe|data_temp[1]  ; spi_interface:afe|data_temp[1]     ; p_ll|altpll_component|auto_generated|pll1|clk[0] ; p_ll|altpll_component|auto_generated|pll1|clk[0] ; 0.000        ; 0.055      ; 0.511      ;
; 0.312 ; spi_interface:afe|cs            ; spi_interface:afe|cs               ; p_ll|altpll_component|auto_generated|pll1|clk[0] ; p_ll|altpll_component|auto_generated|pll1|clk[0] ; 0.000        ; 0.055      ; 0.511      ;
; 0.320 ; spi_interface:afe|count[0]      ; spi_interface:afe|count[0]         ; p_ll|altpll_component|auto_generated|pll1|clk[0] ; p_ll|altpll_component|auto_generated|pll1|clk[0] ; 0.000        ; 0.055      ; 0.519      ;
; 0.369 ; spi_interface:afe|idle_state    ; spi_interface:afe|count[1]         ; p_ll|altpll_component|auto_generated|pll1|clk[0] ; p_ll|altpll_component|auto_generated|pll1|clk[0] ; 0.000        ; 0.055      ; 0.568      ;
; 0.369 ; spi_interface:afe|idle_state    ; spi_interface:afe|count[3]         ; p_ll|altpll_component|auto_generated|pll1|clk[0] ; p_ll|altpll_component|auto_generated|pll1|clk[0] ; 0.000        ; 0.055      ; 0.568      ;
; 0.370 ; spi_interface:afe|idle_state    ; spi_interface:afe|valid_slow       ; p_ll|altpll_component|auto_generated|pll1|clk[0] ; p_ll|altpll_component|auto_generated|pll1|clk[0] ; 0.000        ; 0.055      ; 0.569      ;
; 0.370 ; spi_interface:afe|idle_state    ; spi_interface:afe|count[0]         ; p_ll|altpll_component|auto_generated|pll1|clk[0] ; p_ll|altpll_component|auto_generated|pll1|clk[0] ; 0.000        ; 0.055      ; 0.569      ;
; 0.371 ; spi_interface:afe|idle_state    ; spi_interface:afe|count[2]         ; p_ll|altpll_component|auto_generated|pll1|clk[0] ; p_ll|altpll_component|auto_generated|pll1|clk[0] ; 0.000        ; 0.055      ; 0.570      ;
; 0.371 ; spi_interface:afe|idle_state    ; spi_interface:afe|cs               ; p_ll|altpll_component|auto_generated|pll1|clk[0] ; p_ll|altpll_component|auto_generated|pll1|clk[0] ; 0.000        ; 0.055      ; 0.570      ;
; 0.477 ; spi_interface:afe|data_temp[9]  ; spi_interface:afe|dataout_slow[9]  ; p_ll|altpll_component|auto_generated|pll1|clk[0] ; p_ll|altpll_component|auto_generated|pll1|clk[0] ; 0.000        ; 0.055      ; 0.676      ;
; 0.479 ; spi_interface:afe|data_temp[7]  ; spi_interface:afe|dataout_slow[7]  ; p_ll|altpll_component|auto_generated|pll1|clk[0] ; p_ll|altpll_component|auto_generated|pll1|clk[0] ; 0.000        ; 0.055      ; 0.678      ;
; 0.493 ; spi_interface:afe|data_temp[8]  ; spi_interface:afe|dataout_slow[8]  ; p_ll|altpll_component|auto_generated|pll1|clk[0] ; p_ll|altpll_component|auto_generated|pll1|clk[0] ; 0.000        ; 0.055      ; 0.692      ;
; 0.537 ; spi_interface:afe|count[2]      ; spi_interface:afe|count[3]         ; p_ll|altpll_component|auto_generated|pll1|clk[0] ; p_ll|altpll_component|auto_generated|pll1|clk[0] ; 0.000        ; 0.055      ; 0.736      ;
; 0.598 ; spi_interface:afe|data_temp[10] ; spi_interface:afe|dataout_slow[10] ; p_ll|altpll_component|auto_generated|pll1|clk[0] ; p_ll|altpll_component|auto_generated|pll1|clk[0] ; 0.000        ; 0.055      ; 0.797      ;
; 0.638 ; spi_interface:afe|count[0]      ; spi_interface:afe|data_temp[3]     ; p_ll|altpll_component|auto_generated|pll1|clk[0] ; p_ll|altpll_component|auto_generated|pll1|clk[0] ; 0.000        ; 0.055      ; 0.837      ;
; 0.642 ; spi_interface:afe|count[0]      ; spi_interface:afe|data_temp[2]     ; p_ll|altpll_component|auto_generated|pll1|clk[0] ; p_ll|altpll_component|auto_generated|pll1|clk[0] ; 0.000        ; 0.055      ; 0.841      ;
; 0.642 ; spi_interface:afe|count[0]      ; spi_interface:afe|data_temp[1]     ; p_ll|altpll_component|auto_generated|pll1|clk[0] ; p_ll|altpll_component|auto_generated|pll1|clk[0] ; 0.000        ; 0.055      ; 0.841      ;
; 0.652 ; spi_interface:afe|data_temp[3]  ; spi_interface:afe|dataout_slow[3]  ; p_ll|altpll_component|auto_generated|pll1|clk[0] ; p_ll|altpll_component|auto_generated|pll1|clk[0] ; 0.000        ; 0.056      ; 0.852      ;
; 0.670 ; spi_interface:afe|count[0]      ; spi_interface:afe|count[1]         ; p_ll|altpll_component|auto_generated|pll1|clk[0] ; p_ll|altpll_component|auto_generated|pll1|clk[0] ; 0.000        ; 0.055      ; 0.869      ;
; 0.695 ; spi_interface:afe|data_temp[6]  ; spi_interface:afe|dataout_slow[6]  ; p_ll|altpll_component|auto_generated|pll1|clk[0] ; p_ll|altpll_component|auto_generated|pll1|clk[0] ; 0.000        ; 0.055      ; 0.894      ;
; 0.700 ; spi_interface:afe|data_temp[1]  ; spi_interface:afe|dataout_slow[1]  ; p_ll|altpll_component|auto_generated|pll1|clk[0] ; p_ll|altpll_component|auto_generated|pll1|clk[0] ; 0.000        ; 0.056      ; 0.900      ;
; 0.710 ; spi_interface:afe|data_temp[5]  ; spi_interface:afe|dataout_slow[5]  ; p_ll|altpll_component|auto_generated|pll1|clk[0] ; p_ll|altpll_component|auto_generated|pll1|clk[0] ; 0.000        ; 0.055      ; 0.909      ;
; 0.725 ; spi_interface:afe|count[3]      ; spi_interface:afe|data_temp[3]     ; p_ll|altpll_component|auto_generated|pll1|clk[0] ; p_ll|altpll_component|auto_generated|pll1|clk[0] ; 0.000        ; 0.055      ; 0.924      ;
; 0.728 ; spi_interface:afe|count[3]      ; spi_interface:afe|data_temp[2]     ; p_ll|altpll_component|auto_generated|pll1|clk[0] ; p_ll|altpll_component|auto_generated|pll1|clk[0] ; 0.000        ; 0.055      ; 0.927      ;
; 0.728 ; spi_interface:afe|count[3]      ; spi_interface:afe|data_temp[1]     ; p_ll|altpll_component|auto_generated|pll1|clk[0] ; p_ll|altpll_component|auto_generated|pll1|clk[0] ; 0.000        ; 0.055      ; 0.927      ;
; 0.737 ; spi_interface:afe|idle_state    ; spi_interface:afe|idle_state       ; p_ll|altpll_component|auto_generated|pll1|clk[0] ; p_ll|altpll_component|auto_generated|pll1|clk[0] ; 0.000        ; 0.055      ; 0.936      ;
; 0.813 ; spi_interface:afe|count[2]      ; spi_interface:afe|data_temp[2]     ; p_ll|altpll_component|auto_generated|pll1|clk[0] ; p_ll|altpll_component|auto_generated|pll1|clk[0] ; 0.000        ; 0.055      ; 1.012      ;
; 0.825 ; spi_interface:afe|count[0]      ; spi_interface:afe|data_temp[10]    ; p_ll|altpll_component|auto_generated|pll1|clk[0] ; p_ll|altpll_component|auto_generated|pll1|clk[0] ; 0.000        ; 0.056      ; 1.025      ;
; 0.829 ; spi_interface:afe|count[0]      ; spi_interface:afe|data_temp[5]     ; p_ll|altpll_component|auto_generated|pll1|clk[0] ; p_ll|altpll_component|auto_generated|pll1|clk[0] ; 0.000        ; 0.056      ; 1.029      ;
; 0.829 ; spi_interface:afe|count[0]      ; spi_interface:afe|valid_slow       ; p_ll|altpll_component|auto_generated|pll1|clk[0] ; p_ll|altpll_component|auto_generated|pll1|clk[0] ; 0.000        ; 0.055      ; 1.028      ;
; 0.830 ; spi_interface:afe|count[0]      ; spi_interface:afe|data_temp[8]     ; p_ll|altpll_component|auto_generated|pll1|clk[0] ; p_ll|altpll_component|auto_generated|pll1|clk[0] ; 0.000        ; 0.056      ; 1.030      ;
; 0.831 ; spi_interface:afe|count[0]      ; spi_interface:afe|cs               ; p_ll|altpll_component|auto_generated|pll1|clk[0] ; p_ll|altpll_component|auto_generated|pll1|clk[0] ; 0.000        ; 0.055      ; 1.030      ;
; 0.833 ; spi_interface:afe|count[0]      ; spi_interface:afe|count[2]         ; p_ll|altpll_component|auto_generated|pll1|clk[0] ; p_ll|altpll_component|auto_generated|pll1|clk[0] ; 0.000        ; 0.055      ; 1.032      ;
; 0.833 ; spi_interface:afe|count[2]      ; spi_interface:afe|data_temp[1]     ; p_ll|altpll_component|auto_generated|pll1|clk[0] ; p_ll|altpll_component|auto_generated|pll1|clk[0] ; 0.000        ; 0.055      ; 1.032      ;
; 0.834 ; spi_interface:afe|count[0]      ; spi_interface:afe|data_temp[4]     ; p_ll|altpll_component|auto_generated|pll1|clk[0] ; p_ll|altpll_component|auto_generated|pll1|clk[0] ; 0.000        ; 0.056      ; 1.034      ;
; 0.835 ; spi_interface:afe|count[1]      ; spi_interface:afe|data_temp[1]     ; p_ll|altpll_component|auto_generated|pll1|clk[0] ; p_ll|altpll_component|auto_generated|pll1|clk[0] ; 0.000        ; 0.055      ; 1.034      ;
; 0.840 ; spi_interface:afe|count[2]      ; spi_interface:afe|data_temp[3]     ; p_ll|altpll_component|auto_generated|pll1|clk[0] ; p_ll|altpll_component|auto_generated|pll1|clk[0] ; 0.000        ; 0.055      ; 1.039      ;
; 0.842 ; spi_interface:afe|count[1]      ; spi_interface:afe|data_temp[2]     ; p_ll|altpll_component|auto_generated|pll1|clk[0] ; p_ll|altpll_component|auto_generated|pll1|clk[0] ; 0.000        ; 0.055      ; 1.041      ;
; 0.847 ; spi_interface:afe|data_temp[2]  ; spi_interface:afe|dataout_slow[2]  ; p_ll|altpll_component|auto_generated|pll1|clk[0] ; p_ll|altpll_component|auto_generated|pll1|clk[0] ; 0.000        ; 0.056      ; 1.047      ;
; 0.856 ; spi_interface:afe|data_temp[4]  ; spi_interface:afe|dataout_slow[4]  ; p_ll|altpll_component|auto_generated|pll1|clk[0] ; p_ll|altpll_component|auto_generated|pll1|clk[0] ; 0.000        ; 0.055      ; 1.055      ;
; 0.862 ; spi_interface:afe|data_temp[11] ; spi_interface:afe|dataout_slow[11] ; p_ll|altpll_component|auto_generated|pll1|clk[0] ; p_ll|altpll_component|auto_generated|pll1|clk[0] ; 0.000        ; 0.055      ; 1.061      ;
; 0.877 ; spi_interface:afe|count[1]      ; spi_interface:afe|data_temp[3]     ; p_ll|altpll_component|auto_generated|pll1|clk[0] ; p_ll|altpll_component|auto_generated|pll1|clk[0] ; 0.000        ; 0.055      ; 1.076      ;
; 0.908 ; spi_interface:afe|count[2]      ; spi_interface:afe|data_temp[5]     ; p_ll|altpll_component|auto_generated|pll1|clk[0] ; p_ll|altpll_component|auto_generated|pll1|clk[0] ; 0.000        ; 0.056      ; 1.108      ;
; 0.910 ; spi_interface:afe|count[2]      ; spi_interface:afe|data_temp[8]     ; p_ll|altpll_component|auto_generated|pll1|clk[0] ; p_ll|altpll_component|auto_generated|pll1|clk[0] ; 0.000        ; 0.056      ; 1.110      ;
; 0.911 ; spi_interface:afe|count[2]      ; spi_interface:afe|data_temp[10]    ; p_ll|altpll_component|auto_generated|pll1|clk[0] ; p_ll|altpll_component|auto_generated|pll1|clk[0] ; 0.000        ; 0.056      ; 1.111      ;
; 0.911 ; spi_interface:afe|count[2]      ; spi_interface:afe|data_temp[4]     ; p_ll|altpll_component|auto_generated|pll1|clk[0] ; p_ll|altpll_component|auto_generated|pll1|clk[0] ; 0.000        ; 0.056      ; 1.111      ;
; 0.916 ; spi_interface:afe|count[3]      ; spi_interface:afe|valid_slow       ; p_ll|altpll_component|auto_generated|pll1|clk[0] ; p_ll|altpll_component|auto_generated|pll1|clk[0] ; 0.000        ; 0.055      ; 1.115      ;
; 0.918 ; spi_interface:afe|count[3]      ; spi_interface:afe|cs               ; p_ll|altpll_component|auto_generated|pll1|clk[0] ; p_ll|altpll_component|auto_generated|pll1|clk[0] ; 0.000        ; 0.055      ; 1.117      ;
; 0.918 ; spi_interface:afe|count[3]      ; spi_interface:afe|count[0]         ; p_ll|altpll_component|auto_generated|pll1|clk[0] ; p_ll|altpll_component|auto_generated|pll1|clk[0] ; 0.000        ; 0.055      ; 1.117      ;
; 0.919 ; spi_interface:afe|count[3]      ; spi_interface:afe|count[1]         ; p_ll|altpll_component|auto_generated|pll1|clk[0] ; p_ll|altpll_component|auto_generated|pll1|clk[0] ; 0.000        ; 0.055      ; 1.118      ;
; 0.920 ; spi_interface:afe|count[3]      ; spi_interface:afe|count[2]         ; p_ll|altpll_component|auto_generated|pll1|clk[0] ; p_ll|altpll_component|auto_generated|pll1|clk[0] ; 0.000        ; 0.055      ; 1.119      ;
; 0.939 ; spi_interface:afe|count[0]      ; spi_interface:afe|count[3]         ; p_ll|altpll_component|auto_generated|pll1|clk[0] ; p_ll|altpll_component|auto_generated|pll1|clk[0] ; 0.000        ; 0.055      ; 1.138      ;
; 0.987 ; spi_interface:afe|count[3]      ; spi_interface:afe|data_temp[4]     ; p_ll|altpll_component|auto_generated|pll1|clk[0] ; p_ll|altpll_component|auto_generated|pll1|clk[0] ; 0.000        ; 0.056      ; 1.187      ;
; 0.988 ; spi_interface:afe|count[1]      ; spi_interface:afe|valid_slow       ; p_ll|altpll_component|auto_generated|pll1|clk[0] ; p_ll|altpll_component|auto_generated|pll1|clk[0] ; 0.000        ; 0.055      ; 1.187      ;
; 0.988 ; spi_interface:afe|count[2]      ; spi_interface:afe|valid_slow       ; p_ll|altpll_component|auto_generated|pll1|clk[0] ; p_ll|altpll_component|auto_generated|pll1|clk[0] ; 0.000        ; 0.055      ; 1.187      ;
; 0.990 ; spi_interface:afe|count[1]      ; spi_interface:afe|cs               ; p_ll|altpll_component|auto_generated|pll1|clk[0] ; p_ll|altpll_component|auto_generated|pll1|clk[0] ; 0.000        ; 0.055      ; 1.189      ;
; 0.990 ; spi_interface:afe|count[2]      ; spi_interface:afe|cs               ; p_ll|altpll_component|auto_generated|pll1|clk[0] ; p_ll|altpll_component|auto_generated|pll1|clk[0] ; 0.000        ; 0.055      ; 1.189      ;
; 0.990 ; spi_interface:afe|count[1]      ; spi_interface:afe|count[0]         ; p_ll|altpll_component|auto_generated|pll1|clk[0] ; p_ll|altpll_component|auto_generated|pll1|clk[0] ; 0.000        ; 0.055      ; 1.189      ;
; 0.990 ; spi_interface:afe|count[2]      ; spi_interface:afe|count[0]         ; p_ll|altpll_component|auto_generated|pll1|clk[0] ; p_ll|altpll_component|auto_generated|pll1|clk[0] ; 0.000        ; 0.055      ; 1.189      ;
; 0.991 ; spi_interface:afe|count[2]      ; spi_interface:afe|count[1]         ; p_ll|altpll_component|auto_generated|pll1|clk[0] ; p_ll|altpll_component|auto_generated|pll1|clk[0] ; 0.000        ; 0.055      ; 1.190      ;
; 0.992 ; spi_interface:afe|count[1]      ; spi_interface:afe|count[2]         ; p_ll|altpll_component|auto_generated|pll1|clk[0] ; p_ll|altpll_component|auto_generated|pll1|clk[0] ; 0.000        ; 0.055      ; 1.191      ;
; 1.010 ; spi_interface:afe|count[0]      ; spi_interface:afe|data_temp[11]    ; p_ll|altpll_component|auto_generated|pll1|clk[0] ; p_ll|altpll_component|auto_generated|pll1|clk[0] ; 0.000        ; 0.056      ; 1.210      ;
; 1.018 ; spi_interface:afe|count[3]      ; spi_interface:afe|data_temp[10]    ; p_ll|altpll_component|auto_generated|pll1|clk[0] ; p_ll|altpll_component|auto_generated|pll1|clk[0] ; 0.000        ; 0.056      ; 1.218      ;
; 1.024 ; spi_interface:afe|count[0]      ; spi_interface:afe|data_temp[7]     ; p_ll|altpll_component|auto_generated|pll1|clk[0] ; p_ll|altpll_component|auto_generated|pll1|clk[0] ; 0.000        ; 0.056      ; 1.224      ;
; 1.027 ; spi_interface:afe|count[0]      ; spi_interface:afe|data_temp[9]     ; p_ll|altpll_component|auto_generated|pll1|clk[0] ; p_ll|altpll_component|auto_generated|pll1|clk[0] ; 0.000        ; 0.056      ; 1.227      ;
; 1.032 ; spi_interface:afe|count[3]      ; spi_interface:afe|data_temp[8]     ; p_ll|altpll_component|auto_generated|pll1|clk[0] ; p_ll|altpll_component|auto_generated|pll1|clk[0] ; 0.000        ; 0.056      ; 1.232      ;
; 1.033 ; spi_interface:afe|count[1]      ; spi_interface:afe|count[3]         ; p_ll|altpll_component|auto_generated|pll1|clk[0] ; p_ll|altpll_component|auto_generated|pll1|clk[0] ; 0.000        ; 0.055      ; 1.232      ;
; 1.035 ; spi_interface:afe|count[3]      ; spi_interface:afe|data_temp[5]     ; p_ll|altpll_component|auto_generated|pll1|clk[0] ; p_ll|altpll_component|auto_generated|pll1|clk[0] ; 0.000        ; 0.056      ; 1.235      ;
; 1.081 ; spi_interface:afe|count[2]      ; spi_interface:afe|data_temp[11]    ; p_ll|altpll_component|auto_generated|pll1|clk[0] ; p_ll|altpll_component|auto_generated|pll1|clk[0] ; 0.000        ; 0.056      ; 1.281      ;
; 1.084 ; spi_interface:afe|count[2]      ; spi_interface:afe|data_temp[9]     ; p_ll|altpll_component|auto_generated|pll1|clk[0] ; p_ll|altpll_component|auto_generated|pll1|clk[0] ; 0.000        ; 0.056      ; 1.284      ;
; 1.108 ; spi_interface:afe|count[2]      ; spi_interface:afe|data_temp[7]     ; p_ll|altpll_component|auto_generated|pll1|clk[0] ; p_ll|altpll_component|auto_generated|pll1|clk[0] ; 0.000        ; 0.056      ; 1.308      ;
; 1.156 ; spi_interface:afe|count[1]      ; spi_interface:afe|data_temp[4]     ; p_ll|altpll_component|auto_generated|pll1|clk[0] ; p_ll|altpll_component|auto_generated|pll1|clk[0] ; 0.000        ; 0.056      ; 1.356      ;
; 1.167 ; spi_interface:afe|count[1]      ; spi_interface:afe|data_temp[8]     ; p_ll|altpll_component|auto_generated|pll1|clk[0] ; p_ll|altpll_component|auto_generated|pll1|clk[0] ; 0.000        ; 0.056      ; 1.367      ;
; 1.175 ; spi_interface:afe|count[1]      ; spi_interface:afe|data_temp[10]    ; p_ll|altpll_component|auto_generated|pll1|clk[0] ; p_ll|altpll_component|auto_generated|pll1|clk[0] ; 0.000        ; 0.056      ; 1.375      ;
; 1.192 ; spi_interface:afe|idle_state    ; spi_interface:afe|clock_out        ; p_ll|altpll_component|auto_generated|pll1|clk[0] ; p_ll|altpll_component|auto_generated|pll1|clk[0] ; 0.000        ; 0.075      ; 1.411      ;
; 1.196 ; spi_interface:afe|count[0]      ; spi_interface:afe|idle_state       ; p_ll|altpll_component|auto_generated|pll1|clk[0] ; p_ll|altpll_component|auto_generated|pll1|clk[0] ; 0.000        ; 0.055      ; 1.395      ;
; 1.196 ; spi_interface:afe|count[1]      ; spi_interface:afe|data_temp[5]     ; p_ll|altpll_component|auto_generated|pll1|clk[0] ; p_ll|altpll_component|auto_generated|pll1|clk[0] ; 0.000        ; 0.056      ; 1.396      ;
; 1.219 ; spi_interface:afe|count[3]      ; spi_interface:afe|data_temp[7]     ; p_ll|altpll_component|auto_generated|pll1|clk[0] ; p_ll|altpll_component|auto_generated|pll1|clk[0] ; 0.000        ; 0.056      ; 1.419      ;
; 1.228 ; spi_interface:afe|count[3]      ; spi_interface:afe|data_temp[11]    ; p_ll|altpll_component|auto_generated|pll1|clk[0] ; p_ll|altpll_component|auto_generated|pll1|clk[0] ; 0.000        ; 0.056      ; 1.428      ;
; 1.236 ; spi_interface:afe|count[0]      ; spi_interface:afe|data_temp[6]     ; p_ll|altpll_component|auto_generated|pll1|clk[0] ; p_ll|altpll_component|auto_generated|pll1|clk[0] ; 0.000        ; 0.056      ; 1.436      ;
; 1.275 ; spi_interface:afe|count[3]      ; spi_interface:afe|data_temp[9]     ; p_ll|altpll_component|auto_generated|pll1|clk[0] ; p_ll|altpll_component|auto_generated|pll1|clk[0] ; 0.000        ; 0.056      ; 1.475      ;
; 1.283 ; spi_interface:afe|count[3]      ; spi_interface:afe|idle_state       ; p_ll|altpll_component|auto_generated|pll1|clk[0] ; p_ll|altpll_component|auto_generated|pll1|clk[0] ; 0.000        ; 0.055      ; 1.482      ;
; 1.301 ; spi_interface:afe|count[2]      ; spi_interface:afe|data_temp[6]     ; p_ll|altpll_component|auto_generated|pll1|clk[0] ; p_ll|altpll_component|auto_generated|pll1|clk[0] ; 0.000        ; 0.056      ; 1.501      ;
; 1.355 ; spi_interface:afe|count[1]      ; spi_interface:afe|idle_state       ; p_ll|altpll_component|auto_generated|pll1|clk[0] ; p_ll|altpll_component|auto_generated|pll1|clk[0] ; 0.000        ; 0.055      ; 1.554      ;
; 1.355 ; spi_interface:afe|count[2]      ; spi_interface:afe|idle_state       ; p_ll|altpll_component|auto_generated|pll1|clk[0] ; p_ll|altpll_component|auto_generated|pll1|clk[0] ; 0.000        ; 0.055      ; 1.554      ;
; 1.360 ; spi_interface:afe|count[1]      ; spi_interface:afe|data_temp[9]     ; p_ll|altpll_component|auto_generated|pll1|clk[0] ; p_ll|altpll_component|auto_generated|pll1|clk[0] ; 0.000        ; 0.056      ; 1.560      ;
; 1.391 ; spi_interface:afe|count[1]      ; spi_interface:afe|data_temp[11]    ; p_ll|altpll_component|auto_generated|pll1|clk[0] ; p_ll|altpll_component|auto_generated|pll1|clk[0] ; 0.000        ; 0.056      ; 1.591      ;
+-------+---------------------------------+------------------------------------+--------------------------------------------------+--------------------------------------------------+--------------+------------+------------+


+--------------------------------------------------------------------------------------------------------------------------------------------------------------------------------------------------------------------------------------------------------------+
; Slow 1200mV 0C Model Hold: 'clk'                                                                                                                                                                                                                             ;
+-------+----------------------------------------------------------------------+---------------------------------------------------------------------------------------------------------+--------------+-------------+--------------+------------+------------+
; Slack ; From Node                                                            ; To Node                                                                                                 ; Launch Clock ; Latch Clock ; Relationship ; Clock Skew ; Data Delay ;
+-------+----------------------------------------------------------------------+---------------------------------------------------------------------------------------------------------+--------------+-------------+--------------+------------+------------+
; 0.338 ; cordic_top:CORDIC|cordic_stage:pipeline_gen[16].stage_inst|z_out[3]  ; cordic_top:CORDIC|cordic_stage:pipeline_gen[17].stage_inst|z_out[3]                                     ; clk          ; clk         ; 0.000        ; 0.055      ; 0.537      ;
; 0.338 ; cordic_top:CORDIC|cordic_stage:pipeline_gen[17].stage_inst|z_out[1]  ; cordic_top:CORDIC|cordic_stage:pipeline_gen[18].stage_inst|z_out[1]                                     ; clk          ; clk         ; 0.000        ; 0.056      ; 0.538      ;
; 0.338 ; cordic_top:CORDIC|cordic_stage:pipeline_gen[9].stage_inst|z_out[1]   ; cordic_top:CORDIC|cordic_stage:pipeline_gen[10].stage_inst|z_out[1]                                     ; clk          ; clk         ; 0.000        ; 0.055      ; 0.537      ;
; 0.339 ; spi_interface:afe|data_valid                                         ; data_delay_block:delay|data_valid_spi_out                                                               ; clk          ; clk         ; 0.000        ; 0.056      ; 0.539      ;
; 0.339 ; cordic_top:CORDIC|cordic_stage:pipeline_gen[1].stage_inst|z_out[1]   ; cordic_top:CORDIC|cordic_stage:pipeline_gen[2].stage_inst|z_out[1]                                      ; clk          ; clk         ; 0.000        ; 0.055      ; 0.538      ;
; 0.341 ; cordic_top:CORDIC|cordic_stage:stage1|z_out[30]                      ; cordic_top:CORDIC|cordic_stage:pipeline_gen[0].stage_inst|z_out[30]                                     ; clk          ; clk         ; 0.000        ; 0.055      ; 0.540      ;
; 0.343 ; spi_interface:afe|dv_r2                                              ; spi_interface:afe|data_valid                                                                            ; clk          ; clk         ; 0.000        ; 0.056      ; 0.543      ;
; 0.344 ; spi_interface:afe|dv_r2                                              ; spi_interface:afe|dv_r3                                                                                 ; clk          ; clk         ; 0.000        ; 0.056      ; 0.544      ;
; 0.344 ; lut_sincos:dds|phase[23]                                             ; lut_sincos:dds|altsyncram:sine_lut_rtl_0|altsyncram_1sq1:auto_generated|ram_block1a0~porta_address_reg0 ; clk          ; clk         ; 0.000        ; 0.353      ; 0.866      ;
; 0.354 ; cordic_top:CORDIC|cordic_stage:stage1|valid_out                      ; cordic_top:CORDIC|cordic_stage:pipeline_gen[0].stage_inst|valid_out                                     ; clk          ; clk         ; 0.000        ; 0.056      ; 0.554      ;
; 0.355 ; cordic_top:CORDIC|cordic_stage:pipeline_gen[3].stage_inst|valid_out  ; cordic_top:CORDIC|cordic_stage:pipeline_gen[4].stage_inst|valid_out                                     ; clk          ; clk         ; 0.000        ; 0.056      ; 0.555      ;
; 0.356 ; cordic_top:CORDIC|cordic_stage:pipeline_gen[6].stage_inst|valid_out  ; cordic_top:CORDIC|cordic_stage:pipeline_gen[7].stage_inst|valid_out                                     ; clk          ; clk         ; 0.000        ; 0.056      ; 0.556      ;
; 0.356 ; cordic_top:CORDIC|cordic_stage:pipeline_gen[10].stage_inst|valid_out ; cordic_top:CORDIC|cordic_stage:pipeline_gen[11].stage_inst|valid_out                                    ; clk          ; clk         ; 0.000        ; 0.056      ; 0.556      ;
; 0.356 ; cordic_top:CORDIC|cordic_stage:pipeline_gen[18].stage_inst|valid_out ; cordic_top:CORDIC|cordic_stage:pipeline_gen[19].stage_inst|valid_out                                    ; clk          ; clk         ; 0.000        ; 0.055      ; 0.555      ;
; 0.356 ; cordic_top:CORDIC|cordic_stage:pipeline_gen[20].stage_inst|valid_out ; cordic_top:CORDIC|cordic_stage:pipeline_gen[21].stage_inst|valid_out                                    ; clk          ; clk         ; 0.000        ; 0.055      ; 0.555      ;
; 0.357 ; lut_sincos:dds|phase[23]                                             ; lut_sincos:dds|altsyncram:sine_lut_rtl_0|altsyncram_1sq1:auto_generated|ram_block1a9~porta_address_reg0 ; clk          ; clk         ; 0.000        ; 0.355      ; 0.881      ;
; 0.357 ; cordic_top:CORDIC|cordic_stage:pipeline_gen[5].stage_inst|valid_out  ; cordic_top:CORDIC|cordic_stage:pipeline_gen[6].stage_inst|valid_out                                     ; clk          ; clk         ; 0.000        ; 0.056      ; 0.557      ;
; 0.360 ; frequency_tracker_sync:comb_3|ttl_r2                                 ; integrate_and_dump:cosine_filter|valid_out                                                              ; clk          ; clk         ; 0.000        ; 0.056      ; 0.560      ;
; 0.363 ; cordic_top:CORDIC|cordic_stage:pipeline_gen[0].stage_inst|valid_out  ; cordic_top:CORDIC|cordic_stage:pipeline_gen[1].stage_inst|valid_out                                     ; clk          ; clk         ; 0.000        ; 0.056      ; 0.563      ;
; 0.363 ; cordic_top:CORDIC|cordic_stage:pipeline_gen[21].stage_inst|valid_out ; cordic_top:CORDIC|cordic_stage:pipeline_gen[22].stage_inst|valid_out                                    ; clk          ; clk         ; 0.000        ; 0.055      ; 0.562      ;
; 0.365 ; lut_sincos:dds|phase[23]                                             ; lut_sincos:dds|altsyncram:sine_lut_rtl_0|altsyncram_1sq1:auto_generated|ram_block1a0~portb_address_reg0 ; clk          ; clk         ; 0.000        ; 0.353      ; 0.887      ;
; 0.373 ; cordic_top:CORDIC|cordic_stage:pipeline_gen[14].stage_inst|valid_out ; cordic_top:CORDIC|cordic_stage:pipeline_gen[15].stage_inst|valid_out                                    ; clk          ; clk         ; 0.000        ; 0.055      ; 0.572      ;
; 0.374 ; cordic_top:CORDIC|cordic_stage:pipeline_gen[1].stage_inst|valid_out  ; cordic_top:CORDIC|cordic_stage:pipeline_gen[2].stage_inst|valid_out                                     ; clk          ; clk         ; 0.000        ; 0.056      ; 0.574      ;
; 0.379 ; lut_sincos:dds|phase[23]                                             ; lut_sincos:dds|altsyncram:sine_lut_rtl_0|altsyncram_1sq1:auto_generated|ram_block1a9~portb_address_reg0 ; clk          ; clk         ; 0.000        ; 0.355      ; 0.903      ;
; 0.452 ; cordic_top:CORDIC|cordic_stage:pipeline_gen[27].stage_inst|z_out[31] ; cordic_top:CORDIC|cordic_stage:pipeline_gen[28].stage_inst|z_out[31]                                    ; clk          ; clk         ; 0.000        ; 0.055      ; 0.651      ;
; 0.465 ; frequency_tracker_sync:comb_3|ttl_r1                                 ; frequency_tracker_sync:comb_3|ttl_r2                                                                    ; clk          ; clk         ; 0.000        ; 0.056      ; 0.665      ;
; 0.465 ; cordic_top:CORDIC|cordic_stage:pipeline_gen[8].stage_inst|z_out[2]   ; cordic_top:CORDIC|cordic_stage:pipeline_gen[9].stage_inst|z_out[2]                                      ; clk          ; clk         ; 0.000        ; 0.055      ; 0.664      ;
; 0.467 ; cordic_top:CORDIC|cordic_stage:pipeline_gen[17].stage_inst|x_out[31] ; cordic_top:CORDIC|cordic_stage:pipeline_gen[18].stage_inst|x_out[31]                                    ; clk          ; clk         ; 0.000        ; 0.056      ; 0.667      ;
; 0.467 ; cordic_top:CORDIC|cordic_stage:pipeline_gen[19].stage_inst|x_out[31] ; cordic_top:CORDIC|cordic_stage:pipeline_gen[20].stage_inst|x_out[31]                                    ; clk          ; clk         ; 0.000        ; 0.056      ; 0.667      ;
; 0.471 ; cordic_top:CORDIC|cordic_stage:pipeline_gen[18].stage_inst|z_out[31] ; cordic_top:CORDIC|cordic_stage:pipeline_gen[19].stage_inst|z_out[31]                                    ; clk          ; clk         ; 0.000        ; 0.055      ; 0.670      ;
; 0.471 ; cordic_top:CORDIC|cordic_stage:pipeline_gen[15].stage_inst|x_out[31] ; cordic_top:CORDIC|cordic_stage:pipeline_gen[16].stage_inst|x_out[31]                                    ; clk          ; clk         ; 0.000        ; 0.055      ; 0.670      ;
; 0.471 ; cordic_top:CORDIC|cordic_stage:pipeline_gen[24].stage_inst|z_out[31] ; cordic_top:CORDIC|cordic_stage:pipeline_gen[25].stage_inst|z_out[31]                                    ; clk          ; clk         ; 0.000        ; 0.055      ; 0.670      ;
; 0.472 ; integrate_and_dump:sine_filter|accumlator[39]                        ; integrate_and_dump:sine_filter|accumlator[39]                                                           ; clk          ; clk         ; 0.000        ; 0.055      ; 0.671      ;
; 0.475 ; spi_interface:afe|dataout[11]                                        ; data_delay_block:delay|data_out[11]                                                                     ; clk          ; clk         ; 0.000        ; 0.056      ; 0.675      ;
; 0.475 ; spi_interface:afe|dataout[3]                                         ; data_delay_block:delay|data_out[3]                                                                      ; clk          ; clk         ; 0.000        ; 0.054      ; 0.673      ;
; 0.480 ; spi_interface:afe|dataout[1]                                         ; data_delay_block:delay|data_out[1]                                                                      ; clk          ; clk         ; 0.000        ; 0.056      ; 0.680      ;
; 0.481 ; integrate_and_dump:sine_filter|sample_count[31]                      ; integrate_and_dump:sine_filter|N_sample[31]                                                             ; clk          ; clk         ; 0.000        ; 0.055      ; 0.680      ;
; 0.481 ; spi_interface:afe|dataout[2]                                         ; data_delay_block:delay|data_out[2]                                                                      ; clk          ; clk         ; 0.000        ; 0.054      ; 0.679      ;
; 0.482 ; cordic_top:CORDIC|cordic_stage:pipeline_gen[2].stage_inst|valid_out  ; cordic_top:CORDIC|cordic_stage:pipeline_gen[3].stage_inst|valid_out                                     ; clk          ; clk         ; 0.000        ; 0.056      ; 0.682      ;
; 0.482 ; cordic_top:CORDIC|cordic_stage:pipeline_gen[4].stage_inst|valid_out  ; cordic_top:CORDIC|cordic_stage:pipeline_gen[5].stage_inst|valid_out                                     ; clk          ; clk         ; 0.000        ; 0.056      ; 0.682      ;
; 0.483 ; spi_interface:afe|dataout[5]                                         ; data_delay_block:delay|data_out[5]                                                                      ; clk          ; clk         ; 0.000        ; 0.054      ; 0.681      ;
; 0.483 ; cordic_top:CORDIC|cordic_stage:pipeline_gen[19].stage_inst|valid_out ; cordic_top:CORDIC|cordic_stage:pipeline_gen[20].stage_inst|valid_out                                    ; clk          ; clk         ; 0.000        ; 0.055      ; 0.682      ;
; 0.485 ; integrate_and_dump:sine_filter|sample_count[27]                      ; integrate_and_dump:sine_filter|N_sample[27]                                                             ; clk          ; clk         ; 0.000        ; 0.055      ; 0.684      ;
; 0.485 ; cordic_top:CORDIC|cordic_stage:pipeline_gen[8].stage_inst|valid_out  ; cordic_top:CORDIC|cordic_stage:pipeline_gen[9].stage_inst|valid_out                                     ; clk          ; clk         ; 0.000        ; 0.055      ; 0.684      ;
; 0.486 ; cordic_top:CORDIC|cordic_stage:pipeline_gen[13].stage_inst|valid_out ; cordic_top:CORDIC|cordic_stage:pipeline_gen[14].stage_inst|valid_out                                    ; clk          ; clk         ; 0.000        ; 0.055      ; 0.685      ;
; 0.489 ; integrate_and_dump:sine_filter|sample_count[24]                      ; integrate_and_dump:sine_filter|N_sample[24]                                                             ; clk          ; clk         ; 0.000        ; 0.056      ; 0.689      ;
; 0.493 ; lut_sincos:dds|phase[6]                                              ; lut_sincos:dds|phase[6]                                                                                 ; clk          ; clk         ; 0.000        ; 0.055      ; 0.692      ;
; 0.493 ; lut_sincos:dds|phase[13]                                             ; lut_sincos:dds|phase[13]                                                                                ; clk          ; clk         ; 0.000        ; 0.055      ; 0.692      ;
; 0.493 ; lut_sincos:dds|phase[15]                                             ; lut_sincos:dds|phase[15]                                                                                ; clk          ; clk         ; 0.000        ; 0.055      ; 0.692      ;
; 0.493 ; integrate_and_dump:sine_filter|sample_count[17]                      ; integrate_and_dump:sine_filter|N_sample[17]                                                             ; clk          ; clk         ; 0.000        ; 0.056      ; 0.693      ;
; 0.493 ; integrate_and_dump:cosine_filter|accumlator[2]                       ; integrate_and_dump:cosine_filter|accumlator[2]                                                          ; clk          ; clk         ; 0.000        ; 0.055      ; 0.692      ;
; 0.493 ; integrate_and_dump:cosine_filter|accumlator[9]                       ; integrate_and_dump:cosine_filter|accumlator[9]                                                          ; clk          ; clk         ; 0.000        ; 0.055      ; 0.692      ;
; 0.493 ; integrate_and_dump:sine_filter|accumlator[1]                         ; integrate_and_dump:sine_filter|accumlator[1]                                                            ; clk          ; clk         ; 0.000        ; 0.056      ; 0.693      ;
; 0.493 ; integrate_and_dump:sine_filter|accumlator[7]                         ; integrate_and_dump:sine_filter|accumlator[7]                                                            ; clk          ; clk         ; 0.000        ; 0.056      ; 0.693      ;
; 0.494 ; lut_sincos:dds|phase[3]                                              ; lut_sincos:dds|phase[3]                                                                                 ; clk          ; clk         ; 0.000        ; 0.055      ; 0.693      ;
; 0.494 ; lut_sincos:dds|phase[5]                                              ; lut_sincos:dds|phase[5]                                                                                 ; clk          ; clk         ; 0.000        ; 0.055      ; 0.693      ;
; 0.494 ; lut_sincos:dds|phase[11]                                             ; lut_sincos:dds|phase[11]                                                                                ; clk          ; clk         ; 0.000        ; 0.055      ; 0.693      ;
; 0.494 ; lut_sincos:dds|phase[16]                                             ; lut_sincos:dds|phase[16]                                                                                ; clk          ; clk         ; 0.000        ; 0.055      ; 0.693      ;
; 0.494 ; lut_sincos:dds|phase[19]                                             ; lut_sincos:dds|phase[19]                                                                                ; clk          ; clk         ; 0.000        ; 0.055      ; 0.693      ;
; 0.494 ; lut_sincos:dds|phase[21]                                             ; lut_sincos:dds|phase[21]                                                                                ; clk          ; clk         ; 0.000        ; 0.055      ; 0.693      ;
; 0.494 ; integrate_and_dump:sine_filter|sample_count[19]                      ; integrate_and_dump:sine_filter|N_sample[19]                                                             ; clk          ; clk         ; 0.000        ; 0.056      ; 0.694      ;
; 0.494 ; integrate_and_dump:cosine_filter|accumlator[1]                       ; integrate_and_dump:cosine_filter|accumlator[1]                                                          ; clk          ; clk         ; 0.000        ; 0.055      ; 0.693      ;
; 0.494 ; integrate_and_dump:cosine_filter|accumlator[7]                       ; integrate_and_dump:cosine_filter|accumlator[7]                                                          ; clk          ; clk         ; 0.000        ; 0.055      ; 0.693      ;
; 0.494 ; integrate_and_dump:sine_filter|accumlator[8]                         ; integrate_and_dump:sine_filter|accumlator[8]                                                            ; clk          ; clk         ; 0.000        ; 0.056      ; 0.694      ;
; 0.495 ; lut_sincos:dds|phase[2]                                              ; lut_sincos:dds|phase[2]                                                                                 ; clk          ; clk         ; 0.000        ; 0.055      ; 0.694      ;
; 0.495 ; lut_sincos:dds|phase[14]                                             ; lut_sincos:dds|phase[14]                                                                                ; clk          ; clk         ; 0.000        ; 0.055      ; 0.694      ;
; 0.495 ; lut_sincos:dds|phase[18]                                             ; lut_sincos:dds|phase[18]                                                                                ; clk          ; clk         ; 0.000        ; 0.055      ; 0.694      ;
; 0.495 ; spi_interface:afe|dataout[0]                                         ; data_delay_block:delay|data_out[0]                                                                      ; clk          ; clk         ; 0.000        ; 0.056      ; 0.695      ;
; 0.495 ; integrate_and_dump:sine_filter|accumlator[4]                         ; integrate_and_dump:sine_filter|accumlator[4]                                                            ; clk          ; clk         ; 0.000        ; 0.056      ; 0.695      ;
; 0.495 ; integrate_and_dump:sine_filter|accumlator[6]                         ; integrate_and_dump:sine_filter|accumlator[6]                                                            ; clk          ; clk         ; 0.000        ; 0.056      ; 0.695      ;
; 0.496 ; lut_sincos:dds|phase[1]                                              ; lut_sincos:dds|phase[1]                                                                                 ; clk          ; clk         ; 0.000        ; 0.055      ; 0.695      ;
; 0.496 ; lut_sincos:dds|phase[4]                                              ; lut_sincos:dds|phase[4]                                                                                 ; clk          ; clk         ; 0.000        ; 0.055      ; 0.695      ;
; 0.496 ; lut_sincos:dds|phase[8]                                              ; lut_sincos:dds|phase[8]                                                                                 ; clk          ; clk         ; 0.000        ; 0.055      ; 0.695      ;
; 0.496 ; lut_sincos:dds|phase[10]                                             ; lut_sincos:dds|phase[10]                                                                                ; clk          ; clk         ; 0.000        ; 0.055      ; 0.695      ;
; 0.496 ; lut_sincos:dds|phase[12]                                             ; lut_sincos:dds|phase[12]                                                                                ; clk          ; clk         ; 0.000        ; 0.055      ; 0.695      ;
; 0.496 ; integrate_and_dump:cosine_filter|accumlator[4]                       ; integrate_and_dump:cosine_filter|accumlator[4]                                                          ; clk          ; clk         ; 0.000        ; 0.055      ; 0.695      ;
; 0.496 ; integrate_and_dump:cosine_filter|accumlator[6]                       ; integrate_and_dump:cosine_filter|accumlator[6]                                                          ; clk          ; clk         ; 0.000        ; 0.055      ; 0.695      ;
; 0.496 ; cordic_top:CORDIC|cordic_stage:pipeline_gen[17].stage_inst|z_out[2]  ; cordic_top:CORDIC|cordic_stage:pipeline_gen[18].stage_inst|z_out[2]                                     ; clk          ; clk         ; 0.000        ; 0.054      ; 0.694      ;
; 0.497 ; lut_sincos:dds|phase[17]                                             ; lut_sincos:dds|phase[17]                                                                                ; clk          ; clk         ; 0.000        ; 0.055      ; 0.696      ;
; 0.497 ; lut_sincos:dds|phase[20]                                             ; lut_sincos:dds|phase[20]                                                                                ; clk          ; clk         ; 0.000        ; 0.055      ; 0.696      ;
; 0.497 ; integrate_and_dump:sine_filter|accumlator[3]                         ; integrate_and_dump:sine_filter|accumlator[3]                                                            ; clk          ; clk         ; 0.000        ; 0.056      ; 0.697      ;
; 0.497 ; integrate_and_dump:sine_filter|accumlator[5]                         ; integrate_and_dump:sine_filter|accumlator[5]                                                            ; clk          ; clk         ; 0.000        ; 0.056      ; 0.697      ;
; 0.498 ; lut_sincos:dds|phase[7]                                              ; lut_sincos:dds|phase[7]                                                                                 ; clk          ; clk         ; 0.000        ; 0.055      ; 0.697      ;
; 0.498 ; lut_sincos:dds|phase[9]                                              ; lut_sincos:dds|phase[9]                                                                                 ; clk          ; clk         ; 0.000        ; 0.055      ; 0.697      ;
; 0.498 ; integrate_and_dump:cosine_filter|accumlator[5]                       ; integrate_and_dump:cosine_filter|accumlator[5]                                                          ; clk          ; clk         ; 0.000        ; 0.055      ; 0.697      ;
; 0.501 ; integrate_and_dump:sine_filter|sample_count[28]                      ; integrate_and_dump:sine_filter|N_sample[28]                                                             ; clk          ; clk         ; 0.000        ; 0.055      ; 0.700      ;
; 0.502 ; integrate_and_dump:sine_filter|sample_count[30]                      ; integrate_and_dump:sine_filter|N_sample[30]                                                             ; clk          ; clk         ; 0.000        ; 0.055      ; 0.701      ;
; 0.506 ; lut_sincos:dds|phase[0]                                              ; lut_sincos:dds|phase[0]                                                                                 ; clk          ; clk         ; 0.000        ; 0.055      ; 0.705      ;
; 0.507 ; integrate_and_dump:sine_filter|accumlator[0]                         ; integrate_and_dump:sine_filter|accumlator[0]                                                            ; clk          ; clk         ; 0.000        ; 0.056      ; 0.707      ;
; 0.509 ; frequency_tracker_sync:comb_3|period_cnt[3]                          ; frequency_tracker_sync:comb_3|period_cnt[3]                                                             ; clk          ; clk         ; 0.000        ; 0.056      ; 0.709      ;
; 0.509 ; frequency_tracker_sync:comb_3|period_cnt[13]                         ; frequency_tracker_sync:comb_3|period_cnt[13]                                                            ; clk          ; clk         ; 0.000        ; 0.056      ; 0.709      ;
; 0.509 ; frequency_tracker_sync:comb_3|period_cnt[15]                         ; frequency_tracker_sync:comb_3|period_cnt[15]                                                            ; clk          ; clk         ; 0.000        ; 0.056      ; 0.709      ;
; 0.509 ; integrate_and_dump:sine_filter|sample_count[3]                       ; integrate_and_dump:sine_filter|sample_count[3]                                                          ; clk          ; clk         ; 0.000        ; 0.056      ; 0.709      ;
; 0.509 ; integrate_and_dump:sine_filter|sample_count[13]                      ; integrate_and_dump:sine_filter|sample_count[13]                                                         ; clk          ; clk         ; 0.000        ; 0.056      ; 0.709      ;
; 0.509 ; integrate_and_dump:sine_filter|sample_count[15]                      ; integrate_and_dump:sine_filter|sample_count[15]                                                         ; clk          ; clk         ; 0.000        ; 0.056      ; 0.709      ;
; 0.509 ; integrate_and_dump:sine_filter|accumlator[11]                        ; integrate_and_dump:sine_filter|accumlator[11]                                                           ; clk          ; clk         ; 0.000        ; 0.056      ; 0.709      ;
; 0.510 ; integrate_and_dump:sine_filter|sample_count[5]                       ; integrate_and_dump:sine_filter|sample_count[5]                                                          ; clk          ; clk         ; 0.000        ; 0.056      ; 0.710      ;
; 0.510 ; integrate_and_dump:sine_filter|sample_count[11]                      ; integrate_and_dump:sine_filter|sample_count[11]                                                         ; clk          ; clk         ; 0.000        ; 0.056      ; 0.710      ;
; 0.510 ; integrate_and_dump:sine_filter|sample_count[19]                      ; integrate_and_dump:sine_filter|sample_count[19]                                                         ; clk          ; clk         ; 0.000        ; 0.056      ; 0.710      ;
; 0.510 ; integrate_and_dump:sine_filter|sample_count[29]                      ; integrate_and_dump:sine_filter|sample_count[29]                                                         ; clk          ; clk         ; 0.000        ; 0.056      ; 0.710      ;
+-------+----------------------------------------------------------------------+---------------------------------------------------------------------------------------------------------+--------------+-------------+--------------+------------+------------+


+----------------------------------------------------------------------------------------------------------------------------------------------------------------------------------------+
; Slow 1200mV 0C Model Minimum Pulse Width: 'clk'                                                                                                                                        ;
+-------+--------------+----------------+-----------------+-------+------------+---------------------------------------------------------------------------------------------------------+
; Slack ; Actual Width ; Required Width ; Type            ; Clock ; Clock Edge ; Target                                                                                                  ;
+-------+--------------+----------------+-----------------+-------+------------+---------------------------------------------------------------------------------------------------------+
; 9.534 ; 9.805        ; 0.271          ; Low Pulse Width ; clk   ; Rise       ; multiplier:cosine_mix|product[0]                                                                        ;
; 9.534 ; 9.805        ; 0.271          ; Low Pulse Width ; clk   ; Rise       ; multiplier:cosine_mix|product[10]                                                                       ;
; 9.534 ; 9.805        ; 0.271          ; Low Pulse Width ; clk   ; Rise       ; multiplier:cosine_mix|product[11]                                                                       ;
; 9.534 ; 9.805        ; 0.271          ; Low Pulse Width ; clk   ; Rise       ; multiplier:cosine_mix|product[12]                                                                       ;
; 9.534 ; 9.805        ; 0.271          ; Low Pulse Width ; clk   ; Rise       ; multiplier:cosine_mix|product[13]                                                                       ;
; 9.534 ; 9.805        ; 0.271          ; Low Pulse Width ; clk   ; Rise       ; multiplier:cosine_mix|product[14]                                                                       ;
; 9.534 ; 9.805        ; 0.271          ; Low Pulse Width ; clk   ; Rise       ; multiplier:cosine_mix|product[15]                                                                       ;
; 9.534 ; 9.805        ; 0.271          ; Low Pulse Width ; clk   ; Rise       ; multiplier:cosine_mix|product[16]                                                                       ;
; 9.534 ; 9.805        ; 0.271          ; Low Pulse Width ; clk   ; Rise       ; multiplier:cosine_mix|product[17]                                                                       ;
; 9.534 ; 9.805        ; 0.271          ; Low Pulse Width ; clk   ; Rise       ; multiplier:cosine_mix|product[18]                                                                       ;
; 9.534 ; 9.805        ; 0.271          ; Low Pulse Width ; clk   ; Rise       ; multiplier:cosine_mix|product[19]                                                                       ;
; 9.534 ; 9.805        ; 0.271          ; Low Pulse Width ; clk   ; Rise       ; multiplier:cosine_mix|product[1]                                                                        ;
; 9.534 ; 9.805        ; 0.271          ; Low Pulse Width ; clk   ; Rise       ; multiplier:cosine_mix|product[20]                                                                       ;
; 9.534 ; 9.805        ; 0.271          ; Low Pulse Width ; clk   ; Rise       ; multiplier:cosine_mix|product[21]                                                                       ;
; 9.534 ; 9.805        ; 0.271          ; Low Pulse Width ; clk   ; Rise       ; multiplier:cosine_mix|product[22]                                                                       ;
; 9.534 ; 9.805        ; 0.271          ; Low Pulse Width ; clk   ; Rise       ; multiplier:cosine_mix|product[23]                                                                       ;
; 9.534 ; 9.805        ; 0.271          ; Low Pulse Width ; clk   ; Rise       ; multiplier:cosine_mix|product[2]                                                                        ;
; 9.534 ; 9.805        ; 0.271          ; Low Pulse Width ; clk   ; Rise       ; multiplier:cosine_mix|product[3]                                                                        ;
; 9.534 ; 9.805        ; 0.271          ; Low Pulse Width ; clk   ; Rise       ; multiplier:cosine_mix|product[4]                                                                        ;
; 9.534 ; 9.805        ; 0.271          ; Low Pulse Width ; clk   ; Rise       ; multiplier:cosine_mix|product[5]                                                                        ;
; 9.534 ; 9.805        ; 0.271          ; Low Pulse Width ; clk   ; Rise       ; multiplier:cosine_mix|product[6]                                                                        ;
; 9.534 ; 9.805        ; 0.271          ; Low Pulse Width ; clk   ; Rise       ; multiplier:cosine_mix|product[7]                                                                        ;
; 9.534 ; 9.805        ; 0.271          ; Low Pulse Width ; clk   ; Rise       ; multiplier:cosine_mix|product[8]                                                                        ;
; 9.534 ; 9.805        ; 0.271          ; Low Pulse Width ; clk   ; Rise       ; multiplier:cosine_mix|product[9]                                                                        ;
; 9.537 ; 9.808        ; 0.271          ; Low Pulse Width ; clk   ; Rise       ; multiplier:sine_mix|product[0]                                                                          ;
; 9.537 ; 9.808        ; 0.271          ; Low Pulse Width ; clk   ; Rise       ; multiplier:sine_mix|product[10]                                                                         ;
; 9.537 ; 9.808        ; 0.271          ; Low Pulse Width ; clk   ; Rise       ; multiplier:sine_mix|product[11]                                                                         ;
; 9.537 ; 9.808        ; 0.271          ; Low Pulse Width ; clk   ; Rise       ; multiplier:sine_mix|product[12]                                                                         ;
; 9.537 ; 9.808        ; 0.271          ; Low Pulse Width ; clk   ; Rise       ; multiplier:sine_mix|product[13]                                                                         ;
; 9.537 ; 9.808        ; 0.271          ; Low Pulse Width ; clk   ; Rise       ; multiplier:sine_mix|product[14]                                                                         ;
; 9.537 ; 9.808        ; 0.271          ; Low Pulse Width ; clk   ; Rise       ; multiplier:sine_mix|product[15]                                                                         ;
; 9.537 ; 9.808        ; 0.271          ; Low Pulse Width ; clk   ; Rise       ; multiplier:sine_mix|product[16]                                                                         ;
; 9.537 ; 9.808        ; 0.271          ; Low Pulse Width ; clk   ; Rise       ; multiplier:sine_mix|product[17]                                                                         ;
; 9.537 ; 9.808        ; 0.271          ; Low Pulse Width ; clk   ; Rise       ; multiplier:sine_mix|product[18]                                                                         ;
; 9.537 ; 9.808        ; 0.271          ; Low Pulse Width ; clk   ; Rise       ; multiplier:sine_mix|product[19]                                                                         ;
; 9.537 ; 9.808        ; 0.271          ; Low Pulse Width ; clk   ; Rise       ; multiplier:sine_mix|product[1]                                                                          ;
; 9.537 ; 9.808        ; 0.271          ; Low Pulse Width ; clk   ; Rise       ; multiplier:sine_mix|product[20]                                                                         ;
; 9.537 ; 9.808        ; 0.271          ; Low Pulse Width ; clk   ; Rise       ; multiplier:sine_mix|product[21]                                                                         ;
; 9.537 ; 9.808        ; 0.271          ; Low Pulse Width ; clk   ; Rise       ; multiplier:sine_mix|product[22]                                                                         ;
; 9.537 ; 9.808        ; 0.271          ; Low Pulse Width ; clk   ; Rise       ; multiplier:sine_mix|product[23]                                                                         ;
; 9.537 ; 9.808        ; 0.271          ; Low Pulse Width ; clk   ; Rise       ; multiplier:sine_mix|product[2]                                                                          ;
; 9.537 ; 9.808        ; 0.271          ; Low Pulse Width ; clk   ; Rise       ; multiplier:sine_mix|product[3]                                                                          ;
; 9.537 ; 9.808        ; 0.271          ; Low Pulse Width ; clk   ; Rise       ; multiplier:sine_mix|product[4]                                                                          ;
; 9.537 ; 9.808        ; 0.271          ; Low Pulse Width ; clk   ; Rise       ; multiplier:sine_mix|product[5]                                                                          ;
; 9.537 ; 9.808        ; 0.271          ; Low Pulse Width ; clk   ; Rise       ; multiplier:sine_mix|product[6]                                                                          ;
; 9.537 ; 9.808        ; 0.271          ; Low Pulse Width ; clk   ; Rise       ; multiplier:sine_mix|product[7]                                                                          ;
; 9.537 ; 9.808        ; 0.271          ; Low Pulse Width ; clk   ; Rise       ; multiplier:sine_mix|product[8]                                                                          ;
; 9.537 ; 9.808        ; 0.271          ; Low Pulse Width ; clk   ; Rise       ; multiplier:sine_mix|product[9]                                                                          ;
; 9.592 ; 9.822        ; 0.230          ; Low Pulse Width ; clk   ; Rise       ; lut_sincos:dds|altsyncram:sine_lut_rtl_0|altsyncram_1sq1:auto_generated|ram_block1a0~portb_address_reg0 ;
; 9.593 ; 9.823        ; 0.230          ; Low Pulse Width ; clk   ; Rise       ; lut_sincos:dds|altsyncram:sine_lut_rtl_0|altsyncram_1sq1:auto_generated|ram_block1a0~porta_address_reg0 ;
; 9.593 ; 9.823        ; 0.230          ; Low Pulse Width ; clk   ; Rise       ; lut_sincos:dds|altsyncram:sine_lut_rtl_0|altsyncram_1sq1:auto_generated|ram_block1a9~portb_address_reg0 ;
; 9.594 ; 9.824        ; 0.230          ; Low Pulse Width ; clk   ; Rise       ; lut_sincos:dds|altsyncram:sine_lut_rtl_0|altsyncram_1sq1:auto_generated|ram_block1a9~porta_address_reg0 ;
; 9.696 ; 9.880        ; 0.184          ; Low Pulse Width ; clk   ; Rise       ; cordic_top:CORDIC|cordic_stage:pipeline_gen[13].stage_inst|y_out[23]                                    ;
; 9.696 ; 9.880        ; 0.184          ; Low Pulse Width ; clk   ; Rise       ; cordic_top:CORDIC|cordic_stage:pipeline_gen[13].stage_inst|y_out[24]                                    ;
; 9.696 ; 9.880        ; 0.184          ; Low Pulse Width ; clk   ; Rise       ; cordic_top:CORDIC|cordic_stage:pipeline_gen[13].stage_inst|y_out[25]                                    ;
; 9.696 ; 9.880        ; 0.184          ; Low Pulse Width ; clk   ; Rise       ; cordic_top:CORDIC|cordic_stage:pipeline_gen[13].stage_inst|y_out[26]                                    ;
; 9.696 ; 9.880        ; 0.184          ; Low Pulse Width ; clk   ; Rise       ; cordic_top:CORDIC|cordic_stage:pipeline_gen[13].stage_inst|y_out[27]                                    ;
; 9.696 ; 9.880        ; 0.184          ; Low Pulse Width ; clk   ; Rise       ; cordic_top:CORDIC|cordic_stage:pipeline_gen[13].stage_inst|y_out[28]                                    ;
; 9.696 ; 9.880        ; 0.184          ; Low Pulse Width ; clk   ; Rise       ; cordic_top:CORDIC|cordic_stage:pipeline_gen[13].stage_inst|y_out[29]                                    ;
; 9.696 ; 9.880        ; 0.184          ; Low Pulse Width ; clk   ; Rise       ; cordic_top:CORDIC|cordic_stage:pipeline_gen[13].stage_inst|y_out[30]                                    ;
; 9.696 ; 9.880        ; 0.184          ; Low Pulse Width ; clk   ; Rise       ; cordic_top:CORDIC|cordic_stage:pipeline_gen[13].stage_inst|y_out[31]                                    ;
; 9.696 ; 9.880        ; 0.184          ; Low Pulse Width ; clk   ; Rise       ; cordic_top:CORDIC|cordic_stage:pipeline_gen[14].stage_inst|z_out[10]                                    ;
; 9.696 ; 9.880        ; 0.184          ; Low Pulse Width ; clk   ; Rise       ; cordic_top:CORDIC|cordic_stage:pipeline_gen[14].stage_inst|z_out[11]                                    ;
; 9.696 ; 9.880        ; 0.184          ; Low Pulse Width ; clk   ; Rise       ; cordic_top:CORDIC|cordic_stage:pipeline_gen[14].stage_inst|z_out[12]                                    ;
; 9.696 ; 9.880        ; 0.184          ; Low Pulse Width ; clk   ; Rise       ; cordic_top:CORDIC|cordic_stage:pipeline_gen[14].stage_inst|z_out[13]                                    ;
; 9.696 ; 9.880        ; 0.184          ; Low Pulse Width ; clk   ; Rise       ; cordic_top:CORDIC|cordic_stage:pipeline_gen[14].stage_inst|z_out[14]                                    ;
; 9.696 ; 9.880        ; 0.184          ; Low Pulse Width ; clk   ; Rise       ; cordic_top:CORDIC|cordic_stage:pipeline_gen[14].stage_inst|z_out[15]                                    ;
; 9.696 ; 9.880        ; 0.184          ; Low Pulse Width ; clk   ; Rise       ; cordic_top:CORDIC|cordic_stage:pipeline_gen[14].stage_inst|z_out[16]                                    ;
; 9.696 ; 9.880        ; 0.184          ; Low Pulse Width ; clk   ; Rise       ; cordic_top:CORDIC|cordic_stage:pipeline_gen[14].stage_inst|z_out[2]                                     ;
; 9.696 ; 9.880        ; 0.184          ; Low Pulse Width ; clk   ; Rise       ; cordic_top:CORDIC|cordic_stage:pipeline_gen[14].stage_inst|z_out[3]                                     ;
; 9.696 ; 9.880        ; 0.184          ; Low Pulse Width ; clk   ; Rise       ; cordic_top:CORDIC|cordic_stage:pipeline_gen[14].stage_inst|z_out[4]                                     ;
; 9.696 ; 9.880        ; 0.184          ; Low Pulse Width ; clk   ; Rise       ; cordic_top:CORDIC|cordic_stage:pipeline_gen[14].stage_inst|z_out[5]                                     ;
; 9.696 ; 9.880        ; 0.184          ; Low Pulse Width ; clk   ; Rise       ; cordic_top:CORDIC|cordic_stage:pipeline_gen[14].stage_inst|z_out[6]                                     ;
; 9.696 ; 9.880        ; 0.184          ; Low Pulse Width ; clk   ; Rise       ; cordic_top:CORDIC|cordic_stage:pipeline_gen[14].stage_inst|z_out[7]                                     ;
; 9.696 ; 9.880        ; 0.184          ; Low Pulse Width ; clk   ; Rise       ; cordic_top:CORDIC|cordic_stage:pipeline_gen[14].stage_inst|z_out[8]                                     ;
; 9.696 ; 9.880        ; 0.184          ; Low Pulse Width ; clk   ; Rise       ; cordic_top:CORDIC|cordic_stage:pipeline_gen[14].stage_inst|z_out[9]                                     ;
; 9.696 ; 9.880        ; 0.184          ; Low Pulse Width ; clk   ; Rise       ; cordic_top:CORDIC|cordic_stage:pipeline_gen[1].stage_inst|x_out[23]                                     ;
; 9.696 ; 9.880        ; 0.184          ; Low Pulse Width ; clk   ; Rise       ; cordic_top:CORDIC|cordic_stage:pipeline_gen[1].stage_inst|x_out[24]                                     ;
; 9.696 ; 9.880        ; 0.184          ; Low Pulse Width ; clk   ; Rise       ; cordic_top:CORDIC|cordic_stage:pipeline_gen[1].stage_inst|x_out[25]                                     ;
; 9.696 ; 9.880        ; 0.184          ; Low Pulse Width ; clk   ; Rise       ; cordic_top:CORDIC|cordic_stage:pipeline_gen[1].stage_inst|x_out[26]                                     ;
; 9.696 ; 9.880        ; 0.184          ; Low Pulse Width ; clk   ; Rise       ; cordic_top:CORDIC|cordic_stage:pipeline_gen[1].stage_inst|x_out[27]                                     ;
; 9.696 ; 9.880        ; 0.184          ; Low Pulse Width ; clk   ; Rise       ; cordic_top:CORDIC|cordic_stage:pipeline_gen[1].stage_inst|x_out[28]                                     ;
; 9.696 ; 9.880        ; 0.184          ; Low Pulse Width ; clk   ; Rise       ; cordic_top:CORDIC|cordic_stage:pipeline_gen[1].stage_inst|x_out[29]                                     ;
; 9.696 ; 9.880        ; 0.184          ; Low Pulse Width ; clk   ; Rise       ; cordic_top:CORDIC|cordic_stage:pipeline_gen[1].stage_inst|x_out[30]                                     ;
; 9.696 ; 9.880        ; 0.184          ; Low Pulse Width ; clk   ; Rise       ; cordic_top:CORDIC|cordic_stage:pipeline_gen[1].stage_inst|x_out[31]                                     ;
; 9.696 ; 9.880        ; 0.184          ; Low Pulse Width ; clk   ; Rise       ; frequency_tracker_sync:comb_3|phase_step[0]                                                             ;
; 9.696 ; 9.880        ; 0.184          ; Low Pulse Width ; clk   ; Rise       ; frequency_tracker_sync:comb_3|phase_step[19]                                                            ;
; 9.696 ; 9.880        ; 0.184          ; Low Pulse Width ; clk   ; Rise       ; frequency_tracker_sync:comb_3|phase_step[20]                                                            ;
; 9.696 ; 9.880        ; 0.184          ; Low Pulse Width ; clk   ; Rise       ; frequency_tracker_sync:comb_3|phase_step[8]                                                             ;
; 9.696 ; 9.880        ; 0.184          ; Low Pulse Width ; clk   ; Rise       ; frequency_tracker_sync:comb_3|ttl_r1                                                                    ;
; 9.696 ; 9.880        ; 0.184          ; Low Pulse Width ; clk   ; Rise       ; frequency_tracker_sync:comb_3|ttl_r2                                                                    ;
; 9.696 ; 9.880        ; 0.184          ; Low Pulse Width ; clk   ; Rise       ; frequency_tracker_sync:comb_3|ttl_r3                                                                    ;
; 9.696 ; 9.880        ; 0.184          ; Low Pulse Width ; clk   ; Rise       ; integrate_and_dump:cosine_filter|valid_out                                                              ;
; 9.696 ; 9.880        ; 0.184          ; Low Pulse Width ; clk   ; Rise       ; lut_sincos:dds|phase[0]                                                                                 ;
; 9.696 ; 9.880        ; 0.184          ; Low Pulse Width ; clk   ; Rise       ; lut_sincos:dds|phase[10]                                                                                ;
; 9.696 ; 9.880        ; 0.184          ; Low Pulse Width ; clk   ; Rise       ; lut_sincos:dds|phase[11]                                                                                ;
; 9.696 ; 9.880        ; 0.184          ; Low Pulse Width ; clk   ; Rise       ; lut_sincos:dds|phase[12]                                                                                ;
; 9.696 ; 9.880        ; 0.184          ; Low Pulse Width ; clk   ; Rise       ; lut_sincos:dds|phase[13]                                                                                ;
; 9.696 ; 9.880        ; 0.184          ; Low Pulse Width ; clk   ; Rise       ; lut_sincos:dds|phase[14]                                                                                ;
; 9.696 ; 9.880        ; 0.184          ; Low Pulse Width ; clk   ; Rise       ; lut_sincos:dds|phase[15]                                                                                ;
+-------+--------------+----------------+-----------------+-------+------------+---------------------------------------------------------------------------------------------------------+


+-----------------------------------------------------------------------------------------------------------------------------------------------------------------------------------------------------+
; Slow 1200mV 0C Model Minimum Pulse Width: 'p_ll|altpll_component|auto_generated|pll1|clk[0]'                                                                                                        ;
+---------+--------------+----------------+------------------+--------------------------------------------------+------------+------------------------------------------------------------------------+
; Slack   ; Actual Width ; Required Width ; Type             ; Clock                                            ; Clock Edge ; Target                                                                 ;
+---------+--------------+----------------+------------------+--------------------------------------------------+------------+------------------------------------------------------------------------+
; 155.993 ; 156.209      ; 0.216          ; High Pulse Width ; p_ll|altpll_component|auto_generated|pll1|clk[0] ; Rise       ; spi_interface:afe|count[0]                                             ;
; 155.993 ; 156.209      ; 0.216          ; High Pulse Width ; p_ll|altpll_component|auto_generated|pll1|clk[0] ; Rise       ; spi_interface:afe|count[1]                                             ;
; 155.993 ; 156.209      ; 0.216          ; High Pulse Width ; p_ll|altpll_component|auto_generated|pll1|clk[0] ; Rise       ; spi_interface:afe|count[2]                                             ;
; 155.993 ; 156.209      ; 0.216          ; High Pulse Width ; p_ll|altpll_component|auto_generated|pll1|clk[0] ; Rise       ; spi_interface:afe|count[3]                                             ;
; 155.993 ; 156.209      ; 0.216          ; High Pulse Width ; p_ll|altpll_component|auto_generated|pll1|clk[0] ; Rise       ; spi_interface:afe|cs                                                   ;
; 155.993 ; 156.209      ; 0.216          ; High Pulse Width ; p_ll|altpll_component|auto_generated|pll1|clk[0] ; Rise       ; spi_interface:afe|data_temp[10]                                        ;
; 155.993 ; 156.209      ; 0.216          ; High Pulse Width ; p_ll|altpll_component|auto_generated|pll1|clk[0] ; Rise       ; spi_interface:afe|data_temp[11]                                        ;
; 155.993 ; 156.209      ; 0.216          ; High Pulse Width ; p_ll|altpll_component|auto_generated|pll1|clk[0] ; Rise       ; spi_interface:afe|data_temp[1]                                         ;
; 155.993 ; 156.209      ; 0.216          ; High Pulse Width ; p_ll|altpll_component|auto_generated|pll1|clk[0] ; Rise       ; spi_interface:afe|data_temp[2]                                         ;
; 155.993 ; 156.209      ; 0.216          ; High Pulse Width ; p_ll|altpll_component|auto_generated|pll1|clk[0] ; Rise       ; spi_interface:afe|data_temp[3]                                         ;
; 155.993 ; 156.209      ; 0.216          ; High Pulse Width ; p_ll|altpll_component|auto_generated|pll1|clk[0] ; Rise       ; spi_interface:afe|data_temp[4]                                         ;
; 155.993 ; 156.209      ; 0.216          ; High Pulse Width ; p_ll|altpll_component|auto_generated|pll1|clk[0] ; Rise       ; spi_interface:afe|data_temp[5]                                         ;
; 155.993 ; 156.209      ; 0.216          ; High Pulse Width ; p_ll|altpll_component|auto_generated|pll1|clk[0] ; Rise       ; spi_interface:afe|data_temp[6]                                         ;
; 155.993 ; 156.209      ; 0.216          ; High Pulse Width ; p_ll|altpll_component|auto_generated|pll1|clk[0] ; Rise       ; spi_interface:afe|data_temp[7]                                         ;
; 155.993 ; 156.209      ; 0.216          ; High Pulse Width ; p_ll|altpll_component|auto_generated|pll1|clk[0] ; Rise       ; spi_interface:afe|data_temp[8]                                         ;
; 155.993 ; 156.209      ; 0.216          ; High Pulse Width ; p_ll|altpll_component|auto_generated|pll1|clk[0] ; Rise       ; spi_interface:afe|data_temp[9]                                         ;
; 155.993 ; 156.209      ; 0.216          ; High Pulse Width ; p_ll|altpll_component|auto_generated|pll1|clk[0] ; Rise       ; spi_interface:afe|dataout_slow[0]                                      ;
; 155.993 ; 156.209      ; 0.216          ; High Pulse Width ; p_ll|altpll_component|auto_generated|pll1|clk[0] ; Rise       ; spi_interface:afe|dataout_slow[11]                                     ;
; 155.993 ; 156.209      ; 0.216          ; High Pulse Width ; p_ll|altpll_component|auto_generated|pll1|clk[0] ; Rise       ; spi_interface:afe|dataout_slow[1]                                      ;
; 155.993 ; 156.209      ; 0.216          ; High Pulse Width ; p_ll|altpll_component|auto_generated|pll1|clk[0] ; Rise       ; spi_interface:afe|dataout_slow[2]                                      ;
; 155.993 ; 156.209      ; 0.216          ; High Pulse Width ; p_ll|altpll_component|auto_generated|pll1|clk[0] ; Rise       ; spi_interface:afe|dataout_slow[3]                                      ;
; 155.993 ; 156.209      ; 0.216          ; High Pulse Width ; p_ll|altpll_component|auto_generated|pll1|clk[0] ; Rise       ; spi_interface:afe|dataout_slow[4]                                      ;
; 155.993 ; 156.209      ; 0.216          ; High Pulse Width ; p_ll|altpll_component|auto_generated|pll1|clk[0] ; Rise       ; spi_interface:afe|dataout_slow[5]                                      ;
; 155.993 ; 156.209      ; 0.216          ; High Pulse Width ; p_ll|altpll_component|auto_generated|pll1|clk[0] ; Rise       ; spi_interface:afe|dataout_slow[6]                                      ;
; 155.993 ; 156.209      ; 0.216          ; High Pulse Width ; p_ll|altpll_component|auto_generated|pll1|clk[0] ; Rise       ; spi_interface:afe|idle_state                                           ;
; 155.993 ; 156.209      ; 0.216          ; High Pulse Width ; p_ll|altpll_component|auto_generated|pll1|clk[0] ; Rise       ; spi_interface:afe|valid_slow                                           ;
; 155.994 ; 156.210      ; 0.216          ; High Pulse Width ; p_ll|altpll_component|auto_generated|pll1|clk[0] ; Rise       ; spi_interface:afe|clock_out                                            ;
; 155.994 ; 156.210      ; 0.216          ; High Pulse Width ; p_ll|altpll_component|auto_generated|pll1|clk[0] ; Rise       ; spi_interface:afe|dataout_slow[10]                                     ;
; 155.994 ; 156.210      ; 0.216          ; High Pulse Width ; p_ll|altpll_component|auto_generated|pll1|clk[0] ; Rise       ; spi_interface:afe|dataout_slow[7]                                      ;
; 155.994 ; 156.210      ; 0.216          ; High Pulse Width ; p_ll|altpll_component|auto_generated|pll1|clk[0] ; Rise       ; spi_interface:afe|dataout_slow[8]                                      ;
; 155.994 ; 156.210      ; 0.216          ; High Pulse Width ; p_ll|altpll_component|auto_generated|pll1|clk[0] ; Rise       ; spi_interface:afe|dataout_slow[9]                                      ;
; 156.034 ; 156.218      ; 0.184          ; Low Pulse Width  ; p_ll|altpll_component|auto_generated|pll1|clk[0] ; Fall       ; spi_interface:afe|din                                                  ;
; 156.064 ; 156.280      ; 0.216          ; High Pulse Width ; p_ll|altpll_component|auto_generated|pll1|clk[0] ; Fall       ; spi_interface:afe|din                                                  ;
; 156.105 ; 156.289      ; 0.184          ; Low Pulse Width  ; p_ll|altpll_component|auto_generated|pll1|clk[0] ; Rise       ; spi_interface:afe|clock_out                                            ;
; 156.105 ; 156.289      ; 0.184          ; Low Pulse Width  ; p_ll|altpll_component|auto_generated|pll1|clk[0] ; Rise       ; spi_interface:afe|dataout_slow[0]                                      ;
; 156.105 ; 156.289      ; 0.184          ; Low Pulse Width  ; p_ll|altpll_component|auto_generated|pll1|clk[0] ; Rise       ; spi_interface:afe|dataout_slow[11]                                     ;
; 156.105 ; 156.289      ; 0.184          ; Low Pulse Width  ; p_ll|altpll_component|auto_generated|pll1|clk[0] ; Rise       ; spi_interface:afe|dataout_slow[1]                                      ;
; 156.105 ; 156.289      ; 0.184          ; Low Pulse Width  ; p_ll|altpll_component|auto_generated|pll1|clk[0] ; Rise       ; spi_interface:afe|dataout_slow[2]                                      ;
; 156.105 ; 156.289      ; 0.184          ; Low Pulse Width  ; p_ll|altpll_component|auto_generated|pll1|clk[0] ; Rise       ; spi_interface:afe|dataout_slow[3]                                      ;
; 156.105 ; 156.289      ; 0.184          ; Low Pulse Width  ; p_ll|altpll_component|auto_generated|pll1|clk[0] ; Rise       ; spi_interface:afe|dataout_slow[4]                                      ;
; 156.105 ; 156.289      ; 0.184          ; Low Pulse Width  ; p_ll|altpll_component|auto_generated|pll1|clk[0] ; Rise       ; spi_interface:afe|dataout_slow[5]                                      ;
; 156.105 ; 156.289      ; 0.184          ; Low Pulse Width  ; p_ll|altpll_component|auto_generated|pll1|clk[0] ; Rise       ; spi_interface:afe|dataout_slow[6]                                      ;
; 156.106 ; 156.290      ; 0.184          ; Low Pulse Width  ; p_ll|altpll_component|auto_generated|pll1|clk[0] ; Rise       ; spi_interface:afe|count[0]                                             ;
; 156.106 ; 156.290      ; 0.184          ; Low Pulse Width  ; p_ll|altpll_component|auto_generated|pll1|clk[0] ; Rise       ; spi_interface:afe|count[1]                                             ;
; 156.106 ; 156.290      ; 0.184          ; Low Pulse Width  ; p_ll|altpll_component|auto_generated|pll1|clk[0] ; Rise       ; spi_interface:afe|count[2]                                             ;
; 156.106 ; 156.290      ; 0.184          ; Low Pulse Width  ; p_ll|altpll_component|auto_generated|pll1|clk[0] ; Rise       ; spi_interface:afe|count[3]                                             ;
; 156.106 ; 156.290      ; 0.184          ; Low Pulse Width  ; p_ll|altpll_component|auto_generated|pll1|clk[0] ; Rise       ; spi_interface:afe|cs                                                   ;
; 156.106 ; 156.290      ; 0.184          ; Low Pulse Width  ; p_ll|altpll_component|auto_generated|pll1|clk[0] ; Rise       ; spi_interface:afe|data_temp[10]                                        ;
; 156.106 ; 156.290      ; 0.184          ; Low Pulse Width  ; p_ll|altpll_component|auto_generated|pll1|clk[0] ; Rise       ; spi_interface:afe|data_temp[11]                                        ;
; 156.106 ; 156.290      ; 0.184          ; Low Pulse Width  ; p_ll|altpll_component|auto_generated|pll1|clk[0] ; Rise       ; spi_interface:afe|data_temp[1]                                         ;
; 156.106 ; 156.290      ; 0.184          ; Low Pulse Width  ; p_ll|altpll_component|auto_generated|pll1|clk[0] ; Rise       ; spi_interface:afe|data_temp[2]                                         ;
; 156.106 ; 156.290      ; 0.184          ; Low Pulse Width  ; p_ll|altpll_component|auto_generated|pll1|clk[0] ; Rise       ; spi_interface:afe|data_temp[3]                                         ;
; 156.106 ; 156.290      ; 0.184          ; Low Pulse Width  ; p_ll|altpll_component|auto_generated|pll1|clk[0] ; Rise       ; spi_interface:afe|data_temp[4]                                         ;
; 156.106 ; 156.290      ; 0.184          ; Low Pulse Width  ; p_ll|altpll_component|auto_generated|pll1|clk[0] ; Rise       ; spi_interface:afe|data_temp[5]                                         ;
; 156.106 ; 156.290      ; 0.184          ; Low Pulse Width  ; p_ll|altpll_component|auto_generated|pll1|clk[0] ; Rise       ; spi_interface:afe|data_temp[6]                                         ;
; 156.106 ; 156.290      ; 0.184          ; Low Pulse Width  ; p_ll|altpll_component|auto_generated|pll1|clk[0] ; Rise       ; spi_interface:afe|data_temp[7]                                         ;
; 156.106 ; 156.290      ; 0.184          ; Low Pulse Width  ; p_ll|altpll_component|auto_generated|pll1|clk[0] ; Rise       ; spi_interface:afe|data_temp[8]                                         ;
; 156.106 ; 156.290      ; 0.184          ; Low Pulse Width  ; p_ll|altpll_component|auto_generated|pll1|clk[0] ; Rise       ; spi_interface:afe|data_temp[9]                                         ;
; 156.106 ; 156.290      ; 0.184          ; Low Pulse Width  ; p_ll|altpll_component|auto_generated|pll1|clk[0] ; Rise       ; spi_interface:afe|dataout_slow[10]                                     ;
; 156.106 ; 156.290      ; 0.184          ; Low Pulse Width  ; p_ll|altpll_component|auto_generated|pll1|clk[0] ; Rise       ; spi_interface:afe|dataout_slow[7]                                      ;
; 156.106 ; 156.290      ; 0.184          ; Low Pulse Width  ; p_ll|altpll_component|auto_generated|pll1|clk[0] ; Rise       ; spi_interface:afe|dataout_slow[8]                                      ;
; 156.106 ; 156.290      ; 0.184          ; Low Pulse Width  ; p_ll|altpll_component|auto_generated|pll1|clk[0] ; Rise       ; spi_interface:afe|dataout_slow[9]                                      ;
; 156.106 ; 156.290      ; 0.184          ; Low Pulse Width  ; p_ll|altpll_component|auto_generated|pll1|clk[0] ; Rise       ; spi_interface:afe|idle_state                                           ;
; 156.106 ; 156.290      ; 0.184          ; Low Pulse Width  ; p_ll|altpll_component|auto_generated|pll1|clk[0] ; Rise       ; spi_interface:afe|valid_slow                                           ;
; 156.231 ; 156.231      ; 0.000          ; High Pulse Width ; p_ll|altpll_component|auto_generated|pll1|clk[0] ; Rise       ; p_ll|altpll_component|auto_generated|wire_pll1_clk[0]~clkctrl|inclk[0] ;
; 156.231 ; 156.231      ; 0.000          ; High Pulse Width ; p_ll|altpll_component|auto_generated|pll1|clk[0] ; Rise       ; p_ll|altpll_component|auto_generated|wire_pll1_clk[0]~clkctrl|outclk   ;
; 156.233 ; 156.233      ; 0.000          ; High Pulse Width ; p_ll|altpll_component|auto_generated|pll1|clk[0] ; Rise       ; afe|count[0]|clk                                                       ;
; 156.233 ; 156.233      ; 0.000          ; High Pulse Width ; p_ll|altpll_component|auto_generated|pll1|clk[0] ; Rise       ; afe|count[1]|clk                                                       ;
; 156.233 ; 156.233      ; 0.000          ; High Pulse Width ; p_ll|altpll_component|auto_generated|pll1|clk[0] ; Rise       ; afe|count[2]|clk                                                       ;
; 156.233 ; 156.233      ; 0.000          ; High Pulse Width ; p_ll|altpll_component|auto_generated|pll1|clk[0] ; Rise       ; afe|count[3]|clk                                                       ;
; 156.233 ; 156.233      ; 0.000          ; High Pulse Width ; p_ll|altpll_component|auto_generated|pll1|clk[0] ; Rise       ; afe|cs|clk                                                             ;
; 156.233 ; 156.233      ; 0.000          ; High Pulse Width ; p_ll|altpll_component|auto_generated|pll1|clk[0] ; Rise       ; afe|data_temp[10]|clk                                                  ;
; 156.233 ; 156.233      ; 0.000          ; High Pulse Width ; p_ll|altpll_component|auto_generated|pll1|clk[0] ; Rise       ; afe|data_temp[11]|clk                                                  ;
; 156.233 ; 156.233      ; 0.000          ; High Pulse Width ; p_ll|altpll_component|auto_generated|pll1|clk[0] ; Rise       ; afe|data_temp[1]|clk                                                   ;
; 156.233 ; 156.233      ; 0.000          ; High Pulse Width ; p_ll|altpll_component|auto_generated|pll1|clk[0] ; Rise       ; afe|data_temp[2]|clk                                                   ;
; 156.233 ; 156.233      ; 0.000          ; High Pulse Width ; p_ll|altpll_component|auto_generated|pll1|clk[0] ; Rise       ; afe|data_temp[3]|clk                                                   ;
; 156.233 ; 156.233      ; 0.000          ; High Pulse Width ; p_ll|altpll_component|auto_generated|pll1|clk[0] ; Rise       ; afe|data_temp[4]|clk                                                   ;
; 156.233 ; 156.233      ; 0.000          ; High Pulse Width ; p_ll|altpll_component|auto_generated|pll1|clk[0] ; Rise       ; afe|data_temp[5]|clk                                                   ;
; 156.233 ; 156.233      ; 0.000          ; High Pulse Width ; p_ll|altpll_component|auto_generated|pll1|clk[0] ; Rise       ; afe|data_temp[6]|clk                                                   ;
; 156.233 ; 156.233      ; 0.000          ; High Pulse Width ; p_ll|altpll_component|auto_generated|pll1|clk[0] ; Rise       ; afe|data_temp[7]|clk                                                   ;
; 156.233 ; 156.233      ; 0.000          ; High Pulse Width ; p_ll|altpll_component|auto_generated|pll1|clk[0] ; Rise       ; afe|data_temp[8]|clk                                                   ;
; 156.233 ; 156.233      ; 0.000          ; High Pulse Width ; p_ll|altpll_component|auto_generated|pll1|clk[0] ; Rise       ; afe|data_temp[9]|clk                                                   ;
; 156.233 ; 156.233      ; 0.000          ; High Pulse Width ; p_ll|altpll_component|auto_generated|pll1|clk[0] ; Rise       ; afe|dataout_slow[0]|clk                                                ;
; 156.233 ; 156.233      ; 0.000          ; High Pulse Width ; p_ll|altpll_component|auto_generated|pll1|clk[0] ; Rise       ; afe|dataout_slow[11]|clk                                               ;
; 156.233 ; 156.233      ; 0.000          ; High Pulse Width ; p_ll|altpll_component|auto_generated|pll1|clk[0] ; Rise       ; afe|dataout_slow[1]|clk                                                ;
; 156.233 ; 156.233      ; 0.000          ; High Pulse Width ; p_ll|altpll_component|auto_generated|pll1|clk[0] ; Rise       ; afe|dataout_slow[2]|clk                                                ;
; 156.233 ; 156.233      ; 0.000          ; High Pulse Width ; p_ll|altpll_component|auto_generated|pll1|clk[0] ; Rise       ; afe|dataout_slow[3]|clk                                                ;
; 156.233 ; 156.233      ; 0.000          ; High Pulse Width ; p_ll|altpll_component|auto_generated|pll1|clk[0] ; Rise       ; afe|dataout_slow[4]|clk                                                ;
; 156.233 ; 156.233      ; 0.000          ; High Pulse Width ; p_ll|altpll_component|auto_generated|pll1|clk[0] ; Rise       ; afe|dataout_slow[5]|clk                                                ;
; 156.233 ; 156.233      ; 0.000          ; High Pulse Width ; p_ll|altpll_component|auto_generated|pll1|clk[0] ; Rise       ; afe|dataout_slow[6]|clk                                                ;
; 156.233 ; 156.233      ; 0.000          ; High Pulse Width ; p_ll|altpll_component|auto_generated|pll1|clk[0] ; Rise       ; afe|din|clk                                                            ;
; 156.233 ; 156.233      ; 0.000          ; High Pulse Width ; p_ll|altpll_component|auto_generated|pll1|clk[0] ; Rise       ; afe|idle_state|clk                                                     ;
; 156.233 ; 156.233      ; 0.000          ; High Pulse Width ; p_ll|altpll_component|auto_generated|pll1|clk[0] ; Rise       ; afe|valid_slow|clk                                                     ;
; 156.234 ; 156.234      ; 0.000          ; High Pulse Width ; p_ll|altpll_component|auto_generated|pll1|clk[0] ; Rise       ; afe|clock_out|clk                                                      ;
; 156.234 ; 156.234      ; 0.000          ; High Pulse Width ; p_ll|altpll_component|auto_generated|pll1|clk[0] ; Rise       ; afe|dataout_slow[10]|clk                                               ;
; 156.234 ; 156.234      ; 0.000          ; High Pulse Width ; p_ll|altpll_component|auto_generated|pll1|clk[0] ; Rise       ; afe|dataout_slow[7]|clk                                                ;
; 156.234 ; 156.234      ; 0.000          ; High Pulse Width ; p_ll|altpll_component|auto_generated|pll1|clk[0] ; Rise       ; afe|dataout_slow[8]|clk                                                ;
; 156.234 ; 156.234      ; 0.000          ; High Pulse Width ; p_ll|altpll_component|auto_generated|pll1|clk[0] ; Rise       ; afe|dataout_slow[9]|clk                                                ;
; 156.265 ; 156.265      ; 0.000          ; Low Pulse Width  ; p_ll|altpll_component|auto_generated|pll1|clk[0] ; Rise       ; afe|clock_out|clk                                                      ;
; 156.265 ; 156.265      ; 0.000          ; Low Pulse Width  ; p_ll|altpll_component|auto_generated|pll1|clk[0] ; Rise       ; afe|dataout_slow[0]|clk                                                ;
+---------+--------------+----------------+------------------+--------------------------------------------------+------------+------------------------------------------------------------------------+


+--------------------------------------------------------------------------------------------------------+
; Setup Times                                                                                            ;
+-----------+------------+-------+-------+------------+--------------------------------------------------+
; Data Port ; Clock Port ; Rise  ; Fall  ; Clock Edge ; Clock Reference                                  ;
+-----------+------------+-------+-------+------------+--------------------------------------------------+
; ttl_in    ; clk        ; 1.758 ; 2.117 ; Rise       ; clk                                              ;
; dout      ; clk        ; 2.131 ; 2.249 ; Rise       ; p_ll|altpll_component|auto_generated|pll1|clk[0] ;
+-----------+------------+-------+-------+------------+--------------------------------------------------+


+----------------------------------------------------------------------------------------------------------+
; Hold Times                                                                                               ;
+-----------+------------+--------+--------+------------+--------------------------------------------------+
; Data Port ; Clock Port ; Rise   ; Fall   ; Clock Edge ; Clock Reference                                  ;
+-----------+------------+--------+--------+------------+--------------------------------------------------+
; ttl_in    ; clk        ; -1.413 ; -1.756 ; Rise       ; clk                                              ;
; dout      ; clk        ; -1.294 ; -1.385 ; Rise       ; p_ll|altpll_component|auto_generated|pll1|clk[0] ;
+-----------+------------+--------+--------+------------+--------------------------------------------------+


+----------------------------------------------------------------------------------------------------------------+
; Clock to Output Times                                                                                          ;
+-------------------+------------+-------+-------+------------+--------------------------------------------------+
; Data Port         ; Clock Port ; Rise  ; Fall  ; Clock Edge ; Clock Reference                                  ;
+-------------------+------------+-------+-------+------------+--------------------------------------------------+
; N_sample_out[*]   ; clk        ; 6.550 ; 6.584 ; Rise       ; clk                                              ;
;  N_sample_out[0]  ; clk        ; 5.714 ; 5.744 ; Rise       ; clk                                              ;
;  N_sample_out[1]  ; clk        ; 5.847 ; 5.883 ; Rise       ; clk                                              ;
;  N_sample_out[2]  ; clk        ; 5.736 ; 5.755 ; Rise       ; clk                                              ;
;  N_sample_out[3]  ; clk        ; 5.740 ; 5.764 ; Rise       ; clk                                              ;
;  N_sample_out[4]  ; clk        ; 5.730 ; 5.749 ; Rise       ; clk                                              ;
;  N_sample_out[5]  ; clk        ; 5.468 ; 5.459 ; Rise       ; clk                                              ;
;  N_sample_out[6]  ; clk        ; 5.467 ; 5.441 ; Rise       ; clk                                              ;
;  N_sample_out[7]  ; clk        ; 5.450 ; 5.456 ; Rise       ; clk                                              ;
;  N_sample_out[8]  ; clk        ; 5.879 ; 5.843 ; Rise       ; clk                                              ;
;  N_sample_out[9]  ; clk        ; 5.692 ; 5.696 ; Rise       ; clk                                              ;
;  N_sample_out[10] ; clk        ; 5.850 ; 5.801 ; Rise       ; clk                                              ;
;  N_sample_out[11] ; clk        ; 5.407 ; 5.380 ; Rise       ; clk                                              ;
;  N_sample_out[12] ; clk        ; 5.684 ; 5.686 ; Rise       ; clk                                              ;
;  N_sample_out[13] ; clk        ; 5.543 ; 5.549 ; Rise       ; clk                                              ;
;  N_sample_out[14] ; clk        ; 5.167 ; 5.138 ; Rise       ; clk                                              ;
;  N_sample_out[15] ; clk        ; 5.658 ; 5.624 ; Rise       ; clk                                              ;
;  N_sample_out[16] ; clk        ; 5.601 ; 5.601 ; Rise       ; clk                                              ;
;  N_sample_out[17] ; clk        ; 5.687 ; 5.642 ; Rise       ; clk                                              ;
;  N_sample_out[18] ; clk        ; 5.500 ; 5.460 ; Rise       ; clk                                              ;
;  N_sample_out[19] ; clk        ; 5.230 ; 5.196 ; Rise       ; clk                                              ;
;  N_sample_out[20] ; clk        ; 5.968 ; 5.947 ; Rise       ; clk                                              ;
;  N_sample_out[21] ; clk        ; 5.302 ; 5.323 ; Rise       ; clk                                              ;
;  N_sample_out[22] ; clk        ; 5.713 ; 5.669 ; Rise       ; clk                                              ;
;  N_sample_out[23] ; clk        ; 5.860 ; 5.877 ; Rise       ; clk                                              ;
;  N_sample_out[24] ; clk        ; 5.720 ; 5.729 ; Rise       ; clk                                              ;
;  N_sample_out[25] ; clk        ; 6.550 ; 6.584 ; Rise       ; clk                                              ;
;  N_sample_out[26] ; clk        ; 5.465 ; 5.431 ; Rise       ; clk                                              ;
;  N_sample_out[27] ; clk        ; 5.927 ; 5.932 ; Rise       ; clk                                              ;
;  N_sample_out[28] ; clk        ; 5.697 ; 5.713 ; Rise       ; clk                                              ;
;  N_sample_out[29] ; clk        ; 5.625 ; 5.599 ; Rise       ; clk                                              ;
;  N_sample_out[30] ; clk        ; 5.454 ; 5.407 ; Rise       ; clk                                              ;
;  N_sample_out[31] ; clk        ; 5.907 ; 5.890 ; Rise       ; clk                                              ;
; afe_data[*]       ; clk        ; 6.904 ; 6.910 ; Rise       ; clk                                              ;
;  afe_data[0]      ; clk        ; 6.904 ; 6.910 ; Rise       ; clk                                              ;
;  afe_data[1]      ; clk        ; 5.874 ; 5.825 ; Rise       ; clk                                              ;
;  afe_data[2]      ; clk        ; 6.400 ; 6.469 ; Rise       ; clk                                              ;
;  afe_data[3]      ; clk        ; 5.757 ; 5.732 ; Rise       ; clk                                              ;
;  afe_data[4]      ; clk        ; 5.717 ; 5.758 ; Rise       ; clk                                              ;
;  afe_data[5]      ; clk        ; 5.756 ; 5.772 ; Rise       ; clk                                              ;
;  afe_data[6]      ; clk        ; 6.233 ; 6.224 ; Rise       ; clk                                              ;
;  afe_data[7]      ; clk        ; 5.857 ; 5.843 ; Rise       ; clk                                              ;
;  afe_data[8]      ; clk        ; 5.704 ; 5.680 ; Rise       ; clk                                              ;
;  afe_data[9]      ; clk        ; 5.680 ; 5.664 ; Rise       ; clk                                              ;
;  afe_data[10]     ; clk        ; 5.353 ; 5.371 ; Rise       ; clk                                              ;
;  afe_data[11]     ; clk        ; 5.984 ; 6.000 ; Rise       ; clk                                              ;
; magnitude[*]      ; clk        ; 6.912 ; 6.889 ; Rise       ; clk                                              ;
;  magnitude[0]     ; clk        ; 5.908 ; 5.886 ; Rise       ; clk                                              ;
;  magnitude[1]     ; clk        ; 5.683 ; 5.658 ; Rise       ; clk                                              ;
;  magnitude[2]     ; clk        ; 6.912 ; 6.889 ; Rise       ; clk                                              ;
;  magnitude[3]     ; clk        ; 5.613 ; 5.604 ; Rise       ; clk                                              ;
;  magnitude[4]     ; clk        ; 5.552 ; 5.535 ; Rise       ; clk                                              ;
;  magnitude[5]     ; clk        ; 5.551 ; 5.547 ; Rise       ; clk                                              ;
;  magnitude[6]     ; clk        ; 5.833 ; 5.781 ; Rise       ; clk                                              ;
;  magnitude[7]     ; clk        ; 5.209 ; 5.231 ; Rise       ; clk                                              ;
;  magnitude[8]     ; clk        ; 5.582 ; 5.526 ; Rise       ; clk                                              ;
;  magnitude[9]     ; clk        ; 5.565 ; 5.535 ; Rise       ; clk                                              ;
;  magnitude[10]    ; clk        ; 5.559 ; 5.552 ; Rise       ; clk                                              ;
;  magnitude[11]    ; clk        ; 5.367 ; 5.364 ; Rise       ; clk                                              ;
;  magnitude[12]    ; clk        ; 6.054 ; 6.008 ; Rise       ; clk                                              ;
;  magnitude[13]    ; clk        ; 5.954 ; 5.936 ; Rise       ; clk                                              ;
;  magnitude[14]    ; clk        ; 6.085 ; 6.027 ; Rise       ; clk                                              ;
;  magnitude[15]    ; clk        ; 5.506 ; 5.504 ; Rise       ; clk                                              ;
;  magnitude[16]    ; clk        ; 5.446 ; 5.432 ; Rise       ; clk                                              ;
;  magnitude[17]    ; clk        ; 5.367 ; 5.365 ; Rise       ; clk                                              ;
;  magnitude[18]    ; clk        ; 4.983 ; 5.000 ; Rise       ; clk                                              ;
;  magnitude[19]    ; clk        ; 5.206 ; 5.218 ; Rise       ; clk                                              ;
;  magnitude[20]    ; clk        ; 5.753 ; 5.709 ; Rise       ; clk                                              ;
;  magnitude[21]    ; clk        ; 5.635 ; 5.614 ; Rise       ; clk                                              ;
;  magnitude[22]    ; clk        ; 4.982 ; 5.001 ; Rise       ; clk                                              ;
;  magnitude[23]    ; clk        ; 4.963 ; 4.977 ; Rise       ; clk                                              ;
;  magnitude[24]    ; clk        ; 6.324 ; 6.329 ; Rise       ; clk                                              ;
;  magnitude[25]    ; clk        ; 5.191 ; 5.184 ; Rise       ; clk                                              ;
;  magnitude[26]    ; clk        ; 5.166 ; 5.181 ; Rise       ; clk                                              ;
;  magnitude[27]    ; clk        ; 5.622 ; 5.584 ; Rise       ; clk                                              ;
;  magnitude[28]    ; clk        ; 4.986 ; 4.996 ; Rise       ; clk                                              ;
;  magnitude[29]    ; clk        ; 5.205 ; 5.177 ; Rise       ; clk                                              ;
;  magnitude[30]    ; clk        ; 5.893 ; 5.835 ; Rise       ; clk                                              ;
;  magnitude[31]    ; clk        ; 6.043 ; 6.000 ; Rise       ; clk                                              ;
; phase[*]          ; clk        ; 6.948 ; 6.946 ; Rise       ; clk                                              ;
;  phase[1]         ; clk        ; 5.382 ; 5.366 ; Rise       ; clk                                              ;
;  phase[2]         ; clk        ; 5.143 ; 5.130 ; Rise       ; clk                                              ;
;  phase[3]         ; clk        ; 5.648 ; 5.626 ; Rise       ; clk                                              ;
;  phase[4]         ; clk        ; 5.607 ; 5.579 ; Rise       ; clk                                              ;
;  phase[5]         ; clk        ; 5.446 ; 5.421 ; Rise       ; clk                                              ;
;  phase[6]         ; clk        ; 4.963 ; 4.975 ; Rise       ; clk                                              ;
;  phase[7]         ; clk        ; 5.503 ; 5.509 ; Rise       ; clk                                              ;
;  phase[8]         ; clk        ; 5.824 ; 5.796 ; Rise       ; clk                                              ;
;  phase[9]         ; clk        ; 5.633 ; 5.633 ; Rise       ; clk                                              ;
;  phase[10]        ; clk        ; 4.980 ; 4.996 ; Rise       ; clk                                              ;
;  phase[11]        ; clk        ; 6.010 ; 5.932 ; Rise       ; clk                                              ;
;  phase[12]        ; clk        ; 6.583 ; 6.607 ; Rise       ; clk                                              ;
;  phase[13]        ; clk        ; 5.481 ; 5.508 ; Rise       ; clk                                              ;
;  phase[14]        ; clk        ; 5.503 ; 5.523 ; Rise       ; clk                                              ;
;  phase[15]        ; clk        ; 6.948 ; 6.946 ; Rise       ; clk                                              ;
;  phase[16]        ; clk        ; 5.823 ; 5.816 ; Rise       ; clk                                              ;
;  phase[17]        ; clk        ; 5.545 ; 5.513 ; Rise       ; clk                                              ;
;  phase[18]        ; clk        ; 5.540 ; 5.564 ; Rise       ; clk                                              ;
;  phase[19]        ; clk        ; 5.889 ; 5.857 ; Rise       ; clk                                              ;
;  phase[20]        ; clk        ; 5.837 ; 5.811 ; Rise       ; clk                                              ;
;  phase[21]        ; clk        ; 5.673 ; 5.638 ; Rise       ; clk                                              ;
;  phase[22]        ; clk        ; 5.530 ; 5.565 ; Rise       ; clk                                              ;
;  phase[23]        ; clk        ; 5.658 ; 5.633 ; Rise       ; clk                                              ;
;  phase[24]        ; clk        ; 5.277 ; 5.305 ; Rise       ; clk                                              ;
;  phase[25]        ; clk        ; 5.827 ; 5.765 ; Rise       ; clk                                              ;
;  phase[26]        ; clk        ; 5.635 ; 5.613 ; Rise       ; clk                                              ;
;  phase[27]        ; clk        ; 5.612 ; 5.575 ; Rise       ; clk                                              ;
;  phase[28]        ; clk        ; 5.547 ; 5.564 ; Rise       ; clk                                              ;
;  phase[29]        ; clk        ; 5.811 ; 5.780 ; Rise       ; clk                                              ;
;  phase[30]        ; clk        ; 5.662 ; 5.635 ; Rise       ; clk                                              ;
;  phase[31]        ; clk        ; 5.496 ; 5.486 ; Rise       ; clk                                              ;
; clock_out         ; clk        ; 5.266 ; 5.307 ; Rise       ; p_ll|altpll_component|auto_generated|pll1|clk[0] ;
; cs                ; clk        ; 5.250 ; 5.228 ; Rise       ; p_ll|altpll_component|auto_generated|pll1|clk[0] ;
; sclk              ; clk        ; 6.452 ; 6.405 ; Rise       ; p_ll|altpll_component|auto_generated|pll1|clk[0] ;
; din               ; clk        ; 5.115 ; 5.162 ; Fall       ; p_ll|altpll_component|auto_generated|pll1|clk[0] ;
; sclk              ; clk        ;       ; 3.242 ; Fall       ; p_ll|altpll_component|auto_generated|pll1|clk[0] ;
+-------------------+------------+-------+-------+------------+--------------------------------------------------+


+----------------------------------------------------------------------------------------------------------------+
; Minimum Clock to Output Times                                                                                  ;
+-------------------+------------+-------+-------+------------+--------------------------------------------------+
; Data Port         ; Clock Port ; Rise  ; Fall  ; Clock Edge ; Clock Reference                                  ;
+-------------------+------------+-------+-------+------------+--------------------------------------------------+
; N_sample_out[*]   ; clk        ; 4.988 ; 4.960 ; Rise       ; clk                                              ;
;  N_sample_out[0]  ; clk        ; 5.512 ; 5.541 ; Rise       ; clk                                              ;
;  N_sample_out[1]  ; clk        ; 5.640 ; 5.675 ; Rise       ; clk                                              ;
;  N_sample_out[2]  ; clk        ; 5.533 ; 5.551 ; Rise       ; clk                                              ;
;  N_sample_out[3]  ; clk        ; 5.537 ; 5.560 ; Rise       ; clk                                              ;
;  N_sample_out[4]  ; clk        ; 5.527 ; 5.545 ; Rise       ; clk                                              ;
;  N_sample_out[5]  ; clk        ; 5.278 ; 5.268 ; Rise       ; clk                                              ;
;  N_sample_out[6]  ; clk        ; 5.277 ; 5.250 ; Rise       ; clk                                              ;
;  N_sample_out[7]  ; clk        ; 5.256 ; 5.262 ; Rise       ; clk                                              ;
;  N_sample_out[8]  ; clk        ; 5.671 ; 5.636 ; Rise       ; clk                                              ;
;  N_sample_out[9]  ; clk        ; 5.491 ; 5.494 ; Rise       ; clk                                              ;
;  N_sample_out[10] ; clk        ; 5.645 ; 5.597 ; Rise       ; clk                                              ;
;  N_sample_out[11] ; clk        ; 5.219 ; 5.193 ; Rise       ; clk                                              ;
;  N_sample_out[12] ; clk        ; 5.481 ; 5.482 ; Rise       ; clk                                              ;
;  N_sample_out[13] ; clk        ; 5.350 ; 5.355 ; Rise       ; clk                                              ;
;  N_sample_out[14] ; clk        ; 4.988 ; 4.960 ; Rise       ; clk                                              ;
;  N_sample_out[15] ; clk        ; 5.461 ; 5.426 ; Rise       ; clk                                              ;
;  N_sample_out[16] ; clk        ; 5.402 ; 5.401 ; Rise       ; clk                                              ;
;  N_sample_out[17] ; clk        ; 5.488 ; 5.444 ; Rise       ; clk                                              ;
;  N_sample_out[18] ; clk        ; 5.308 ; 5.269 ; Rise       ; clk                                              ;
;  N_sample_out[19] ; clk        ; 5.049 ; 5.015 ; Rise       ; clk                                              ;
;  N_sample_out[20] ; clk        ; 5.758 ; 5.737 ; Rise       ; clk                                              ;
;  N_sample_out[21] ; clk        ; 5.116 ; 5.136 ; Rise       ; clk                                              ;
;  N_sample_out[22] ; clk        ; 5.513 ; 5.470 ; Rise       ; clk                                              ;
;  N_sample_out[23] ; clk        ; 5.652 ; 5.667 ; Rise       ; clk                                              ;
;  N_sample_out[24] ; clk        ; 5.517 ; 5.525 ; Rise       ; clk                                              ;
;  N_sample_out[25] ; clk        ; 6.359 ; 6.392 ; Rise       ; clk                                              ;
;  N_sample_out[26] ; clk        ; 5.275 ; 5.241 ; Rise       ; clk                                              ;
;  N_sample_out[27] ; clk        ; 5.716 ; 5.721 ; Rise       ; clk                                              ;
;  N_sample_out[28] ; clk        ; 5.495 ; 5.510 ; Rise       ; clk                                              ;
;  N_sample_out[29] ; clk        ; 5.426 ; 5.400 ; Rise       ; clk                                              ;
;  N_sample_out[30] ; clk        ; 5.265 ; 5.218 ; Rise       ; clk                                              ;
;  N_sample_out[31] ; clk        ; 5.697 ; 5.680 ; Rise       ; clk                                              ;
; afe_data[*]       ; clk        ; 5.163 ; 5.180 ; Rise       ; clk                                              ;
;  afe_data[0]      ; clk        ; 6.698 ; 6.704 ; Rise       ; clk                                              ;
;  afe_data[1]      ; clk        ; 5.667 ; 5.620 ; Rise       ; clk                                              ;
;  afe_data[2]      ; clk        ; 6.170 ; 6.236 ; Rise       ; clk                                              ;
;  afe_data[3]      ; clk        ; 5.552 ; 5.528 ; Rise       ; clk                                              ;
;  afe_data[4]      ; clk        ; 5.515 ; 5.554 ; Rise       ; clk                                              ;
;  afe_data[5]      ; clk        ; 5.553 ; 5.568 ; Rise       ; clk                                              ;
;  afe_data[6]      ; clk        ; 6.011 ; 6.001 ; Rise       ; clk                                              ;
;  afe_data[7]      ; clk        ; 5.648 ; 5.635 ; Rise       ; clk                                              ;
;  afe_data[8]      ; clk        ; 5.502 ; 5.478 ; Rise       ; clk                                              ;
;  afe_data[9]      ; clk        ; 5.481 ; 5.465 ; Rise       ; clk                                              ;
;  afe_data[10]     ; clk        ; 5.163 ; 5.180 ; Rise       ; clk                                              ;
;  afe_data[11]     ; clk        ; 5.770 ; 5.786 ; Rise       ; clk                                              ;
; magnitude[*]      ; clk        ; 4.791 ; 4.804 ; Rise       ; clk                                              ;
;  magnitude[0]     ; clk        ; 5.701 ; 5.679 ; Rise       ; clk                                              ;
;  magnitude[1]     ; clk        ; 5.484 ; 5.459 ; Rise       ; clk                                              ;
;  magnitude[2]     ; clk        ; 6.706 ; 6.684 ; Rise       ; clk                                              ;
;  magnitude[3]     ; clk        ; 5.413 ; 5.404 ; Rise       ; clk                                              ;
;  magnitude[4]     ; clk        ; 5.355 ; 5.338 ; Rise       ; clk                                              ;
;  magnitude[5]     ; clk        ; 5.357 ; 5.353 ; Rise       ; clk                                              ;
;  magnitude[6]     ; clk        ; 5.628 ; 5.577 ; Rise       ; clk                                              ;
;  magnitude[7]     ; clk        ; 5.027 ; 5.047 ; Rise       ; clk                                              ;
;  magnitude[8]     ; clk        ; 5.385 ; 5.330 ; Rise       ; clk                                              ;
;  magnitude[9]     ; clk        ; 5.369 ; 5.340 ; Rise       ; clk                                              ;
;  magnitude[10]    ; clk        ; 5.363 ; 5.355 ; Rise       ; clk                                              ;
;  magnitude[11]    ; clk        ; 5.178 ; 5.175 ; Rise       ; clk                                              ;
;  magnitude[12]    ; clk        ; 5.840 ; 5.795 ; Rise       ; clk                                              ;
;  magnitude[13]    ; clk        ; 5.742 ; 5.724 ; Rise       ; clk                                              ;
;  magnitude[14]    ; clk        ; 5.868 ; 5.812 ; Rise       ; clk                                              ;
;  magnitude[15]    ; clk        ; 5.315 ; 5.312 ; Rise       ; clk                                              ;
;  magnitude[16]    ; clk        ; 5.255 ; 5.241 ; Rise       ; clk                                              ;
;  magnitude[17]    ; clk        ; 5.178 ; 5.176 ; Rise       ; clk                                              ;
;  magnitude[18]    ; clk        ; 4.810 ; 4.825 ; Rise       ; clk                                              ;
;  magnitude[19]    ; clk        ; 5.024 ; 5.035 ; Rise       ; clk                                              ;
;  magnitude[20]    ; clk        ; 5.549 ; 5.506 ; Rise       ; clk                                              ;
;  magnitude[21]    ; clk        ; 5.436 ; 5.415 ; Rise       ; clk                                              ;
;  magnitude[22]    ; clk        ; 4.809 ; 4.826 ; Rise       ; clk                                              ;
;  magnitude[23]    ; clk        ; 4.791 ; 4.804 ; Rise       ; clk                                              ;
;  magnitude[24]    ; clk        ; 6.143 ; 6.148 ; Rise       ; clk                                              ;
;  magnitude[25]    ; clk        ; 5.009 ; 5.002 ; Rise       ; clk                                              ;
;  magnitude[26]    ; clk        ; 4.986 ; 5.000 ; Rise       ; clk                                              ;
;  magnitude[27]    ; clk        ; 5.423 ; 5.387 ; Rise       ; clk                                              ;
;  magnitude[28]    ; clk        ; 4.813 ; 4.822 ; Rise       ; clk                                              ;
;  magnitude[29]    ; clk        ; 5.023 ; 4.996 ; Rise       ; clk                                              ;
;  magnitude[30]    ; clk        ; 5.684 ; 5.627 ; Rise       ; clk                                              ;
;  magnitude[31]    ; clk        ; 5.830 ; 5.787 ; Rise       ; clk                                              ;
; phase[*]          ; clk        ; 4.790 ; 4.801 ; Rise       ; clk                                              ;
;  phase[1]         ; clk        ; 5.192 ; 5.176 ; Rise       ; clk                                              ;
;  phase[2]         ; clk        ; 4.963 ; 4.951 ; Rise       ; clk                                              ;
;  phase[3]         ; clk        ; 5.448 ; 5.426 ; Rise       ; clk                                              ;
;  phase[4]         ; clk        ; 5.409 ; 5.382 ; Rise       ; clk                                              ;
;  phase[5]         ; clk        ; 5.254 ; 5.230 ; Rise       ; clk                                              ;
;  phase[6]         ; clk        ; 4.790 ; 4.801 ; Rise       ; clk                                              ;
;  phase[7]         ; clk        ; 5.309 ; 5.314 ; Rise       ; clk                                              ;
;  phase[8]         ; clk        ; 5.617 ; 5.590 ; Rise       ; clk                                              ;
;  phase[9]         ; clk        ; 5.434 ; 5.433 ; Rise       ; clk                                              ;
;  phase[10]        ; clk        ; 4.806 ; 4.822 ; Rise       ; clk                                              ;
;  phase[11]        ; clk        ; 5.796 ; 5.720 ; Rise       ; clk                                              ;
;  phase[12]        ; clk        ; 6.391 ; 6.415 ; Rise       ; clk                                              ;
;  phase[13]        ; clk        ; 5.288 ; 5.313 ; Rise       ; clk                                              ;
;  phase[14]        ; clk        ; 5.309 ; 5.327 ; Rise       ; clk                                              ;
;  phase[15]        ; clk        ; 6.742 ; 6.740 ; Rise       ; clk                                              ;
;  phase[16]        ; clk        ; 5.615 ; 5.607 ; Rise       ; clk                                              ;
;  phase[17]        ; clk        ; 5.349 ; 5.318 ; Rise       ; clk                                              ;
;  phase[18]        ; clk        ; 5.344 ; 5.367 ; Rise       ; clk                                              ;
;  phase[19]        ; clk        ; 5.679 ; 5.648 ; Rise       ; clk                                              ;
;  phase[20]        ; clk        ; 5.629 ; 5.604 ; Rise       ; clk                                              ;
;  phase[21]        ; clk        ; 5.472 ; 5.438 ; Rise       ; clk                                              ;
;  phase[22]        ; clk        ; 5.335 ; 5.368 ; Rise       ; clk                                              ;
;  phase[23]        ; clk        ; 5.458 ; 5.433 ; Rise       ; clk                                              ;
;  phase[24]        ; clk        ; 5.092 ; 5.118 ; Rise       ; clk                                              ;
;  phase[25]        ; clk        ; 5.623 ; 5.562 ; Rise       ; clk                                              ;
;  phase[26]        ; clk        ; 5.436 ; 5.414 ; Rise       ; clk                                              ;
;  phase[27]        ; clk        ; 5.414 ; 5.377 ; Rise       ; clk                                              ;
;  phase[28]        ; clk        ; 5.351 ; 5.367 ; Rise       ; clk                                              ;
;  phase[29]        ; clk        ; 5.605 ; 5.574 ; Rise       ; clk                                              ;
;  phase[30]        ; clk        ; 5.461 ; 5.435 ; Rise       ; clk                                              ;
;  phase[31]        ; clk        ; 5.305 ; 5.294 ; Rise       ; clk                                              ;
; clock_out         ; clk        ; 4.780 ; 4.820 ; Rise       ; p_ll|altpll_component|auto_generated|pll1|clk[0] ;
; cs                ; clk        ; 4.720 ; 4.698 ; Rise       ; p_ll|altpll_component|auto_generated|pll1|clk[0] ;
; sclk              ; clk        ; 2.911 ; 5.786 ; Rise       ; p_ll|altpll_component|auto_generated|pll1|clk[0] ;
; din               ; clk        ; 4.590 ; 4.635 ; Fall       ; p_ll|altpll_component|auto_generated|pll1|clk[0] ;
; sclk              ; clk        ;       ; 2.799 ; Fall       ; p_ll|altpll_component|auto_generated|pll1|clk[0] ;
+-------------------+------------+-------+-------+------------+--------------------------------------------------+


---------------------------------------------
; Slow 1200mV 0C Model Metastability Report ;
---------------------------------------------
No synchronizer chains to report.


+----------------------------------------------------------------------------+
; Fast 1200mV 0C Model Setup Summary                                         ;
+--------------------------------------------------+---------+---------------+
; Clock                                            ; Slack   ; End Point TNS ;
+--------------------------------------------------+---------+---------------+
; clk                                              ; 0.980   ; 0.000         ;
; p_ll|altpll_component|auto_generated|pll1|clk[0] ; 155.461 ; 0.000         ;
+--------------------------------------------------+---------+---------------+


+--------------------------------------------------------------------------+
; Fast 1200mV 0C Model Hold Summary                                        ;
+--------------------------------------------------+-------+---------------+
; Clock                                            ; Slack ; End Point TNS ;
+--------------------------------------------------+-------+---------------+
; p_ll|altpll_component|auto_generated|pll1|clk[0] ; 0.186 ; 0.000         ;
; clk                                              ; 0.193 ; 0.000         ;
+--------------------------------------------------+-------+---------------+


-----------------------------------------
; Fast 1200mV 0C Model Recovery Summary ;
-----------------------------------------
No paths to report.


----------------------------------------
; Fast 1200mV 0C Model Removal Summary ;
----------------------------------------
No paths to report.


+----------------------------------------------------------------------------+
; Fast 1200mV 0C Model Minimum Pulse Width Summary                           ;
+--------------------------------------------------+---------+---------------+
; Clock                                            ; Slack   ; End Point TNS ;
+--------------------------------------------------+---------+---------------+
; clk                                              ; 9.378   ; 0.000         ;
; p_ll|altpll_component|auto_generated|pll1|clk[0] ; 156.024 ; 0.000         ;
+--------------------------------------------------+---------+---------------+


+----------------------------------------------------------------------------------------------------------------------------------------------------------------------------------------------------------------+
; Fast 1200mV 0C Model Setup: 'clk'                                                                                                                                                                              ;
+--------+----------------------------------------------+----------------------------------------------+--------------------------------------------------+-------------+--------------+------------+------------+
; Slack  ; From Node                                    ; To Node                                      ; Launch Clock                                     ; Latch Clock ; Relationship ; Clock Skew ; Data Delay ;
+--------+----------------------------------------------+----------------------------------------------+--------------------------------------------------+-------------+--------------+------------+------------+
; 0.980  ; spi_interface:afe|dataout_slow[9]            ; spi_interface:afe|dataout[9]                 ; p_ll|altpll_component|auto_generated|pll1|clk[0] ; clk         ; 2.500        ; 1.061      ; 2.488      ;
; 1.107  ; spi_interface:afe|dataout_slow[7]            ; spi_interface:afe|dataout[7]                 ; p_ll|altpll_component|auto_generated|pll1|clk[0] ; clk         ; 2.500        ; 1.061      ; 2.361      ;
; 1.120  ; spi_interface:afe|valid_slow                 ; spi_interface:afe|dv_r1                      ; p_ll|altpll_component|auto_generated|pll1|clk[0] ; clk         ; 2.500        ; 1.061      ; 2.348      ;
; 1.124  ; spi_interface:afe|dataout_slow[8]            ; spi_interface:afe|dataout[8]                 ; p_ll|altpll_component|auto_generated|pll1|clk[0] ; clk         ; 2.500        ; 1.061      ; 2.344      ;
; 1.128  ; spi_interface:afe|dataout_slow[10]           ; spi_interface:afe|dataout[10]                ; p_ll|altpll_component|auto_generated|pll1|clk[0] ; clk         ; 2.500        ; 1.061      ; 2.340      ;
; 1.129  ; spi_interface:afe|dataout_slow[1]            ; spi_interface:afe|dataout[1]                 ; p_ll|altpll_component|auto_generated|pll1|clk[0] ; clk         ; 2.500        ; 1.061      ; 2.339      ;
; 1.146  ; spi_interface:afe|dataout_slow[4]            ; spi_interface:afe|dataout[4]                 ; p_ll|altpll_component|auto_generated|pll1|clk[0] ; clk         ; 2.500        ; 1.061      ; 2.322      ;
; 1.159  ; spi_interface:afe|dataout_slow[5]            ; spi_interface:afe|dataout[5]                 ; p_ll|altpll_component|auto_generated|pll1|clk[0] ; clk         ; 2.500        ; 1.061      ; 2.309      ;
; 1.159  ; spi_interface:afe|dataout_slow[0]            ; spi_interface:afe|dataout[0]                 ; p_ll|altpll_component|auto_generated|pll1|clk[0] ; clk         ; 2.500        ; 1.061      ; 2.309      ;
; 1.164  ; spi_interface:afe|dataout_slow[2]            ; spi_interface:afe|dataout[2]                 ; p_ll|altpll_component|auto_generated|pll1|clk[0] ; clk         ; 2.500        ; 1.061      ; 2.304      ;
; 1.175  ; spi_interface:afe|dataout_slow[11]           ; spi_interface:afe|dataout[11]                ; p_ll|altpll_component|auto_generated|pll1|clk[0] ; clk         ; 2.500        ; 1.061      ; 2.293      ;
; 1.197  ; spi_interface:afe|dataout_slow[6]            ; spi_interface:afe|dataout[6]                 ; p_ll|altpll_component|auto_generated|pll1|clk[0] ; clk         ; 2.500        ; 1.061      ; 2.271      ;
; 1.199  ; spi_interface:afe|dataout_slow[3]            ; spi_interface:afe|dataout[3]                 ; p_ll|altpll_component|auto_generated|pll1|clk[0] ; clk         ; 2.500        ; 1.061      ; 2.269      ;
; 14.347 ; frequency_tracker_sync:comb_3|period_cnt[18] ; frequency_tracker_sync:comb_3|phase_step[0]  ; clk                                              ; clk         ; 20.000       ; -0.034     ; 5.606      ;
; 14.347 ; frequency_tracker_sync:comb_3|period_cnt[18] ; frequency_tracker_sync:comb_3|phase_step[8]  ; clk                                              ; clk         ; 20.000       ; -0.034     ; 5.606      ;
; 14.347 ; frequency_tracker_sync:comb_3|period_cnt[18] ; frequency_tracker_sync:comb_3|phase_step[19] ; clk                                              ; clk         ; 20.000       ; -0.034     ; 5.606      ;
; 14.347 ; frequency_tracker_sync:comb_3|period_cnt[18] ; frequency_tracker_sync:comb_3|phase_step[20] ; clk                                              ; clk         ; 20.000       ; -0.034     ; 5.606      ;
; 14.421 ; frequency_tracker_sync:comb_3|period_cnt[18] ; frequency_tracker_sync:comb_3|phase_step[13] ; clk                                              ; clk         ; 20.000       ; -0.040     ; 5.526      ;
; 14.421 ; frequency_tracker_sync:comb_3|period_cnt[18] ; frequency_tracker_sync:comb_3|phase_step[17] ; clk                                              ; clk         ; 20.000       ; -0.040     ; 5.526      ;
; 14.421 ; frequency_tracker_sync:comb_3|period_cnt[18] ; frequency_tracker_sync:comb_3|phase_step[18] ; clk                                              ; clk         ; 20.000       ; -0.040     ; 5.526      ;
; 14.424 ; frequency_tracker_sync:comb_3|period_cnt[18] ; frequency_tracker_sync:comb_3|phase_step[3]  ; clk                                              ; clk         ; 20.000       ; -0.039     ; 5.524      ;
; 14.424 ; frequency_tracker_sync:comb_3|period_cnt[18] ; frequency_tracker_sync:comb_3|phase_step[5]  ; clk                                              ; clk         ; 20.000       ; -0.039     ; 5.524      ;
; 14.424 ; frequency_tracker_sync:comb_3|period_cnt[18] ; frequency_tracker_sync:comb_3|phase_step[7]  ; clk                                              ; clk         ; 20.000       ; -0.039     ; 5.524      ;
; 14.448 ; frequency_tracker_sync:comb_3|period_cnt[18] ; frequency_tracker_sync:comb_3|phase_step[11] ; clk                                              ; clk         ; 20.000       ; -0.033     ; 5.506      ;
; 14.448 ; frequency_tracker_sync:comb_3|period_cnt[18] ; frequency_tracker_sync:comb_3|phase_step[14] ; clk                                              ; clk         ; 20.000       ; -0.033     ; 5.506      ;
; 14.448 ; frequency_tracker_sync:comb_3|period_cnt[18] ; frequency_tracker_sync:comb_3|phase_step[16] ; clk                                              ; clk         ; 20.000       ; -0.033     ; 5.506      ;
; 14.474 ; frequency_tracker_sync:comb_3|period_cnt[9]  ; frequency_tracker_sync:comb_3|phase_step[0]  ; clk                                              ; clk         ; 20.000       ; -0.041     ; 5.472      ;
; 14.474 ; frequency_tracker_sync:comb_3|period_cnt[9]  ; frequency_tracker_sync:comb_3|phase_step[8]  ; clk                                              ; clk         ; 20.000       ; -0.041     ; 5.472      ;
; 14.474 ; frequency_tracker_sync:comb_3|period_cnt[9]  ; frequency_tracker_sync:comb_3|phase_step[19] ; clk                                              ; clk         ; 20.000       ; -0.041     ; 5.472      ;
; 14.474 ; frequency_tracker_sync:comb_3|period_cnt[9]  ; frequency_tracker_sync:comb_3|phase_step[20] ; clk                                              ; clk         ; 20.000       ; -0.041     ; 5.472      ;
; 14.541 ; frequency_tracker_sync:comb_3|period_cnt[6]  ; frequency_tracker_sync:comb_3|phase_step[0]  ; clk                                              ; clk         ; 20.000       ; -0.041     ; 5.405      ;
; 14.541 ; frequency_tracker_sync:comb_3|period_cnt[6]  ; frequency_tracker_sync:comb_3|phase_step[8]  ; clk                                              ; clk         ; 20.000       ; -0.041     ; 5.405      ;
; 14.541 ; frequency_tracker_sync:comb_3|period_cnt[6]  ; frequency_tracker_sync:comb_3|phase_step[19] ; clk                                              ; clk         ; 20.000       ; -0.041     ; 5.405      ;
; 14.541 ; frequency_tracker_sync:comb_3|period_cnt[6]  ; frequency_tracker_sync:comb_3|phase_step[20] ; clk                                              ; clk         ; 20.000       ; -0.041     ; 5.405      ;
; 14.549 ; frequency_tracker_sync:comb_3|period_cnt[9]  ; frequency_tracker_sync:comb_3|phase_step[13] ; clk                                              ; clk         ; 20.000       ; -0.047     ; 5.391      ;
; 14.549 ; frequency_tracker_sync:comb_3|period_cnt[9]  ; frequency_tracker_sync:comb_3|phase_step[17] ; clk                                              ; clk         ; 20.000       ; -0.047     ; 5.391      ;
; 14.549 ; frequency_tracker_sync:comb_3|period_cnt[9]  ; frequency_tracker_sync:comb_3|phase_step[18] ; clk                                              ; clk         ; 20.000       ; -0.047     ; 5.391      ;
; 14.554 ; frequency_tracker_sync:comb_3|period_cnt[9]  ; frequency_tracker_sync:comb_3|phase_step[3]  ; clk                                              ; clk         ; 20.000       ; -0.046     ; 5.387      ;
; 14.554 ; frequency_tracker_sync:comb_3|period_cnt[9]  ; frequency_tracker_sync:comb_3|phase_step[5]  ; clk                                              ; clk         ; 20.000       ; -0.046     ; 5.387      ;
; 14.554 ; frequency_tracker_sync:comb_3|period_cnt[9]  ; frequency_tracker_sync:comb_3|phase_step[7]  ; clk                                              ; clk         ; 20.000       ; -0.046     ; 5.387      ;
; 14.582 ; frequency_tracker_sync:comb_3|period_cnt[9]  ; frequency_tracker_sync:comb_3|phase_step[11] ; clk                                              ; clk         ; 20.000       ; -0.040     ; 5.365      ;
; 14.582 ; frequency_tracker_sync:comb_3|period_cnt[9]  ; frequency_tracker_sync:comb_3|phase_step[14] ; clk                                              ; clk         ; 20.000       ; -0.040     ; 5.365      ;
; 14.582 ; frequency_tracker_sync:comb_3|period_cnt[9]  ; frequency_tracker_sync:comb_3|phase_step[16] ; clk                                              ; clk         ; 20.000       ; -0.040     ; 5.365      ;
; 14.615 ; frequency_tracker_sync:comb_3|period_cnt[6]  ; frequency_tracker_sync:comb_3|phase_step[13] ; clk                                              ; clk         ; 20.000       ; -0.047     ; 5.325      ;
; 14.615 ; frequency_tracker_sync:comb_3|period_cnt[6]  ; frequency_tracker_sync:comb_3|phase_step[17] ; clk                                              ; clk         ; 20.000       ; -0.047     ; 5.325      ;
; 14.615 ; frequency_tracker_sync:comb_3|period_cnt[6]  ; frequency_tracker_sync:comb_3|phase_step[18] ; clk                                              ; clk         ; 20.000       ; -0.047     ; 5.325      ;
; 14.618 ; frequency_tracker_sync:comb_3|period_cnt[6]  ; frequency_tracker_sync:comb_3|phase_step[3]  ; clk                                              ; clk         ; 20.000       ; -0.046     ; 5.323      ;
; 14.618 ; frequency_tracker_sync:comb_3|period_cnt[6]  ; frequency_tracker_sync:comb_3|phase_step[5]  ; clk                                              ; clk         ; 20.000       ; -0.046     ; 5.323      ;
; 14.618 ; frequency_tracker_sync:comb_3|period_cnt[6]  ; frequency_tracker_sync:comb_3|phase_step[7]  ; clk                                              ; clk         ; 20.000       ; -0.046     ; 5.323      ;
; 14.642 ; frequency_tracker_sync:comb_3|period_cnt[6]  ; frequency_tracker_sync:comb_3|phase_step[11] ; clk                                              ; clk         ; 20.000       ; -0.040     ; 5.305      ;
; 14.642 ; frequency_tracker_sync:comb_3|period_cnt[6]  ; frequency_tracker_sync:comb_3|phase_step[14] ; clk                                              ; clk         ; 20.000       ; -0.040     ; 5.305      ;
; 14.642 ; frequency_tracker_sync:comb_3|period_cnt[6]  ; frequency_tracker_sync:comb_3|phase_step[16] ; clk                                              ; clk         ; 20.000       ; -0.040     ; 5.305      ;
; 14.669 ; frequency_tracker_sync:comb_3|period_cnt[18] ; frequency_tracker_sync:comb_3|phase_step[1]  ; clk                                              ; clk         ; 20.000       ; -0.033     ; 5.285      ;
; 14.669 ; frequency_tracker_sync:comb_3|period_cnt[18] ; frequency_tracker_sync:comb_3|phase_step[2]  ; clk                                              ; clk         ; 20.000       ; -0.033     ; 5.285      ;
; 14.669 ; frequency_tracker_sync:comb_3|period_cnt[18] ; frequency_tracker_sync:comb_3|phase_step[4]  ; clk                                              ; clk         ; 20.000       ; -0.033     ; 5.285      ;
; 14.669 ; frequency_tracker_sync:comb_3|period_cnt[18] ; frequency_tracker_sync:comb_3|phase_step[6]  ; clk                                              ; clk         ; 20.000       ; -0.033     ; 5.285      ;
; 14.669 ; frequency_tracker_sync:comb_3|period_cnt[18] ; frequency_tracker_sync:comb_3|phase_step[9]  ; clk                                              ; clk         ; 20.000       ; -0.033     ; 5.285      ;
; 14.669 ; frequency_tracker_sync:comb_3|period_cnt[18] ; frequency_tracker_sync:comb_3|phase_step[10] ; clk                                              ; clk         ; 20.000       ; -0.033     ; 5.285      ;
; 14.669 ; frequency_tracker_sync:comb_3|period_cnt[18] ; frequency_tracker_sync:comb_3|phase_step[12] ; clk                                              ; clk         ; 20.000       ; -0.033     ; 5.285      ;
; 14.669 ; frequency_tracker_sync:comb_3|period_cnt[18] ; frequency_tracker_sync:comb_3|phase_step[15] ; clk                                              ; clk         ; 20.000       ; -0.033     ; 5.285      ;
; 14.699 ; frequency_tracker_sync:comb_3|period_cnt[2]  ; frequency_tracker_sync:comb_3|phase_step[0]  ; clk                                              ; clk         ; 20.000       ; -0.041     ; 5.247      ;
; 14.699 ; frequency_tracker_sync:comb_3|period_cnt[2]  ; frequency_tracker_sync:comb_3|phase_step[8]  ; clk                                              ; clk         ; 20.000       ; -0.041     ; 5.247      ;
; 14.699 ; frequency_tracker_sync:comb_3|period_cnt[2]  ; frequency_tracker_sync:comb_3|phase_step[19] ; clk                                              ; clk         ; 20.000       ; -0.041     ; 5.247      ;
; 14.699 ; frequency_tracker_sync:comb_3|period_cnt[2]  ; frequency_tracker_sync:comb_3|phase_step[20] ; clk                                              ; clk         ; 20.000       ; -0.041     ; 5.247      ;
; 14.709 ; frequency_tracker_sync:comb_3|period_cnt[5]  ; frequency_tracker_sync:comb_3|phase_step[0]  ; clk                                              ; clk         ; 20.000       ; -0.041     ; 5.237      ;
; 14.709 ; frequency_tracker_sync:comb_3|period_cnt[5]  ; frequency_tracker_sync:comb_3|phase_step[8]  ; clk                                              ; clk         ; 20.000       ; -0.041     ; 5.237      ;
; 14.709 ; frequency_tracker_sync:comb_3|period_cnt[5]  ; frequency_tracker_sync:comb_3|phase_step[19] ; clk                                              ; clk         ; 20.000       ; -0.041     ; 5.237      ;
; 14.709 ; frequency_tracker_sync:comb_3|period_cnt[5]  ; frequency_tracker_sync:comb_3|phase_step[20] ; clk                                              ; clk         ; 20.000       ; -0.041     ; 5.237      ;
; 14.738 ; frequency_tracker_sync:comb_3|period_cnt[10] ; frequency_tracker_sync:comb_3|phase_step[0]  ; clk                                              ; clk         ; 20.000       ; -0.041     ; 5.208      ;
; 14.738 ; frequency_tracker_sync:comb_3|period_cnt[8]  ; frequency_tracker_sync:comb_3|phase_step[0]  ; clk                                              ; clk         ; 20.000       ; -0.041     ; 5.208      ;
; 14.738 ; frequency_tracker_sync:comb_3|period_cnt[10] ; frequency_tracker_sync:comb_3|phase_step[8]  ; clk                                              ; clk         ; 20.000       ; -0.041     ; 5.208      ;
; 14.738 ; frequency_tracker_sync:comb_3|period_cnt[8]  ; frequency_tracker_sync:comb_3|phase_step[8]  ; clk                                              ; clk         ; 20.000       ; -0.041     ; 5.208      ;
; 14.738 ; frequency_tracker_sync:comb_3|period_cnt[10] ; frequency_tracker_sync:comb_3|phase_step[19] ; clk                                              ; clk         ; 20.000       ; -0.041     ; 5.208      ;
; 14.738 ; frequency_tracker_sync:comb_3|period_cnt[8]  ; frequency_tracker_sync:comb_3|phase_step[19] ; clk                                              ; clk         ; 20.000       ; -0.041     ; 5.208      ;
; 14.738 ; frequency_tracker_sync:comb_3|period_cnt[10] ; frequency_tracker_sync:comb_3|phase_step[20] ; clk                                              ; clk         ; 20.000       ; -0.041     ; 5.208      ;
; 14.738 ; frequency_tracker_sync:comb_3|period_cnt[8]  ; frequency_tracker_sync:comb_3|phase_step[20] ; clk                                              ; clk         ; 20.000       ; -0.041     ; 5.208      ;
; 14.760 ; frequency_tracker_sync:comb_3|period_cnt[19] ; frequency_tracker_sync:comb_3|phase_step[0]  ; clk                                              ; clk         ; 20.000       ; -0.034     ; 5.193      ;
; 14.760 ; frequency_tracker_sync:comb_3|period_cnt[19] ; frequency_tracker_sync:comb_3|phase_step[8]  ; clk                                              ; clk         ; 20.000       ; -0.034     ; 5.193      ;
; 14.760 ; frequency_tracker_sync:comb_3|period_cnt[19] ; frequency_tracker_sync:comb_3|phase_step[19] ; clk                                              ; clk         ; 20.000       ; -0.034     ; 5.193      ;
; 14.760 ; frequency_tracker_sync:comb_3|period_cnt[19] ; frequency_tracker_sync:comb_3|phase_step[20] ; clk                                              ; clk         ; 20.000       ; -0.034     ; 5.193      ;
; 14.768 ; frequency_tracker_sync:comb_3|period_cnt[4]  ; frequency_tracker_sync:comb_3|phase_step[0]  ; clk                                              ; clk         ; 20.000       ; -0.041     ; 5.178      ;
; 14.768 ; frequency_tracker_sync:comb_3|period_cnt[4]  ; frequency_tracker_sync:comb_3|phase_step[8]  ; clk                                              ; clk         ; 20.000       ; -0.041     ; 5.178      ;
; 14.768 ; frequency_tracker_sync:comb_3|period_cnt[4]  ; frequency_tracker_sync:comb_3|phase_step[19] ; clk                                              ; clk         ; 20.000       ; -0.041     ; 5.178      ;
; 14.768 ; frequency_tracker_sync:comb_3|period_cnt[4]  ; frequency_tracker_sync:comb_3|phase_step[20] ; clk                                              ; clk         ; 20.000       ; -0.041     ; 5.178      ;
; 14.774 ; frequency_tracker_sync:comb_3|period_cnt[2]  ; frequency_tracker_sync:comb_3|phase_step[13] ; clk                                              ; clk         ; 20.000       ; -0.047     ; 5.166      ;
; 14.774 ; frequency_tracker_sync:comb_3|period_cnt[2]  ; frequency_tracker_sync:comb_3|phase_step[17] ; clk                                              ; clk         ; 20.000       ; -0.047     ; 5.166      ;
; 14.774 ; frequency_tracker_sync:comb_3|period_cnt[2]  ; frequency_tracker_sync:comb_3|phase_step[18] ; clk                                              ; clk         ; 20.000       ; -0.047     ; 5.166      ;
; 14.779 ; frequency_tracker_sync:comb_3|period_cnt[2]  ; frequency_tracker_sync:comb_3|phase_step[3]  ; clk                                              ; clk         ; 20.000       ; -0.046     ; 5.162      ;
; 14.779 ; frequency_tracker_sync:comb_3|period_cnt[2]  ; frequency_tracker_sync:comb_3|phase_step[5]  ; clk                                              ; clk         ; 20.000       ; -0.046     ; 5.162      ;
; 14.779 ; frequency_tracker_sync:comb_3|period_cnt[2]  ; frequency_tracker_sync:comb_3|phase_step[7]  ; clk                                              ; clk         ; 20.000       ; -0.046     ; 5.162      ;
; 14.783 ; frequency_tracker_sync:comb_3|period_cnt[5]  ; frequency_tracker_sync:comb_3|phase_step[13] ; clk                                              ; clk         ; 20.000       ; -0.047     ; 5.157      ;
; 14.783 ; frequency_tracker_sync:comb_3|period_cnt[5]  ; frequency_tracker_sync:comb_3|phase_step[17] ; clk                                              ; clk         ; 20.000       ; -0.047     ; 5.157      ;
; 14.783 ; frequency_tracker_sync:comb_3|period_cnt[5]  ; frequency_tracker_sync:comb_3|phase_step[18] ; clk                                              ; clk         ; 20.000       ; -0.047     ; 5.157      ;
; 14.786 ; frequency_tracker_sync:comb_3|period_cnt[5]  ; frequency_tracker_sync:comb_3|phase_step[3]  ; clk                                              ; clk         ; 20.000       ; -0.046     ; 5.155      ;
; 14.786 ; frequency_tracker_sync:comb_3|period_cnt[5]  ; frequency_tracker_sync:comb_3|phase_step[5]  ; clk                                              ; clk         ; 20.000       ; -0.046     ; 5.155      ;
; 14.786 ; frequency_tracker_sync:comb_3|period_cnt[5]  ; frequency_tracker_sync:comb_3|phase_step[7]  ; clk                                              ; clk         ; 20.000       ; -0.046     ; 5.155      ;
; 14.790 ; frequency_tracker_sync:comb_3|period_cnt[7]  ; frequency_tracker_sync:comb_3|phase_step[0]  ; clk                                              ; clk         ; 20.000       ; -0.041     ; 5.156      ;
; 14.790 ; frequency_tracker_sync:comb_3|period_cnt[7]  ; frequency_tracker_sync:comb_3|phase_step[8]  ; clk                                              ; clk         ; 20.000       ; -0.041     ; 5.156      ;
; 14.790 ; frequency_tracker_sync:comb_3|period_cnt[7]  ; frequency_tracker_sync:comb_3|phase_step[19] ; clk                                              ; clk         ; 20.000       ; -0.041     ; 5.156      ;
; 14.790 ; frequency_tracker_sync:comb_3|period_cnt[7]  ; frequency_tracker_sync:comb_3|phase_step[20] ; clk                                              ; clk         ; 20.000       ; -0.041     ; 5.156      ;
+--------+----------------------------------------------+----------------------------------------------+--------------------------------------------------+-------------+--------------+------------+------------+


+----------------------------------------------------------------------------------------------------------------------------------------------------------------------------------------------------------------------------+
; Fast 1200mV 0C Model Setup: 'p_ll|altpll_component|auto_generated|pll1|clk[0]'                                                                                                                                             ;
+---------+------------------------------+------------------------------------+--------------------------------------------------+--------------------------------------------------+--------------+------------+------------+
; Slack   ; From Node                    ; To Node                            ; Launch Clock                                     ; Latch Clock                                      ; Relationship ; Clock Skew ; Data Delay ;
+---------+------------------------------+------------------------------------+--------------------------------------------------+--------------------------------------------------+--------------+------------+------------+
; 155.461 ; spi_interface:afe|count[1]   ; spi_interface:afe|din              ; p_ll|altpll_component|auto_generated|pll1|clk[0] ; p_ll|altpll_component|auto_generated|pll1|clk[0] ; 156.250      ; -0.020     ; 0.756      ;
; 155.537 ; spi_interface:afe|count[3]   ; spi_interface:afe|din              ; p_ll|altpll_component|auto_generated|pll1|clk[0] ; p_ll|altpll_component|auto_generated|pll1|clk[0] ; 156.250      ; -0.020     ; 0.680      ;
; 155.628 ; spi_interface:afe|count[2]   ; spi_interface:afe|din              ; p_ll|altpll_component|auto_generated|pll1|clk[0] ; p_ll|altpll_component|auto_generated|pll1|clk[0] ; 156.250      ; -0.020     ; 0.589      ;
; 155.675 ; spi_interface:afe|count[0]   ; spi_interface:afe|din              ; p_ll|altpll_component|auto_generated|pll1|clk[0] ; p_ll|altpll_component|auto_generated|pll1|clk[0] ; 156.250      ; -0.020     ; 0.542      ;
; 310.768 ; spi_interface:afe|count[1]   ; spi_interface:afe|dataout_slow[11] ; p_ll|altpll_component|auto_generated|pll1|clk[0] ; p_ll|altpll_component|auto_generated|pll1|clk[0] ; 312.500      ; -0.036     ; 1.683      ;
; 310.768 ; spi_interface:afe|count[1]   ; spi_interface:afe|dataout_slow[6]  ; p_ll|altpll_component|auto_generated|pll1|clk[0] ; p_ll|altpll_component|auto_generated|pll1|clk[0] ; 312.500      ; -0.036     ; 1.683      ;
; 310.768 ; spi_interface:afe|count[1]   ; spi_interface:afe|dataout_slow[5]  ; p_ll|altpll_component|auto_generated|pll1|clk[0] ; p_ll|altpll_component|auto_generated|pll1|clk[0] ; 312.500      ; -0.036     ; 1.683      ;
; 310.768 ; spi_interface:afe|count[1]   ; spi_interface:afe|dataout_slow[4]  ; p_ll|altpll_component|auto_generated|pll1|clk[0] ; p_ll|altpll_component|auto_generated|pll1|clk[0] ; 312.500      ; -0.036     ; 1.683      ;
; 310.768 ; spi_interface:afe|count[1]   ; spi_interface:afe|dataout_slow[3]  ; p_ll|altpll_component|auto_generated|pll1|clk[0] ; p_ll|altpll_component|auto_generated|pll1|clk[0] ; 312.500      ; -0.036     ; 1.683      ;
; 310.768 ; spi_interface:afe|count[1]   ; spi_interface:afe|dataout_slow[2]  ; p_ll|altpll_component|auto_generated|pll1|clk[0] ; p_ll|altpll_component|auto_generated|pll1|clk[0] ; 312.500      ; -0.036     ; 1.683      ;
; 310.768 ; spi_interface:afe|count[1]   ; spi_interface:afe|dataout_slow[1]  ; p_ll|altpll_component|auto_generated|pll1|clk[0] ; p_ll|altpll_component|auto_generated|pll1|clk[0] ; 312.500      ; -0.036     ; 1.683      ;
; 310.768 ; spi_interface:afe|count[1]   ; spi_interface:afe|dataout_slow[0]  ; p_ll|altpll_component|auto_generated|pll1|clk[0] ; p_ll|altpll_component|auto_generated|pll1|clk[0] ; 312.500      ; -0.036     ; 1.683      ;
; 310.768 ; spi_interface:afe|count[2]   ; spi_interface:afe|dataout_slow[11] ; p_ll|altpll_component|auto_generated|pll1|clk[0] ; p_ll|altpll_component|auto_generated|pll1|clk[0] ; 312.500      ; -0.036     ; 1.683      ;
; 310.768 ; spi_interface:afe|count[2]   ; spi_interface:afe|dataout_slow[6]  ; p_ll|altpll_component|auto_generated|pll1|clk[0] ; p_ll|altpll_component|auto_generated|pll1|clk[0] ; 312.500      ; -0.036     ; 1.683      ;
; 310.768 ; spi_interface:afe|count[2]   ; spi_interface:afe|dataout_slow[5]  ; p_ll|altpll_component|auto_generated|pll1|clk[0] ; p_ll|altpll_component|auto_generated|pll1|clk[0] ; 312.500      ; -0.036     ; 1.683      ;
; 310.768 ; spi_interface:afe|count[2]   ; spi_interface:afe|dataout_slow[4]  ; p_ll|altpll_component|auto_generated|pll1|clk[0] ; p_ll|altpll_component|auto_generated|pll1|clk[0] ; 312.500      ; -0.036     ; 1.683      ;
; 310.768 ; spi_interface:afe|count[2]   ; spi_interface:afe|dataout_slow[3]  ; p_ll|altpll_component|auto_generated|pll1|clk[0] ; p_ll|altpll_component|auto_generated|pll1|clk[0] ; 312.500      ; -0.036     ; 1.683      ;
; 310.768 ; spi_interface:afe|count[2]   ; spi_interface:afe|dataout_slow[2]  ; p_ll|altpll_component|auto_generated|pll1|clk[0] ; p_ll|altpll_component|auto_generated|pll1|clk[0] ; 312.500      ; -0.036     ; 1.683      ;
; 310.768 ; spi_interface:afe|count[2]   ; spi_interface:afe|dataout_slow[1]  ; p_ll|altpll_component|auto_generated|pll1|clk[0] ; p_ll|altpll_component|auto_generated|pll1|clk[0] ; 312.500      ; -0.036     ; 1.683      ;
; 310.768 ; spi_interface:afe|count[2]   ; spi_interface:afe|dataout_slow[0]  ; p_ll|altpll_component|auto_generated|pll1|clk[0] ; p_ll|altpll_component|auto_generated|pll1|clk[0] ; 312.500      ; -0.036     ; 1.683      ;
; 310.834 ; spi_interface:afe|count[3]   ; spi_interface:afe|dataout_slow[11] ; p_ll|altpll_component|auto_generated|pll1|clk[0] ; p_ll|altpll_component|auto_generated|pll1|clk[0] ; 312.500      ; -0.036     ; 1.617      ;
; 310.834 ; spi_interface:afe|count[3]   ; spi_interface:afe|dataout_slow[6]  ; p_ll|altpll_component|auto_generated|pll1|clk[0] ; p_ll|altpll_component|auto_generated|pll1|clk[0] ; 312.500      ; -0.036     ; 1.617      ;
; 310.834 ; spi_interface:afe|count[3]   ; spi_interface:afe|dataout_slow[5]  ; p_ll|altpll_component|auto_generated|pll1|clk[0] ; p_ll|altpll_component|auto_generated|pll1|clk[0] ; 312.500      ; -0.036     ; 1.617      ;
; 310.834 ; spi_interface:afe|count[3]   ; spi_interface:afe|dataout_slow[4]  ; p_ll|altpll_component|auto_generated|pll1|clk[0] ; p_ll|altpll_component|auto_generated|pll1|clk[0] ; 312.500      ; -0.036     ; 1.617      ;
; 310.834 ; spi_interface:afe|count[3]   ; spi_interface:afe|dataout_slow[3]  ; p_ll|altpll_component|auto_generated|pll1|clk[0] ; p_ll|altpll_component|auto_generated|pll1|clk[0] ; 312.500      ; -0.036     ; 1.617      ;
; 310.834 ; spi_interface:afe|count[3]   ; spi_interface:afe|dataout_slow[2]  ; p_ll|altpll_component|auto_generated|pll1|clk[0] ; p_ll|altpll_component|auto_generated|pll1|clk[0] ; 312.500      ; -0.036     ; 1.617      ;
; 310.834 ; spi_interface:afe|count[3]   ; spi_interface:afe|dataout_slow[1]  ; p_ll|altpll_component|auto_generated|pll1|clk[0] ; p_ll|altpll_component|auto_generated|pll1|clk[0] ; 312.500      ; -0.036     ; 1.617      ;
; 310.834 ; spi_interface:afe|count[3]   ; spi_interface:afe|dataout_slow[0]  ; p_ll|altpll_component|auto_generated|pll1|clk[0] ; p_ll|altpll_component|auto_generated|pll1|clk[0] ; 312.500      ; -0.036     ; 1.617      ;
; 310.911 ; spi_interface:afe|count[0]   ; spi_interface:afe|dataout_slow[11] ; p_ll|altpll_component|auto_generated|pll1|clk[0] ; p_ll|altpll_component|auto_generated|pll1|clk[0] ; 312.500      ; -0.036     ; 1.540      ;
; 310.911 ; spi_interface:afe|count[0]   ; spi_interface:afe|dataout_slow[6]  ; p_ll|altpll_component|auto_generated|pll1|clk[0] ; p_ll|altpll_component|auto_generated|pll1|clk[0] ; 312.500      ; -0.036     ; 1.540      ;
; 310.911 ; spi_interface:afe|count[0]   ; spi_interface:afe|dataout_slow[5]  ; p_ll|altpll_component|auto_generated|pll1|clk[0] ; p_ll|altpll_component|auto_generated|pll1|clk[0] ; 312.500      ; -0.036     ; 1.540      ;
; 310.911 ; spi_interface:afe|count[0]   ; spi_interface:afe|dataout_slow[4]  ; p_ll|altpll_component|auto_generated|pll1|clk[0] ; p_ll|altpll_component|auto_generated|pll1|clk[0] ; 312.500      ; -0.036     ; 1.540      ;
; 310.911 ; spi_interface:afe|count[0]   ; spi_interface:afe|dataout_slow[3]  ; p_ll|altpll_component|auto_generated|pll1|clk[0] ; p_ll|altpll_component|auto_generated|pll1|clk[0] ; 312.500      ; -0.036     ; 1.540      ;
; 310.911 ; spi_interface:afe|count[0]   ; spi_interface:afe|dataout_slow[2]  ; p_ll|altpll_component|auto_generated|pll1|clk[0] ; p_ll|altpll_component|auto_generated|pll1|clk[0] ; 312.500      ; -0.036     ; 1.540      ;
; 310.911 ; spi_interface:afe|count[0]   ; spi_interface:afe|dataout_slow[1]  ; p_ll|altpll_component|auto_generated|pll1|clk[0] ; p_ll|altpll_component|auto_generated|pll1|clk[0] ; 312.500      ; -0.036     ; 1.540      ;
; 310.911 ; spi_interface:afe|count[0]   ; spi_interface:afe|dataout_slow[0]  ; p_ll|altpll_component|auto_generated|pll1|clk[0] ; p_ll|altpll_component|auto_generated|pll1|clk[0] ; 312.500      ; -0.036     ; 1.540      ;
; 310.955 ; spi_interface:afe|count[1]   ; spi_interface:afe|dataout_slow[10] ; p_ll|altpll_component|auto_generated|pll1|clk[0] ; p_ll|altpll_component|auto_generated|pll1|clk[0] ; 312.500      ; -0.035     ; 1.497      ;
; 310.955 ; spi_interface:afe|count[1]   ; spi_interface:afe|dataout_slow[9]  ; p_ll|altpll_component|auto_generated|pll1|clk[0] ; p_ll|altpll_component|auto_generated|pll1|clk[0] ; 312.500      ; -0.035     ; 1.497      ;
; 310.955 ; spi_interface:afe|count[1]   ; spi_interface:afe|dataout_slow[8]  ; p_ll|altpll_component|auto_generated|pll1|clk[0] ; p_ll|altpll_component|auto_generated|pll1|clk[0] ; 312.500      ; -0.035     ; 1.497      ;
; 310.955 ; spi_interface:afe|count[1]   ; spi_interface:afe|dataout_slow[7]  ; p_ll|altpll_component|auto_generated|pll1|clk[0] ; p_ll|altpll_component|auto_generated|pll1|clk[0] ; 312.500      ; -0.035     ; 1.497      ;
; 310.955 ; spi_interface:afe|count[2]   ; spi_interface:afe|dataout_slow[10] ; p_ll|altpll_component|auto_generated|pll1|clk[0] ; p_ll|altpll_component|auto_generated|pll1|clk[0] ; 312.500      ; -0.035     ; 1.497      ;
; 310.955 ; spi_interface:afe|count[2]   ; spi_interface:afe|dataout_slow[9]  ; p_ll|altpll_component|auto_generated|pll1|clk[0] ; p_ll|altpll_component|auto_generated|pll1|clk[0] ; 312.500      ; -0.035     ; 1.497      ;
; 310.955 ; spi_interface:afe|count[2]   ; spi_interface:afe|dataout_slow[8]  ; p_ll|altpll_component|auto_generated|pll1|clk[0] ; p_ll|altpll_component|auto_generated|pll1|clk[0] ; 312.500      ; -0.035     ; 1.497      ;
; 310.955 ; spi_interface:afe|count[2]   ; spi_interface:afe|dataout_slow[7]  ; p_ll|altpll_component|auto_generated|pll1|clk[0] ; p_ll|altpll_component|auto_generated|pll1|clk[0] ; 312.500      ; -0.035     ; 1.497      ;
; 310.992 ; spi_interface:afe|count[1]   ; spi_interface:afe|clock_out        ; p_ll|altpll_component|auto_generated|pll1|clk[0] ; p_ll|altpll_component|auto_generated|pll1|clk[0] ; 312.500      ; -0.042     ; 1.453      ;
; 310.992 ; spi_interface:afe|count[2]   ; spi_interface:afe|clock_out        ; p_ll|altpll_component|auto_generated|pll1|clk[0] ; p_ll|altpll_component|auto_generated|pll1|clk[0] ; 312.500      ; -0.042     ; 1.453      ;
; 311.021 ; spi_interface:afe|count[3]   ; spi_interface:afe|dataout_slow[10] ; p_ll|altpll_component|auto_generated|pll1|clk[0] ; p_ll|altpll_component|auto_generated|pll1|clk[0] ; 312.500      ; -0.035     ; 1.431      ;
; 311.021 ; spi_interface:afe|count[3]   ; spi_interface:afe|dataout_slow[9]  ; p_ll|altpll_component|auto_generated|pll1|clk[0] ; p_ll|altpll_component|auto_generated|pll1|clk[0] ; 312.500      ; -0.035     ; 1.431      ;
; 311.021 ; spi_interface:afe|count[3]   ; spi_interface:afe|dataout_slow[8]  ; p_ll|altpll_component|auto_generated|pll1|clk[0] ; p_ll|altpll_component|auto_generated|pll1|clk[0] ; 312.500      ; -0.035     ; 1.431      ;
; 311.021 ; spi_interface:afe|count[3]   ; spi_interface:afe|dataout_slow[7]  ; p_ll|altpll_component|auto_generated|pll1|clk[0] ; p_ll|altpll_component|auto_generated|pll1|clk[0] ; 312.500      ; -0.035     ; 1.431      ;
; 311.058 ; spi_interface:afe|count[3]   ; spi_interface:afe|clock_out        ; p_ll|altpll_component|auto_generated|pll1|clk[0] ; p_ll|altpll_component|auto_generated|pll1|clk[0] ; 312.500      ; -0.042     ; 1.387      ;
; 311.098 ; spi_interface:afe|count[0]   ; spi_interface:afe|dataout_slow[10] ; p_ll|altpll_component|auto_generated|pll1|clk[0] ; p_ll|altpll_component|auto_generated|pll1|clk[0] ; 312.500      ; -0.035     ; 1.354      ;
; 311.098 ; spi_interface:afe|count[0]   ; spi_interface:afe|dataout_slow[9]  ; p_ll|altpll_component|auto_generated|pll1|clk[0] ; p_ll|altpll_component|auto_generated|pll1|clk[0] ; 312.500      ; -0.035     ; 1.354      ;
; 311.098 ; spi_interface:afe|count[0]   ; spi_interface:afe|dataout_slow[8]  ; p_ll|altpll_component|auto_generated|pll1|clk[0] ; p_ll|altpll_component|auto_generated|pll1|clk[0] ; 312.500      ; -0.035     ; 1.354      ;
; 311.098 ; spi_interface:afe|count[0]   ; spi_interface:afe|dataout_slow[7]  ; p_ll|altpll_component|auto_generated|pll1|clk[0] ; p_ll|altpll_component|auto_generated|pll1|clk[0] ; 312.500      ; -0.035     ; 1.354      ;
; 311.135 ; spi_interface:afe|count[0]   ; spi_interface:afe|clock_out        ; p_ll|altpll_component|auto_generated|pll1|clk[0] ; p_ll|altpll_component|auto_generated|pll1|clk[0] ; 312.500      ; -0.042     ; 1.310      ;
; 311.251 ; spi_interface:afe|idle_state ; spi_interface:afe|dataout_slow[11] ; p_ll|altpll_component|auto_generated|pll1|clk[0] ; p_ll|altpll_component|auto_generated|pll1|clk[0] ; 312.500      ; -0.036     ; 1.200      ;
; 311.251 ; spi_interface:afe|idle_state ; spi_interface:afe|dataout_slow[6]  ; p_ll|altpll_component|auto_generated|pll1|clk[0] ; p_ll|altpll_component|auto_generated|pll1|clk[0] ; 312.500      ; -0.036     ; 1.200      ;
; 311.251 ; spi_interface:afe|idle_state ; spi_interface:afe|dataout_slow[5]  ; p_ll|altpll_component|auto_generated|pll1|clk[0] ; p_ll|altpll_component|auto_generated|pll1|clk[0] ; 312.500      ; -0.036     ; 1.200      ;
; 311.251 ; spi_interface:afe|idle_state ; spi_interface:afe|dataout_slow[4]  ; p_ll|altpll_component|auto_generated|pll1|clk[0] ; p_ll|altpll_component|auto_generated|pll1|clk[0] ; 312.500      ; -0.036     ; 1.200      ;
; 311.251 ; spi_interface:afe|idle_state ; spi_interface:afe|dataout_slow[3]  ; p_ll|altpll_component|auto_generated|pll1|clk[0] ; p_ll|altpll_component|auto_generated|pll1|clk[0] ; 312.500      ; -0.036     ; 1.200      ;
; 311.251 ; spi_interface:afe|idle_state ; spi_interface:afe|dataout_slow[2]  ; p_ll|altpll_component|auto_generated|pll1|clk[0] ; p_ll|altpll_component|auto_generated|pll1|clk[0] ; 312.500      ; -0.036     ; 1.200      ;
; 311.251 ; spi_interface:afe|idle_state ; spi_interface:afe|dataout_slow[1]  ; p_ll|altpll_component|auto_generated|pll1|clk[0] ; p_ll|altpll_component|auto_generated|pll1|clk[0] ; 312.500      ; -0.036     ; 1.200      ;
; 311.251 ; spi_interface:afe|idle_state ; spi_interface:afe|dataout_slow[0]  ; p_ll|altpll_component|auto_generated|pll1|clk[0] ; p_ll|altpll_component|auto_generated|pll1|clk[0] ; 312.500      ; -0.036     ; 1.200      ;
; 311.257 ; spi_interface:afe|count[1]   ; spi_interface:afe|data_temp[6]     ; p_ll|altpll_component|auto_generated|pll1|clk[0] ; p_ll|altpll_component|auto_generated|pll1|clk[0] ; 312.500      ; -0.036     ; 1.194      ;
; 311.328 ; spi_interface:afe|count[3]   ; spi_interface:afe|data_temp[6]     ; p_ll|altpll_component|auto_generated|pll1|clk[0] ; p_ll|altpll_component|auto_generated|pll1|clk[0] ; 312.500      ; -0.036     ; 1.123      ;
; 311.337 ; spi_interface:afe|count[1]   ; spi_interface:afe|idle_state       ; p_ll|altpll_component|auto_generated|pll1|clk[0] ; p_ll|altpll_component|auto_generated|pll1|clk[0] ; 312.500      ; -0.037     ; 1.113      ;
; 311.337 ; spi_interface:afe|count[2]   ; spi_interface:afe|idle_state       ; p_ll|altpll_component|auto_generated|pll1|clk[0] ; p_ll|altpll_component|auto_generated|pll1|clk[0] ; 312.500      ; -0.037     ; 1.113      ;
; 311.339 ; spi_interface:afe|count[1]   ; spi_interface:afe|data_temp[9]     ; p_ll|altpll_component|auto_generated|pll1|clk[0] ; p_ll|altpll_component|auto_generated|pll1|clk[0] ; 312.500      ; -0.036     ; 1.112      ;
; 311.350 ; spi_interface:afe|count[1]   ; spi_interface:afe|data_temp[7]     ; p_ll|altpll_component|auto_generated|pll1|clk[0] ; p_ll|altpll_component|auto_generated|pll1|clk[0] ; 312.500      ; -0.036     ; 1.101      ;
; 311.355 ; spi_interface:afe|count[1]   ; spi_interface:afe|data_temp[11]    ; p_ll|altpll_component|auto_generated|pll1|clk[0] ; p_ll|altpll_component|auto_generated|pll1|clk[0] ; 312.500      ; -0.036     ; 1.096      ;
; 311.397 ; spi_interface:afe|count[3]   ; spi_interface:afe|data_temp[7]     ; p_ll|altpll_component|auto_generated|pll1|clk[0] ; p_ll|altpll_component|auto_generated|pll1|clk[0] ; 312.500      ; -0.036     ; 1.054      ;
; 311.403 ; spi_interface:afe|count[3]   ; spi_interface:afe|idle_state       ; p_ll|altpll_component|auto_generated|pll1|clk[0] ; p_ll|altpll_component|auto_generated|pll1|clk[0] ; 312.500      ; -0.037     ; 1.047      ;
; 311.438 ; spi_interface:afe|idle_state ; spi_interface:afe|dataout_slow[10] ; p_ll|altpll_component|auto_generated|pll1|clk[0] ; p_ll|altpll_component|auto_generated|pll1|clk[0] ; 312.500      ; -0.035     ; 1.014      ;
; 311.438 ; spi_interface:afe|idle_state ; spi_interface:afe|dataout_slow[9]  ; p_ll|altpll_component|auto_generated|pll1|clk[0] ; p_ll|altpll_component|auto_generated|pll1|clk[0] ; 312.500      ; -0.035     ; 1.014      ;
; 311.438 ; spi_interface:afe|idle_state ; spi_interface:afe|dataout_slow[8]  ; p_ll|altpll_component|auto_generated|pll1|clk[0] ; p_ll|altpll_component|auto_generated|pll1|clk[0] ; 312.500      ; -0.035     ; 1.014      ;
; 311.438 ; spi_interface:afe|idle_state ; spi_interface:afe|dataout_slow[7]  ; p_ll|altpll_component|auto_generated|pll1|clk[0] ; p_ll|altpll_component|auto_generated|pll1|clk[0] ; 312.500      ; -0.035     ; 1.014      ;
; 311.440 ; spi_interface:afe|count[3]   ; spi_interface:afe|data_temp[9]     ; p_ll|altpll_component|auto_generated|pll1|clk[0] ; p_ll|altpll_component|auto_generated|pll1|clk[0] ; 312.500      ; -0.036     ; 1.011      ;
; 311.440 ; spi_interface:afe|count[3]   ; spi_interface:afe|data_temp[11]    ; p_ll|altpll_component|auto_generated|pll1|clk[0] ; p_ll|altpll_component|auto_generated|pll1|clk[0] ; 312.500      ; -0.036     ; 1.011      ;
; 311.447 ; spi_interface:afe|count[2]   ; spi_interface:afe|data_temp[6]     ; p_ll|altpll_component|auto_generated|pll1|clk[0] ; p_ll|altpll_component|auto_generated|pll1|clk[0] ; 312.500      ; -0.036     ; 1.004      ;
; 311.448 ; spi_interface:afe|count[0]   ; spi_interface:afe|data_temp[6]     ; p_ll|altpll_component|auto_generated|pll1|clk[0] ; p_ll|altpll_component|auto_generated|pll1|clk[0] ; 312.500      ; -0.036     ; 1.003      ;
; 311.475 ; spi_interface:afe|idle_state ; spi_interface:afe|clock_out        ; p_ll|altpll_component|auto_generated|pll1|clk[0] ; p_ll|altpll_component|auto_generated|pll1|clk[0] ; 312.500      ; -0.042     ; 0.970      ;
; 311.478 ; spi_interface:afe|count[1]   ; spi_interface:afe|data_temp[5]     ; p_ll|altpll_component|auto_generated|pll1|clk[0] ; p_ll|altpll_component|auto_generated|pll1|clk[0] ; 312.500      ; -0.036     ; 0.973      ;
; 311.480 ; spi_interface:afe|count[0]   ; spi_interface:afe|idle_state       ; p_ll|altpll_component|auto_generated|pll1|clk[0] ; p_ll|altpll_component|auto_generated|pll1|clk[0] ; 312.500      ; -0.037     ; 0.970      ;
; 311.490 ; spi_interface:afe|count[2]   ; spi_interface:afe|data_temp[9]     ; p_ll|altpll_component|auto_generated|pll1|clk[0] ; p_ll|altpll_component|auto_generated|pll1|clk[0] ; 312.500      ; -0.036     ; 0.961      ;
; 311.502 ; spi_interface:afe|count[1]   ; spi_interface:afe|data_temp[4]     ; p_ll|altpll_component|auto_generated|pll1|clk[0] ; p_ll|altpll_component|auto_generated|pll1|clk[0] ; 312.500      ; -0.036     ; 0.949      ;
; 311.503 ; spi_interface:afe|count[2]   ; spi_interface:afe|data_temp[11]    ; p_ll|altpll_component|auto_generated|pll1|clk[0] ; p_ll|altpll_component|auto_generated|pll1|clk[0] ; 312.500      ; -0.036     ; 0.948      ;
; 311.529 ; spi_interface:afe|count[1]   ; spi_interface:afe|data_temp[8]     ; p_ll|altpll_component|auto_generated|pll1|clk[0] ; p_ll|altpll_component|auto_generated|pll1|clk[0] ; 312.500      ; -0.036     ; 0.922      ;
; 311.533 ; spi_interface:afe|count[1]   ; spi_interface:afe|data_temp[10]    ; p_ll|altpll_component|auto_generated|pll1|clk[0] ; p_ll|altpll_component|auto_generated|pll1|clk[0] ; 312.500      ; -0.036     ; 0.918      ;
; 311.555 ; spi_interface:afe|count[2]   ; spi_interface:afe|data_temp[7]     ; p_ll|altpll_component|auto_generated|pll1|clk[0] ; p_ll|altpll_component|auto_generated|pll1|clk[0] ; 312.500      ; -0.036     ; 0.896      ;
; 311.560 ; spi_interface:afe|count[1]   ; spi_interface:afe|count[2]         ; p_ll|altpll_component|auto_generated|pll1|clk[0] ; p_ll|altpll_component|auto_generated|pll1|clk[0] ; 312.500      ; -0.037     ; 0.890      ;
; 311.560 ; spi_interface:afe|count[2]   ; spi_interface:afe|count[2]         ; p_ll|altpll_component|auto_generated|pll1|clk[0] ; p_ll|altpll_component|auto_generated|pll1|clk[0] ; 312.500      ; -0.037     ; 0.890      ;
; 311.561 ; spi_interface:afe|count[1]   ; spi_interface:afe|count[3]         ; p_ll|altpll_component|auto_generated|pll1|clk[0] ; p_ll|altpll_component|auto_generated|pll1|clk[0] ; 312.500      ; -0.037     ; 0.889      ;
; 311.563 ; spi_interface:afe|count[3]   ; spi_interface:afe|data_temp[5]     ; p_ll|altpll_component|auto_generated|pll1|clk[0] ; p_ll|altpll_component|auto_generated|pll1|clk[0] ; 312.500      ; -0.036     ; 0.888      ;
; 311.565 ; spi_interface:afe|count[1]   ; spi_interface:afe|count[1]         ; p_ll|altpll_component|auto_generated|pll1|clk[0] ; p_ll|altpll_component|auto_generated|pll1|clk[0] ; 312.500      ; -0.037     ; 0.885      ;
; 311.565 ; spi_interface:afe|count[1]   ; spi_interface:afe|cs               ; p_ll|altpll_component|auto_generated|pll1|clk[0] ; p_ll|altpll_component|auto_generated|pll1|clk[0] ; 312.500      ; -0.037     ; 0.885      ;
; 311.565 ; spi_interface:afe|count[2]   ; spi_interface:afe|count[1]         ; p_ll|altpll_component|auto_generated|pll1|clk[0] ; p_ll|altpll_component|auto_generated|pll1|clk[0] ; 312.500      ; -0.037     ; 0.885      ;
; 311.565 ; spi_interface:afe|count[2]   ; spi_interface:afe|cs               ; p_ll|altpll_component|auto_generated|pll1|clk[0] ; p_ll|altpll_component|auto_generated|pll1|clk[0] ; 312.500      ; -0.037     ; 0.885      ;
; 311.567 ; spi_interface:afe|count[1]   ; spi_interface:afe|valid_slow       ; p_ll|altpll_component|auto_generated|pll1|clk[0] ; p_ll|altpll_component|auto_generated|pll1|clk[0] ; 312.500      ; -0.037     ; 0.883      ;
; 311.567 ; spi_interface:afe|count[2]   ; spi_interface:afe|valid_slow       ; p_ll|altpll_component|auto_generated|pll1|clk[0] ; p_ll|altpll_component|auto_generated|pll1|clk[0] ; 312.500      ; -0.037     ; 0.883      ;
+---------+------------------------------+------------------------------------+--------------------------------------------------+--------------------------------------------------+--------------+------------+------------+


+-----------------------------------------------------------------------------------------------------------------------------------------------------------------------------------------------------------------------------+
; Fast 1200mV 0C Model Hold: 'p_ll|altpll_component|auto_generated|pll1|clk[0]'                                                                                                                                               ;
+-------+---------------------------------+------------------------------------+--------------------------------------------------+--------------------------------------------------+--------------+------------+------------+
; Slack ; From Node                       ; To Node                            ; Launch Clock                                     ; Latch Clock                                      ; Relationship ; Clock Skew ; Data Delay ;
+-------+---------------------------------+------------------------------------+--------------------------------------------------+--------------------------------------------------+--------------+------------+------------+
; 0.186 ; spi_interface:afe|count[1]      ; spi_interface:afe|count[1]         ; p_ll|altpll_component|auto_generated|pll1|clk[0] ; p_ll|altpll_component|auto_generated|pll1|clk[0] ; 0.000        ; 0.037      ; 0.307      ;
; 0.186 ; spi_interface:afe|count[2]      ; spi_interface:afe|count[2]         ; p_ll|altpll_component|auto_generated|pll1|clk[0] ; p_ll|altpll_component|auto_generated|pll1|clk[0] ; 0.000        ; 0.037      ; 0.307      ;
; 0.186 ; spi_interface:afe|count[3]      ; spi_interface:afe|count[3]         ; p_ll|altpll_component|auto_generated|pll1|clk[0] ; p_ll|altpll_component|auto_generated|pll1|clk[0] ; 0.000        ; 0.037      ; 0.307      ;
; 0.186 ; spi_interface:afe|data_temp[6]  ; spi_interface:afe|data_temp[6]     ; p_ll|altpll_component|auto_generated|pll1|clk[0] ; p_ll|altpll_component|auto_generated|pll1|clk[0] ; 0.000        ; 0.037      ; 0.307      ;
; 0.186 ; spi_interface:afe|data_temp[3]  ; spi_interface:afe|data_temp[3]     ; p_ll|altpll_component|auto_generated|pll1|clk[0] ; p_ll|altpll_component|auto_generated|pll1|clk[0] ; 0.000        ; 0.037      ; 0.307      ;
; 0.186 ; spi_interface:afe|data_temp[2]  ; spi_interface:afe|data_temp[2]     ; p_ll|altpll_component|auto_generated|pll1|clk[0] ; p_ll|altpll_component|auto_generated|pll1|clk[0] ; 0.000        ; 0.037      ; 0.307      ;
; 0.186 ; spi_interface:afe|data_temp[1]  ; spi_interface:afe|data_temp[1]     ; p_ll|altpll_component|auto_generated|pll1|clk[0] ; p_ll|altpll_component|auto_generated|pll1|clk[0] ; 0.000        ; 0.037      ; 0.307      ;
; 0.186 ; spi_interface:afe|cs            ; spi_interface:afe|cs               ; p_ll|altpll_component|auto_generated|pll1|clk[0] ; p_ll|altpll_component|auto_generated|pll1|clk[0] ; 0.000        ; 0.037      ; 0.307      ;
; 0.187 ; spi_interface:afe|data_temp[11] ; spi_interface:afe|data_temp[11]    ; p_ll|altpll_component|auto_generated|pll1|clk[0] ; p_ll|altpll_component|auto_generated|pll1|clk[0] ; 0.000        ; 0.036      ; 0.307      ;
; 0.187 ; spi_interface:afe|data_temp[10] ; spi_interface:afe|data_temp[10]    ; p_ll|altpll_component|auto_generated|pll1|clk[0] ; p_ll|altpll_component|auto_generated|pll1|clk[0] ; 0.000        ; 0.036      ; 0.307      ;
; 0.187 ; spi_interface:afe|data_temp[9]  ; spi_interface:afe|data_temp[9]     ; p_ll|altpll_component|auto_generated|pll1|clk[0] ; p_ll|altpll_component|auto_generated|pll1|clk[0] ; 0.000        ; 0.036      ; 0.307      ;
; 0.187 ; spi_interface:afe|data_temp[8]  ; spi_interface:afe|data_temp[8]     ; p_ll|altpll_component|auto_generated|pll1|clk[0] ; p_ll|altpll_component|auto_generated|pll1|clk[0] ; 0.000        ; 0.036      ; 0.307      ;
; 0.187 ; spi_interface:afe|data_temp[7]  ; spi_interface:afe|data_temp[7]     ; p_ll|altpll_component|auto_generated|pll1|clk[0] ; p_ll|altpll_component|auto_generated|pll1|clk[0] ; 0.000        ; 0.036      ; 0.307      ;
; 0.187 ; spi_interface:afe|data_temp[5]  ; spi_interface:afe|data_temp[5]     ; p_ll|altpll_component|auto_generated|pll1|clk[0] ; p_ll|altpll_component|auto_generated|pll1|clk[0] ; 0.000        ; 0.036      ; 0.307      ;
; 0.187 ; spi_interface:afe|data_temp[4]  ; spi_interface:afe|data_temp[4]     ; p_ll|altpll_component|auto_generated|pll1|clk[0] ; p_ll|altpll_component|auto_generated|pll1|clk[0] ; 0.000        ; 0.036      ; 0.307      ;
; 0.193 ; spi_interface:afe|count[0]      ; spi_interface:afe|count[0]         ; p_ll|altpll_component|auto_generated|pll1|clk[0] ; p_ll|altpll_component|auto_generated|pll1|clk[0] ; 0.000        ; 0.037      ; 0.314      ;
; 0.212 ; spi_interface:afe|idle_state    ; spi_interface:afe|valid_slow       ; p_ll|altpll_component|auto_generated|pll1|clk[0] ; p_ll|altpll_component|auto_generated|pll1|clk[0] ; 0.000        ; 0.037      ; 0.333      ;
; 0.212 ; spi_interface:afe|idle_state    ; spi_interface:afe|count[1]         ; p_ll|altpll_component|auto_generated|pll1|clk[0] ; p_ll|altpll_component|auto_generated|pll1|clk[0] ; 0.000        ; 0.037      ; 0.333      ;
; 0.212 ; spi_interface:afe|idle_state    ; spi_interface:afe|count[2]         ; p_ll|altpll_component|auto_generated|pll1|clk[0] ; p_ll|altpll_component|auto_generated|pll1|clk[0] ; 0.000        ; 0.037      ; 0.333      ;
; 0.212 ; spi_interface:afe|idle_state    ; spi_interface:afe|cs               ; p_ll|altpll_component|auto_generated|pll1|clk[0] ; p_ll|altpll_component|auto_generated|pll1|clk[0] ; 0.000        ; 0.037      ; 0.333      ;
; 0.212 ; spi_interface:afe|idle_state    ; spi_interface:afe|count[0]         ; p_ll|altpll_component|auto_generated|pll1|clk[0] ; p_ll|altpll_component|auto_generated|pll1|clk[0] ; 0.000        ; 0.037      ; 0.333      ;
; 0.213 ; spi_interface:afe|idle_state    ; spi_interface:afe|count[3]         ; p_ll|altpll_component|auto_generated|pll1|clk[0] ; p_ll|altpll_component|auto_generated|pll1|clk[0] ; 0.000        ; 0.037      ; 0.334      ;
; 0.264 ; spi_interface:afe|data_temp[9]  ; spi_interface:afe|dataout_slow[9]  ; p_ll|altpll_component|auto_generated|pll1|clk[0] ; p_ll|altpll_component|auto_generated|pll1|clk[0] ; 0.000        ; 0.037      ; 0.385      ;
; 0.265 ; spi_interface:afe|data_temp[7]  ; spi_interface:afe|dataout_slow[7]  ; p_ll|altpll_component|auto_generated|pll1|clk[0] ; p_ll|altpll_component|auto_generated|pll1|clk[0] ; 0.000        ; 0.037      ; 0.386      ;
; 0.273 ; spi_interface:afe|data_temp[8]  ; spi_interface:afe|dataout_slow[8]  ; p_ll|altpll_component|auto_generated|pll1|clk[0] ; p_ll|altpll_component|auto_generated|pll1|clk[0] ; 0.000        ; 0.037      ; 0.394      ;
; 0.325 ; spi_interface:afe|count[2]      ; spi_interface:afe|count[3]         ; p_ll|altpll_component|auto_generated|pll1|clk[0] ; p_ll|altpll_component|auto_generated|pll1|clk[0] ; 0.000        ; 0.037      ; 0.446      ;
; 0.334 ; spi_interface:afe|data_temp[10] ; spi_interface:afe|dataout_slow[10] ; p_ll|altpll_component|auto_generated|pll1|clk[0] ; p_ll|altpll_component|auto_generated|pll1|clk[0] ; 0.000        ; 0.037      ; 0.455      ;
; 0.359 ; spi_interface:afe|data_temp[3]  ; spi_interface:afe|dataout_slow[3]  ; p_ll|altpll_component|auto_generated|pll1|clk[0] ; p_ll|altpll_component|auto_generated|pll1|clk[0] ; 0.000        ; 0.037      ; 0.480      ;
; 0.371 ; spi_interface:afe|count[0]      ; spi_interface:afe|data_temp[2]     ; p_ll|altpll_component|auto_generated|pll1|clk[0] ; p_ll|altpll_component|auto_generated|pll1|clk[0] ; 0.000        ; 0.037      ; 0.492      ;
; 0.385 ; spi_interface:afe|count[0]      ; spi_interface:afe|count[1]         ; p_ll|altpll_component|auto_generated|pll1|clk[0] ; p_ll|altpll_component|auto_generated|pll1|clk[0] ; 0.000        ; 0.037      ; 0.506      ;
; 0.390 ; spi_interface:afe|count[0]      ; spi_interface:afe|data_temp[3]     ; p_ll|altpll_component|auto_generated|pll1|clk[0] ; p_ll|altpll_component|auto_generated|pll1|clk[0] ; 0.000        ; 0.037      ; 0.511      ;
; 0.390 ; spi_interface:afe|count[0]      ; spi_interface:afe|data_temp[1]     ; p_ll|altpll_component|auto_generated|pll1|clk[0] ; p_ll|altpll_component|auto_generated|pll1|clk[0] ; 0.000        ; 0.037      ; 0.511      ;
; 0.399 ; spi_interface:afe|data_temp[6]  ; spi_interface:afe|dataout_slow[6]  ; p_ll|altpll_component|auto_generated|pll1|clk[0] ; p_ll|altpll_component|auto_generated|pll1|clk[0] ; 0.000        ; 0.036      ; 0.519      ;
; 0.401 ; spi_interface:afe|data_temp[1]  ; spi_interface:afe|dataout_slow[1]  ; p_ll|altpll_component|auto_generated|pll1|clk[0] ; p_ll|altpll_component|auto_generated|pll1|clk[0] ; 0.000        ; 0.037      ; 0.522      ;
; 0.408 ; spi_interface:afe|data_temp[5]  ; spi_interface:afe|dataout_slow[5]  ; p_ll|altpll_component|auto_generated|pll1|clk[0] ; p_ll|altpll_component|auto_generated|pll1|clk[0] ; 0.000        ; 0.036      ; 0.528      ;
; 0.427 ; spi_interface:afe|count[3]      ; spi_interface:afe|data_temp[3]     ; p_ll|altpll_component|auto_generated|pll1|clk[0] ; p_ll|altpll_component|auto_generated|pll1|clk[0] ; 0.000        ; 0.037      ; 0.548      ;
; 0.428 ; spi_interface:afe|count[3]      ; spi_interface:afe|data_temp[1]     ; p_ll|altpll_component|auto_generated|pll1|clk[0] ; p_ll|altpll_component|auto_generated|pll1|clk[0] ; 0.000        ; 0.037      ; 0.549      ;
; 0.431 ; spi_interface:afe|count[3]      ; spi_interface:afe|data_temp[2]     ; p_ll|altpll_component|auto_generated|pll1|clk[0] ; p_ll|altpll_component|auto_generated|pll1|clk[0] ; 0.000        ; 0.037      ; 0.552      ;
; 0.434 ; spi_interface:afe|idle_state    ; spi_interface:afe|idle_state       ; p_ll|altpll_component|auto_generated|pll1|clk[0] ; p_ll|altpll_component|auto_generated|pll1|clk[0] ; 0.000        ; 0.037      ; 0.555      ;
; 0.473 ; spi_interface:afe|count[0]      ; spi_interface:afe|data_temp[10]    ; p_ll|altpll_component|auto_generated|pll1|clk[0] ; p_ll|altpll_component|auto_generated|pll1|clk[0] ; 0.000        ; 0.037      ; 0.594      ;
; 0.476 ; spi_interface:afe|count[0]      ; spi_interface:afe|data_temp[8]     ; p_ll|altpll_component|auto_generated|pll1|clk[0] ; p_ll|altpll_component|auto_generated|pll1|clk[0] ; 0.000        ; 0.037      ; 0.597      ;
; 0.481 ; spi_interface:afe|count[0]      ; spi_interface:afe|data_temp[4]     ; p_ll|altpll_component|auto_generated|pll1|clk[0] ; p_ll|altpll_component|auto_generated|pll1|clk[0] ; 0.000        ; 0.037      ; 0.602      ;
; 0.484 ; spi_interface:afe|count[2]      ; spi_interface:afe|data_temp[2]     ; p_ll|altpll_component|auto_generated|pll1|clk[0] ; p_ll|altpll_component|auto_generated|pll1|clk[0] ; 0.000        ; 0.037      ; 0.605      ;
; 0.487 ; spi_interface:afe|data_temp[4]  ; spi_interface:afe|dataout_slow[4]  ; p_ll|altpll_component|auto_generated|pll1|clk[0] ; p_ll|altpll_component|auto_generated|pll1|clk[0] ; 0.000        ; 0.036      ; 0.607      ;
; 0.488 ; spi_interface:afe|data_temp[2]  ; spi_interface:afe|dataout_slow[2]  ; p_ll|altpll_component|auto_generated|pll1|clk[0] ; p_ll|altpll_component|auto_generated|pll1|clk[0] ; 0.000        ; 0.037      ; 0.609      ;
; 0.489 ; spi_interface:afe|count[0]      ; spi_interface:afe|valid_slow       ; p_ll|altpll_component|auto_generated|pll1|clk[0] ; p_ll|altpll_component|auto_generated|pll1|clk[0] ; 0.000        ; 0.037      ; 0.610      ;
; 0.490 ; spi_interface:afe|data_temp[11] ; spi_interface:afe|dataout_slow[11] ; p_ll|altpll_component|auto_generated|pll1|clk[0] ; p_ll|altpll_component|auto_generated|pll1|clk[0] ; 0.000        ; 0.036      ; 0.610      ;
; 0.491 ; spi_interface:afe|count[0]      ; spi_interface:afe|cs               ; p_ll|altpll_component|auto_generated|pll1|clk[0] ; p_ll|altpll_component|auto_generated|pll1|clk[0] ; 0.000        ; 0.037      ; 0.612      ;
; 0.493 ; spi_interface:afe|count[0]      ; spi_interface:afe|count[2]         ; p_ll|altpll_component|auto_generated|pll1|clk[0] ; p_ll|altpll_component|auto_generated|pll1|clk[0] ; 0.000        ; 0.037      ; 0.614      ;
; 0.493 ; spi_interface:afe|count[0]      ; spi_interface:afe|data_temp[5]     ; p_ll|altpll_component|auto_generated|pll1|clk[0] ; p_ll|altpll_component|auto_generated|pll1|clk[0] ; 0.000        ; 0.037      ; 0.614      ;
; 0.498 ; spi_interface:afe|count[2]      ; spi_interface:afe|data_temp[1]     ; p_ll|altpll_component|auto_generated|pll1|clk[0] ; p_ll|altpll_component|auto_generated|pll1|clk[0] ; 0.000        ; 0.037      ; 0.619      ;
; 0.502 ; spi_interface:afe|count[1]      ; spi_interface:afe|data_temp[1]     ; p_ll|altpll_component|auto_generated|pll1|clk[0] ; p_ll|altpll_component|auto_generated|pll1|clk[0] ; 0.000        ; 0.037      ; 0.623      ;
; 0.504 ; spi_interface:afe|count[2]      ; spi_interface:afe|data_temp[3]     ; p_ll|altpll_component|auto_generated|pll1|clk[0] ; p_ll|altpll_component|auto_generated|pll1|clk[0] ; 0.000        ; 0.037      ; 0.625      ;
; 0.516 ; spi_interface:afe|count[1]      ; spi_interface:afe|data_temp[2]     ; p_ll|altpll_component|auto_generated|pll1|clk[0] ; p_ll|altpll_component|auto_generated|pll1|clk[0] ; 0.000        ; 0.037      ; 0.637      ;
; 0.539 ; spi_interface:afe|count[1]      ; spi_interface:afe|data_temp[3]     ; p_ll|altpll_component|auto_generated|pll1|clk[0] ; p_ll|altpll_component|auto_generated|pll1|clk[0] ; 0.000        ; 0.037      ; 0.660      ;
; 0.540 ; spi_interface:afe|count[2]      ; spi_interface:afe|data_temp[8]     ; p_ll|altpll_component|auto_generated|pll1|clk[0] ; p_ll|altpll_component|auto_generated|pll1|clk[0] ; 0.000        ; 0.037      ; 0.661      ;
; 0.541 ; spi_interface:afe|count[2]      ; spi_interface:afe|data_temp[10]    ; p_ll|altpll_component|auto_generated|pll1|clk[0] ; p_ll|altpll_component|auto_generated|pll1|clk[0] ; 0.000        ; 0.037      ; 0.662      ;
; 0.548 ; spi_interface:afe|count[0]      ; spi_interface:afe|count[3]         ; p_ll|altpll_component|auto_generated|pll1|clk[0] ; p_ll|altpll_component|auto_generated|pll1|clk[0] ; 0.000        ; 0.037      ; 0.669      ;
; 0.552 ; spi_interface:afe|count[3]      ; spi_interface:afe|valid_slow       ; p_ll|altpll_component|auto_generated|pll1|clk[0] ; p_ll|altpll_component|auto_generated|pll1|clk[0] ; 0.000        ; 0.037      ; 0.673      ;
; 0.553 ; spi_interface:afe|count[2]      ; spi_interface:afe|data_temp[4]     ; p_ll|altpll_component|auto_generated|pll1|clk[0] ; p_ll|altpll_component|auto_generated|pll1|clk[0] ; 0.000        ; 0.037      ; 0.674      ;
; 0.553 ; spi_interface:afe|count[3]      ; spi_interface:afe|count[1]         ; p_ll|altpll_component|auto_generated|pll1|clk[0] ; p_ll|altpll_component|auto_generated|pll1|clk[0] ; 0.000        ; 0.037      ; 0.674      ;
; 0.553 ; spi_interface:afe|count[3]      ; spi_interface:afe|count[0]         ; p_ll|altpll_component|auto_generated|pll1|clk[0] ; p_ll|altpll_component|auto_generated|pll1|clk[0] ; 0.000        ; 0.037      ; 0.674      ;
; 0.553 ; spi_interface:afe|count[2]      ; spi_interface:afe|data_temp[5]     ; p_ll|altpll_component|auto_generated|pll1|clk[0] ; p_ll|altpll_component|auto_generated|pll1|clk[0] ; 0.000        ; 0.037      ; 0.674      ;
; 0.554 ; spi_interface:afe|count[3]      ; spi_interface:afe|cs               ; p_ll|altpll_component|auto_generated|pll1|clk[0] ; p_ll|altpll_component|auto_generated|pll1|clk[0] ; 0.000        ; 0.037      ; 0.675      ;
; 0.556 ; spi_interface:afe|count[3]      ; spi_interface:afe|count[2]         ; p_ll|altpll_component|auto_generated|pll1|clk[0] ; p_ll|altpll_component|auto_generated|pll1|clk[0] ; 0.000        ; 0.037      ; 0.677      ;
; 0.573 ; spi_interface:afe|count[3]      ; spi_interface:afe|data_temp[4]     ; p_ll|altpll_component|auto_generated|pll1|clk[0] ; p_ll|altpll_component|auto_generated|pll1|clk[0] ; 0.000        ; 0.037      ; 0.694      ;
; 0.595 ; spi_interface:afe|count[1]      ; spi_interface:afe|valid_slow       ; p_ll|altpll_component|auto_generated|pll1|clk[0] ; p_ll|altpll_component|auto_generated|pll1|clk[0] ; 0.000        ; 0.037      ; 0.716      ;
; 0.596 ; spi_interface:afe|count[1]      ; spi_interface:afe|count[0]         ; p_ll|altpll_component|auto_generated|pll1|clk[0] ; p_ll|altpll_component|auto_generated|pll1|clk[0] ; 0.000        ; 0.037      ; 0.717      ;
; 0.597 ; spi_interface:afe|count[1]      ; spi_interface:afe|cs               ; p_ll|altpll_component|auto_generated|pll1|clk[0] ; p_ll|altpll_component|auto_generated|pll1|clk[0] ; 0.000        ; 0.037      ; 0.718      ;
; 0.598 ; spi_interface:afe|count[2]      ; spi_interface:afe|valid_slow       ; p_ll|altpll_component|auto_generated|pll1|clk[0] ; p_ll|altpll_component|auto_generated|pll1|clk[0] ; 0.000        ; 0.037      ; 0.719      ;
; 0.599 ; spi_interface:afe|count[2]      ; spi_interface:afe|count[1]         ; p_ll|altpll_component|auto_generated|pll1|clk[0] ; p_ll|altpll_component|auto_generated|pll1|clk[0] ; 0.000        ; 0.037      ; 0.720      ;
; 0.599 ; spi_interface:afe|count[2]      ; spi_interface:afe|count[0]         ; p_ll|altpll_component|auto_generated|pll1|clk[0] ; p_ll|altpll_component|auto_generated|pll1|clk[0] ; 0.000        ; 0.037      ; 0.720      ;
; 0.599 ; spi_interface:afe|count[1]      ; spi_interface:afe|count[2]         ; p_ll|altpll_component|auto_generated|pll1|clk[0] ; p_ll|altpll_component|auto_generated|pll1|clk[0] ; 0.000        ; 0.037      ; 0.720      ;
; 0.600 ; spi_interface:afe|count[2]      ; spi_interface:afe|cs               ; p_ll|altpll_component|auto_generated|pll1|clk[0] ; p_ll|altpll_component|auto_generated|pll1|clk[0] ; 0.000        ; 0.037      ; 0.721      ;
; 0.605 ; spi_interface:afe|count[3]      ; spi_interface:afe|data_temp[10]    ; p_ll|altpll_component|auto_generated|pll1|clk[0] ; p_ll|altpll_component|auto_generated|pll1|clk[0] ; 0.000        ; 0.037      ; 0.726      ;
; 0.607 ; spi_interface:afe|count[3]      ; spi_interface:afe|data_temp[5]     ; p_ll|altpll_component|auto_generated|pll1|clk[0] ; p_ll|altpll_component|auto_generated|pll1|clk[0] ; 0.000        ; 0.037      ; 0.728      ;
; 0.609 ; spi_interface:afe|count[0]      ; spi_interface:afe|data_temp[11]    ; p_ll|altpll_component|auto_generated|pll1|clk[0] ; p_ll|altpll_component|auto_generated|pll1|clk[0] ; 0.000        ; 0.037      ; 0.730      ;
; 0.611 ; spi_interface:afe|count[1]      ; spi_interface:afe|count[3]         ; p_ll|altpll_component|auto_generated|pll1|clk[0] ; p_ll|altpll_component|auto_generated|pll1|clk[0] ; 0.000        ; 0.037      ; 0.732      ;
; 0.617 ; spi_interface:afe|count[3]      ; spi_interface:afe|data_temp[8]     ; p_ll|altpll_component|auto_generated|pll1|clk[0] ; p_ll|altpll_component|auto_generated|pll1|clk[0] ; 0.000        ; 0.037      ; 0.738      ;
; 0.618 ; spi_interface:afe|count[0]      ; spi_interface:afe|data_temp[7]     ; p_ll|altpll_component|auto_generated|pll1|clk[0] ; p_ll|altpll_component|auto_generated|pll1|clk[0] ; 0.000        ; 0.037      ; 0.739      ;
; 0.619 ; spi_interface:afe|count[0]      ; spi_interface:afe|data_temp[9]     ; p_ll|altpll_component|auto_generated|pll1|clk[0] ; p_ll|altpll_component|auto_generated|pll1|clk[0] ; 0.000        ; 0.037      ; 0.740      ;
; 0.642 ; spi_interface:afe|count[2]      ; spi_interface:afe|data_temp[11]    ; p_ll|altpll_component|auto_generated|pll1|clk[0] ; p_ll|altpll_component|auto_generated|pll1|clk[0] ; 0.000        ; 0.037      ; 0.763      ;
; 0.644 ; spi_interface:afe|count[2]      ; spi_interface:afe|data_temp[9]     ; p_ll|altpll_component|auto_generated|pll1|clk[0] ; p_ll|altpll_component|auto_generated|pll1|clk[0] ; 0.000        ; 0.037      ; 0.765      ;
; 0.674 ; spi_interface:afe|count[1]      ; spi_interface:afe|data_temp[4]     ; p_ll|altpll_component|auto_generated|pll1|clk[0] ; p_ll|altpll_component|auto_generated|pll1|clk[0] ; 0.000        ; 0.037      ; 0.795      ;
; 0.676 ; spi_interface:afe|count[1]      ; spi_interface:afe|data_temp[8]     ; p_ll|altpll_component|auto_generated|pll1|clk[0] ; p_ll|altpll_component|auto_generated|pll1|clk[0] ; 0.000        ; 0.037      ; 0.797      ;
; 0.682 ; spi_interface:afe|count[2]      ; spi_interface:afe|data_temp[7]     ; p_ll|altpll_component|auto_generated|pll1|clk[0] ; p_ll|altpll_component|auto_generated|pll1|clk[0] ; 0.000        ; 0.037      ; 0.803      ;
; 0.687 ; spi_interface:afe|idle_state    ; spi_interface:afe|clock_out        ; p_ll|altpll_component|auto_generated|pll1|clk[0] ; p_ll|altpll_component|auto_generated|pll1|clk[0] ; 0.000        ; 0.052      ; 0.823      ;
; 0.692 ; spi_interface:afe|count[1]      ; spi_interface:afe|data_temp[10]    ; p_ll|altpll_component|auto_generated|pll1|clk[0] ; p_ll|altpll_component|auto_generated|pll1|clk[0] ; 0.000        ; 0.037      ; 0.813      ;
; 0.698 ; spi_interface:afe|count[1]      ; spi_interface:afe|data_temp[5]     ; p_ll|altpll_component|auto_generated|pll1|clk[0] ; p_ll|altpll_component|auto_generated|pll1|clk[0] ; 0.000        ; 0.037      ; 0.819      ;
; 0.711 ; spi_interface:afe|count[0]      ; spi_interface:afe|idle_state       ; p_ll|altpll_component|auto_generated|pll1|clk[0] ; p_ll|altpll_component|auto_generated|pll1|clk[0] ; 0.000        ; 0.037      ; 0.832      ;
; 0.716 ; spi_interface:afe|count[0]      ; spi_interface:afe|data_temp[6]     ; p_ll|altpll_component|auto_generated|pll1|clk[0] ; p_ll|altpll_component|auto_generated|pll1|clk[0] ; 0.000        ; 0.038      ; 0.838      ;
; 0.721 ; spi_interface:afe|count[3]      ; spi_interface:afe|data_temp[7]     ; p_ll|altpll_component|auto_generated|pll1|clk[0] ; p_ll|altpll_component|auto_generated|pll1|clk[0] ; 0.000        ; 0.037      ; 0.842      ;
; 0.735 ; spi_interface:afe|count[3]      ; spi_interface:afe|data_temp[11]    ; p_ll|altpll_component|auto_generated|pll1|clk[0] ; p_ll|altpll_component|auto_generated|pll1|clk[0] ; 0.000        ; 0.037      ; 0.856      ;
; 0.769 ; spi_interface:afe|count[3]      ; spi_interface:afe|data_temp[9]     ; p_ll|altpll_component|auto_generated|pll1|clk[0] ; p_ll|altpll_component|auto_generated|pll1|clk[0] ; 0.000        ; 0.037      ; 0.890      ;
; 0.774 ; spi_interface:afe|count[3]      ; spi_interface:afe|idle_state       ; p_ll|altpll_component|auto_generated|pll1|clk[0] ; p_ll|altpll_component|auto_generated|pll1|clk[0] ; 0.000        ; 0.037      ; 0.895      ;
; 0.796 ; spi_interface:afe|count[1]      ; spi_interface:afe|data_temp[9]     ; p_ll|altpll_component|auto_generated|pll1|clk[0] ; p_ll|altpll_component|auto_generated|pll1|clk[0] ; 0.000        ; 0.037      ; 0.917      ;
; 0.816 ; spi_interface:afe|count[3]      ; spi_interface:afe|data_temp[6]     ; p_ll|altpll_component|auto_generated|pll1|clk[0] ; p_ll|altpll_component|auto_generated|pll1|clk[0] ; 0.000        ; 0.038      ; 0.938      ;
; 0.817 ; spi_interface:afe|count[1]      ; spi_interface:afe|idle_state       ; p_ll|altpll_component|auto_generated|pll1|clk[0] ; p_ll|altpll_component|auto_generated|pll1|clk[0] ; 0.000        ; 0.037      ; 0.938      ;
; 0.820 ; spi_interface:afe|count[2]      ; spi_interface:afe|idle_state       ; p_ll|altpll_component|auto_generated|pll1|clk[0] ; p_ll|altpll_component|auto_generated|pll1|clk[0] ; 0.000        ; 0.037      ; 0.941      ;
; 0.827 ; spi_interface:afe|count[2]      ; spi_interface:afe|data_temp[6]     ; p_ll|altpll_component|auto_generated|pll1|clk[0] ; p_ll|altpll_component|auto_generated|pll1|clk[0] ; 0.000        ; 0.038      ; 0.949      ;
+-------+---------------------------------+------------------------------------+--------------------------------------------------+--------------------------------------------------+--------------+------------+------------+


+--------------------------------------------------------------------------------------------------------------------------------------------------------------------------------------------------------------------------------------------------------------+
; Fast 1200mV 0C Model Hold: 'clk'                                                                                                                                                                                                                             ;
+-------+----------------------------------------------------------------------+---------------------------------------------------------------------------------------------------------+--------------+-------------+--------------+------------+------------+
; Slack ; From Node                                                            ; To Node                                                                                                 ; Launch Clock ; Latch Clock ; Relationship ; Clock Skew ; Data Delay ;
+-------+----------------------------------------------------------------------+---------------------------------------------------------------------------------------------------------+--------------+-------------+--------------+------------+------------+
; 0.193 ; lut_sincos:dds|phase[23]                                             ; lut_sincos:dds|altsyncram:sine_lut_rtl_0|altsyncram_1sq1:auto_generated|ram_block1a0~porta_address_reg0 ; clk          ; clk         ; 0.000        ; 0.231      ; 0.528      ;
; 0.193 ; cordic_top:CORDIC|cordic_stage:pipeline_gen[16].stage_inst|z_out[3]  ; cordic_top:CORDIC|cordic_stage:pipeline_gen[17].stage_inst|z_out[3]                                     ; clk          ; clk         ; 0.000        ; 0.036      ; 0.313      ;
; 0.193 ; cordic_top:CORDIC|cordic_stage:pipeline_gen[9].stage_inst|z_out[1]   ; cordic_top:CORDIC|cordic_stage:pipeline_gen[10].stage_inst|z_out[1]                                     ; clk          ; clk         ; 0.000        ; 0.036      ; 0.313      ;
; 0.193 ; cordic_top:CORDIC|cordic_stage:pipeline_gen[17].stage_inst|z_out[1]  ; cordic_top:CORDIC|cordic_stage:pipeline_gen[18].stage_inst|z_out[1]                                     ; clk          ; clk         ; 0.000        ; 0.037      ; 0.314      ;
; 0.194 ; spi_interface:afe|data_valid                                         ; data_delay_block:delay|data_valid_spi_out                                                               ; clk          ; clk         ; 0.000        ; 0.037      ; 0.315      ;
; 0.194 ; cordic_top:CORDIC|cordic_stage:pipeline_gen[1].stage_inst|z_out[1]   ; cordic_top:CORDIC|cordic_stage:pipeline_gen[2].stage_inst|z_out[1]                                      ; clk          ; clk         ; 0.000        ; 0.036      ; 0.314      ;
; 0.195 ; cordic_top:CORDIC|cordic_stage:stage1|z_out[30]                      ; cordic_top:CORDIC|cordic_stage:pipeline_gen[0].stage_inst|z_out[30]                                     ; clk          ; clk         ; 0.000        ; 0.037      ; 0.316      ;
; 0.196 ; spi_interface:afe|dv_r2                                              ; spi_interface:afe|data_valid                                                                            ; clk          ; clk         ; 0.000        ; 0.037      ; 0.317      ;
; 0.196 ; lut_sincos:dds|phase[23]                                             ; lut_sincos:dds|altsyncram:sine_lut_rtl_0|altsyncram_1sq1:auto_generated|ram_block1a9~porta_address_reg0 ; clk          ; clk         ; 0.000        ; 0.231      ; 0.531      ;
; 0.197 ; spi_interface:afe|dv_r2                                              ; spi_interface:afe|dv_r3                                                                                 ; clk          ; clk         ; 0.000        ; 0.037      ; 0.318      ;
; 0.202 ; lut_sincos:dds|phase[23]                                             ; lut_sincos:dds|altsyncram:sine_lut_rtl_0|altsyncram_1sq1:auto_generated|ram_block1a0~portb_address_reg0 ; clk          ; clk         ; 0.000        ; 0.233      ; 0.539      ;
; 0.203 ; cordic_top:CORDIC|cordic_stage:stage1|valid_out                      ; cordic_top:CORDIC|cordic_stage:pipeline_gen[0].stage_inst|valid_out                                     ; clk          ; clk         ; 0.000        ; 0.037      ; 0.324      ;
; 0.204 ; cordic_top:CORDIC|cordic_stage:pipeline_gen[3].stage_inst|valid_out  ; cordic_top:CORDIC|cordic_stage:pipeline_gen[4].stage_inst|valid_out                                     ; clk          ; clk         ; 0.000        ; 0.037      ; 0.325      ;
; 0.204 ; cordic_top:CORDIC|cordic_stage:pipeline_gen[6].stage_inst|valid_out  ; cordic_top:CORDIC|cordic_stage:pipeline_gen[7].stage_inst|valid_out                                     ; clk          ; clk         ; 0.000        ; 0.037      ; 0.325      ;
; 0.205 ; lut_sincos:dds|phase[23]                                             ; lut_sincos:dds|altsyncram:sine_lut_rtl_0|altsyncram_1sq1:auto_generated|ram_block1a9~portb_address_reg0 ; clk          ; clk         ; 0.000        ; 0.233      ; 0.542      ;
; 0.205 ; cordic_top:CORDIC|cordic_stage:pipeline_gen[5].stage_inst|valid_out  ; cordic_top:CORDIC|cordic_stage:pipeline_gen[6].stage_inst|valid_out                                     ; clk          ; clk         ; 0.000        ; 0.037      ; 0.326      ;
; 0.205 ; cordic_top:CORDIC|cordic_stage:pipeline_gen[10].stage_inst|valid_out ; cordic_top:CORDIC|cordic_stage:pipeline_gen[11].stage_inst|valid_out                                    ; clk          ; clk         ; 0.000        ; 0.037      ; 0.326      ;
; 0.205 ; cordic_top:CORDIC|cordic_stage:pipeline_gen[18].stage_inst|valid_out ; cordic_top:CORDIC|cordic_stage:pipeline_gen[19].stage_inst|valid_out                                    ; clk          ; clk         ; 0.000        ; 0.036      ; 0.325      ;
; 0.205 ; cordic_top:CORDIC|cordic_stage:pipeline_gen[20].stage_inst|valid_out ; cordic_top:CORDIC|cordic_stage:pipeline_gen[21].stage_inst|valid_out                                    ; clk          ; clk         ; 0.000        ; 0.036      ; 0.325      ;
; 0.208 ; frequency_tracker_sync:comb_3|ttl_r2                                 ; integrate_and_dump:cosine_filter|valid_out                                                              ; clk          ; clk         ; 0.000        ; 0.037      ; 0.329      ;
; 0.210 ; cordic_top:CORDIC|cordic_stage:pipeline_gen[0].stage_inst|valid_out  ; cordic_top:CORDIC|cordic_stage:pipeline_gen[1].stage_inst|valid_out                                     ; clk          ; clk         ; 0.000        ; 0.037      ; 0.331      ;
; 0.210 ; cordic_top:CORDIC|cordic_stage:pipeline_gen[21].stage_inst|valid_out ; cordic_top:CORDIC|cordic_stage:pipeline_gen[22].stage_inst|valid_out                                    ; clk          ; clk         ; 0.000        ; 0.036      ; 0.330      ;
; 0.216 ; cordic_top:CORDIC|cordic_stage:pipeline_gen[14].stage_inst|valid_out ; cordic_top:CORDIC|cordic_stage:pipeline_gen[15].stage_inst|valid_out                                    ; clk          ; clk         ; 0.000        ; 0.036      ; 0.336      ;
; 0.217 ; cordic_top:CORDIC|cordic_stage:pipeline_gen[1].stage_inst|valid_out  ; cordic_top:CORDIC|cordic_stage:pipeline_gen[2].stage_inst|valid_out                                     ; clk          ; clk         ; 0.000        ; 0.037      ; 0.338      ;
; 0.255 ; cordic_top:CORDIC|cordic_stage:pipeline_gen[27].stage_inst|z_out[31] ; cordic_top:CORDIC|cordic_stage:pipeline_gen[28].stage_inst|z_out[31]                                    ; clk          ; clk         ; 0.000        ; 0.037      ; 0.376      ;
; 0.260 ; spi_interface:afe|dataout[3]                                         ; data_delay_block:delay|data_out[3]                                                                      ; clk          ; clk         ; 0.000        ; 0.037      ; 0.381      ;
; 0.262 ; spi_interface:afe|dataout[11]                                        ; data_delay_block:delay|data_out[11]                                                                     ; clk          ; clk         ; 0.000        ; 0.038      ; 0.384      ;
; 0.264 ; cordic_top:CORDIC|cordic_stage:pipeline_gen[17].stage_inst|x_out[31] ; cordic_top:CORDIC|cordic_stage:pipeline_gen[18].stage_inst|x_out[31]                                    ; clk          ; clk         ; 0.000        ; 0.038      ; 0.386      ;
; 0.265 ; cordic_top:CORDIC|cordic_stage:pipeline_gen[24].stage_inst|z_out[31] ; cordic_top:CORDIC|cordic_stage:pipeline_gen[25].stage_inst|z_out[31]                                    ; clk          ; clk         ; 0.000        ; 0.037      ; 0.386      ;
; 0.265 ; cordic_top:CORDIC|cordic_stage:pipeline_gen[19].stage_inst|x_out[31] ; cordic_top:CORDIC|cordic_stage:pipeline_gen[20].stage_inst|x_out[31]                                    ; clk          ; clk         ; 0.000        ; 0.037      ; 0.386      ;
; 0.266 ; spi_interface:afe|dataout[2]                                         ; data_delay_block:delay|data_out[2]                                                                      ; clk          ; clk         ; 0.000        ; 0.037      ; 0.387      ;
; 0.266 ; spi_interface:afe|dataout[1]                                         ; data_delay_block:delay|data_out[1]                                                                      ; clk          ; clk         ; 0.000        ; 0.038      ; 0.388      ;
; 0.266 ; cordic_top:CORDIC|cordic_stage:pipeline_gen[18].stage_inst|z_out[31] ; cordic_top:CORDIC|cordic_stage:pipeline_gen[19].stage_inst|z_out[31]                                    ; clk          ; clk         ; 0.000        ; 0.036      ; 0.386      ;
; 0.266 ; cordic_top:CORDIC|cordic_stage:pipeline_gen[15].stage_inst|x_out[31] ; cordic_top:CORDIC|cordic_stage:pipeline_gen[16].stage_inst|x_out[31]                                    ; clk          ; clk         ; 0.000        ; 0.038      ; 0.388      ;
; 0.266 ; cordic_top:CORDIC|cordic_stage:pipeline_gen[8].stage_inst|z_out[2]   ; cordic_top:CORDIC|cordic_stage:pipeline_gen[9].stage_inst|z_out[2]                                      ; clk          ; clk         ; 0.000        ; 0.036      ; 0.386      ;
; 0.267 ; frequency_tracker_sync:comb_3|ttl_r1                                 ; frequency_tracker_sync:comb_3|ttl_r2                                                                    ; clk          ; clk         ; 0.000        ; 0.037      ; 0.388      ;
; 0.267 ; integrate_and_dump:sine_filter|sample_count[31]                      ; integrate_and_dump:sine_filter|N_sample[31]                                                             ; clk          ; clk         ; 0.000        ; 0.037      ; 0.388      ;
; 0.268 ; spi_interface:afe|dataout[5]                                         ; data_delay_block:delay|data_out[5]                                                                      ; clk          ; clk         ; 0.000        ; 0.037      ; 0.389      ;
; 0.270 ; integrate_and_dump:sine_filter|accumlator[39]                        ; integrate_and_dump:sine_filter|accumlator[39]                                                           ; clk          ; clk         ; 0.000        ; 0.037      ; 0.391      ;
; 0.271 ; integrate_and_dump:sine_filter|sample_count[24]                      ; integrate_and_dump:sine_filter|N_sample[24]                                                             ; clk          ; clk         ; 0.000        ; 0.038      ; 0.393      ;
; 0.271 ; integrate_and_dump:sine_filter|sample_count[27]                      ; integrate_and_dump:sine_filter|N_sample[27]                                                             ; clk          ; clk         ; 0.000        ; 0.037      ; 0.392      ;
; 0.272 ; integrate_and_dump:sine_filter|sample_count[17]                      ; integrate_and_dump:sine_filter|N_sample[17]                                                             ; clk          ; clk         ; 0.000        ; 0.038      ; 0.394      ;
; 0.273 ; integrate_and_dump:sine_filter|sample_count[19]                      ; integrate_and_dump:sine_filter|N_sample[19]                                                             ; clk          ; clk         ; 0.000        ; 0.038      ; 0.395      ;
; 0.274 ; spi_interface:afe|dataout[0]                                         ; data_delay_block:delay|data_out[0]                                                                      ; clk          ; clk         ; 0.000        ; 0.038      ; 0.396      ;
; 0.276 ; cordic_top:CORDIC|cordic_stage:pipeline_gen[17].stage_inst|z_out[2]  ; cordic_top:CORDIC|cordic_stage:pipeline_gen[18].stage_inst|z_out[2]                                     ; clk          ; clk         ; 0.000        ; 0.036      ; 0.396      ;
; 0.277 ; cordic_top:CORDIC|cordic_stage:pipeline_gen[2].stage_inst|valid_out  ; cordic_top:CORDIC|cordic_stage:pipeline_gen[3].stage_inst|valid_out                                     ; clk          ; clk         ; 0.000        ; 0.037      ; 0.398      ;
; 0.278 ; integrate_and_dump:sine_filter|sample_count[28]                      ; integrate_and_dump:sine_filter|N_sample[28]                                                             ; clk          ; clk         ; 0.000        ; 0.037      ; 0.399      ;
; 0.278 ; cordic_top:CORDIC|cordic_stage:pipeline_gen[4].stage_inst|valid_out  ; cordic_top:CORDIC|cordic_stage:pipeline_gen[5].stage_inst|valid_out                                     ; clk          ; clk         ; 0.000        ; 0.037      ; 0.399      ;
; 0.278 ; cordic_top:CORDIC|cordic_stage:pipeline_gen[19].stage_inst|valid_out ; cordic_top:CORDIC|cordic_stage:pipeline_gen[20].stage_inst|valid_out                                    ; clk          ; clk         ; 0.000        ; 0.036      ; 0.398      ;
; 0.279 ; integrate_and_dump:sine_filter|sample_count[30]                      ; integrate_and_dump:sine_filter|N_sample[30]                                                             ; clk          ; clk         ; 0.000        ; 0.037      ; 0.400      ;
; 0.280 ; cordic_top:CORDIC|cordic_stage:pipeline_gen[8].stage_inst|valid_out  ; cordic_top:CORDIC|cordic_stage:pipeline_gen[9].stage_inst|valid_out                                     ; clk          ; clk         ; 0.000        ; 0.036      ; 0.400      ;
; 0.281 ; cordic_top:CORDIC|cordic_stage:pipeline_gen[13].stage_inst|valid_out ; cordic_top:CORDIC|cordic_stage:pipeline_gen[14].stage_inst|valid_out                                    ; clk          ; clk         ; 0.000        ; 0.036      ; 0.401      ;
; 0.292 ; lut_sincos:dds|phase[6]                                              ; lut_sincos:dds|phase[6]                                                                                 ; clk          ; clk         ; 0.000        ; 0.037      ; 0.413      ;
; 0.292 ; lut_sincos:dds|phase[15]                                             ; lut_sincos:dds|phase[15]                                                                                ; clk          ; clk         ; 0.000        ; 0.037      ; 0.413      ;
; 0.292 ; lut_sincos:dds|phase[16]                                             ; lut_sincos:dds|phase[16]                                                                                ; clk          ; clk         ; 0.000        ; 0.037      ; 0.413      ;
; 0.292 ; integrate_and_dump:cosine_filter|accumlator[2]                       ; integrate_and_dump:cosine_filter|accumlator[2]                                                          ; clk          ; clk         ; 0.000        ; 0.037      ; 0.413      ;
; 0.293 ; lut_sincos:dds|phase[1]                                              ; lut_sincos:dds|phase[1]                                                                                 ; clk          ; clk         ; 0.000        ; 0.037      ; 0.414      ;
; 0.293 ; lut_sincos:dds|phase[2]                                              ; lut_sincos:dds|phase[2]                                                                                 ; clk          ; clk         ; 0.000        ; 0.037      ; 0.414      ;
; 0.293 ; lut_sincos:dds|phase[3]                                              ; lut_sincos:dds|phase[3]                                                                                 ; clk          ; clk         ; 0.000        ; 0.037      ; 0.414      ;
; 0.293 ; lut_sincos:dds|phase[4]                                              ; lut_sincos:dds|phase[4]                                                                                 ; clk          ; clk         ; 0.000        ; 0.037      ; 0.414      ;
; 0.293 ; lut_sincos:dds|phase[5]                                              ; lut_sincos:dds|phase[5]                                                                                 ; clk          ; clk         ; 0.000        ; 0.037      ; 0.414      ;
; 0.293 ; lut_sincos:dds|phase[8]                                              ; lut_sincos:dds|phase[8]                                                                                 ; clk          ; clk         ; 0.000        ; 0.037      ; 0.414      ;
; 0.293 ; lut_sincos:dds|phase[11]                                             ; lut_sincos:dds|phase[11]                                                                                ; clk          ; clk         ; 0.000        ; 0.037      ; 0.414      ;
; 0.293 ; lut_sincos:dds|phase[12]                                             ; lut_sincos:dds|phase[12]                                                                                ; clk          ; clk         ; 0.000        ; 0.037      ; 0.414      ;
; 0.293 ; lut_sincos:dds|phase[13]                                             ; lut_sincos:dds|phase[13]                                                                                ; clk          ; clk         ; 0.000        ; 0.037      ; 0.414      ;
; 0.293 ; lut_sincos:dds|phase[14]                                             ; lut_sincos:dds|phase[14]                                                                                ; clk          ; clk         ; 0.000        ; 0.037      ; 0.414      ;
; 0.293 ; lut_sincos:dds|phase[18]                                             ; lut_sincos:dds|phase[18]                                                                                ; clk          ; clk         ; 0.000        ; 0.037      ; 0.414      ;
; 0.293 ; lut_sincos:dds|phase[19]                                             ; lut_sincos:dds|phase[19]                                                                                ; clk          ; clk         ; 0.000        ; 0.037      ; 0.414      ;
; 0.293 ; lut_sincos:dds|phase[21]                                             ; lut_sincos:dds|phase[21]                                                                                ; clk          ; clk         ; 0.000        ; 0.037      ; 0.414      ;
; 0.293 ; integrate_and_dump:cosine_filter|accumlator[1]                       ; integrate_and_dump:cosine_filter|accumlator[1]                                                          ; clk          ; clk         ; 0.000        ; 0.037      ; 0.414      ;
; 0.293 ; integrate_and_dump:cosine_filter|accumlator[4]                       ; integrate_and_dump:cosine_filter|accumlator[4]                                                          ; clk          ; clk         ; 0.000        ; 0.037      ; 0.414      ;
; 0.293 ; integrate_and_dump:cosine_filter|accumlator[6]                       ; integrate_and_dump:cosine_filter|accumlator[6]                                                          ; clk          ; clk         ; 0.000        ; 0.037      ; 0.414      ;
; 0.293 ; integrate_and_dump:cosine_filter|accumlator[7]                       ; integrate_and_dump:cosine_filter|accumlator[7]                                                          ; clk          ; clk         ; 0.000        ; 0.037      ; 0.414      ;
; 0.293 ; integrate_and_dump:cosine_filter|accumlator[9]                       ; integrate_and_dump:cosine_filter|accumlator[9]                                                          ; clk          ; clk         ; 0.000        ; 0.037      ; 0.414      ;
; 0.293 ; integrate_and_dump:sine_filter|accumlator[1]                         ; integrate_and_dump:sine_filter|accumlator[1]                                                            ; clk          ; clk         ; 0.000        ; 0.037      ; 0.414      ;
; 0.293 ; integrate_and_dump:sine_filter|accumlator[4]                         ; integrate_and_dump:sine_filter|accumlator[4]                                                            ; clk          ; clk         ; 0.000        ; 0.037      ; 0.414      ;
; 0.293 ; integrate_and_dump:sine_filter|accumlator[6]                         ; integrate_and_dump:sine_filter|accumlator[6]                                                            ; clk          ; clk         ; 0.000        ; 0.037      ; 0.414      ;
; 0.293 ; integrate_and_dump:sine_filter|accumlator[7]                         ; integrate_and_dump:sine_filter|accumlator[7]                                                            ; clk          ; clk         ; 0.000        ; 0.037      ; 0.414      ;
; 0.293 ; integrate_and_dump:sine_filter|accumlator[8]                         ; integrate_and_dump:sine_filter|accumlator[8]                                                            ; clk          ; clk         ; 0.000        ; 0.037      ; 0.414      ;
; 0.294 ; lut_sincos:dds|phase[7]                                              ; lut_sincos:dds|phase[7]                                                                                 ; clk          ; clk         ; 0.000        ; 0.037      ; 0.415      ;
; 0.294 ; lut_sincos:dds|phase[9]                                              ; lut_sincos:dds|phase[9]                                                                                 ; clk          ; clk         ; 0.000        ; 0.037      ; 0.415      ;
; 0.294 ; lut_sincos:dds|phase[10]                                             ; lut_sincos:dds|phase[10]                                                                                ; clk          ; clk         ; 0.000        ; 0.037      ; 0.415      ;
; 0.294 ; lut_sincos:dds|phase[17]                                             ; lut_sincos:dds|phase[17]                                                                                ; clk          ; clk         ; 0.000        ; 0.037      ; 0.415      ;
; 0.294 ; lut_sincos:dds|phase[20]                                             ; lut_sincos:dds|phase[20]                                                                                ; clk          ; clk         ; 0.000        ; 0.037      ; 0.415      ;
; 0.294 ; integrate_and_dump:cosine_filter|accumlator[5]                       ; integrate_and_dump:cosine_filter|accumlator[5]                                                          ; clk          ; clk         ; 0.000        ; 0.037      ; 0.415      ;
; 0.294 ; integrate_and_dump:sine_filter|accumlator[3]                         ; integrate_and_dump:sine_filter|accumlator[3]                                                            ; clk          ; clk         ; 0.000        ; 0.037      ; 0.415      ;
; 0.294 ; integrate_and_dump:sine_filter|accumlator[5]                         ; integrate_and_dump:sine_filter|accumlator[5]                                                            ; clk          ; clk         ; 0.000        ; 0.037      ; 0.415      ;
; 0.298 ; lut_sincos:dds|phase[0]                                              ; lut_sincos:dds|phase[0]                                                                                 ; clk          ; clk         ; 0.000        ; 0.037      ; 0.419      ;
; 0.299 ; integrate_and_dump:sine_filter|accumlator[0]                         ; integrate_and_dump:sine_filter|accumlator[0]                                                            ; clk          ; clk         ; 0.000        ; 0.037      ; 0.420      ;
; 0.302 ; integrate_and_dump:sine_filter|sample_count[15]                      ; integrate_and_dump:sine_filter|sample_count[15]                                                         ; clk          ; clk         ; 0.000        ; 0.037      ; 0.423      ;
; 0.303 ; frequency_tracker_sync:comb_3|period_cnt[15]                         ; frequency_tracker_sync:comb_3|period_cnt[15]                                                            ; clk          ; clk         ; 0.000        ; 0.036      ; 0.423      ;
; 0.303 ; lut_sincos:dds|phase[31]                                             ; lut_sincos:dds|phase[31]                                                                                ; clk          ; clk         ; 0.000        ; 0.037      ; 0.424      ;
; 0.303 ; integrate_and_dump:sine_filter|sample_count[3]                       ; integrate_and_dump:sine_filter|sample_count[3]                                                          ; clk          ; clk         ; 0.000        ; 0.037      ; 0.424      ;
; 0.303 ; integrate_and_dump:sine_filter|sample_count[5]                       ; integrate_and_dump:sine_filter|sample_count[5]                                                          ; clk          ; clk         ; 0.000        ; 0.037      ; 0.424      ;
; 0.303 ; integrate_and_dump:sine_filter|sample_count[13]                      ; integrate_and_dump:sine_filter|sample_count[13]                                                         ; clk          ; clk         ; 0.000        ; 0.037      ; 0.424      ;
; 0.303 ; integrate_and_dump:sine_filter|sample_count[31]                      ; integrate_and_dump:sine_filter|sample_count[31]                                                         ; clk          ; clk         ; 0.000        ; 0.037      ; 0.424      ;
; 0.303 ; integrate_and_dump:cosine_filter|accumlator[11]                      ; integrate_and_dump:cosine_filter|accumlator[11]                                                         ; clk          ; clk         ; 0.000        ; 0.037      ; 0.424      ;
; 0.303 ; integrate_and_dump:cosine_filter|accumlator[12]                      ; integrate_and_dump:cosine_filter|accumlator[12]                                                         ; clk          ; clk         ; 0.000        ; 0.037      ; 0.424      ;
; 0.303 ; integrate_and_dump:cosine_filter|accumlator[18]                      ; integrate_and_dump:cosine_filter|accumlator[18]                                                         ; clk          ; clk         ; 0.000        ; 0.037      ; 0.424      ;
; 0.303 ; integrate_and_dump:sine_filter|accumlator[11]                        ; integrate_and_dump:sine_filter|accumlator[11]                                                           ; clk          ; clk         ; 0.000        ; 0.037      ; 0.424      ;
+-------+----------------------------------------------------------------------+---------------------------------------------------------------------------------------------------------+--------------+-------------+--------------+------------+------------+


+----------------------------------------------------------------------------------------------------------------------------------------------------------------------------------------+
; Fast 1200mV 0C Model Minimum Pulse Width: 'clk'                                                                                                                                        ;
+-------+--------------+----------------+-----------------+-------+------------+---------------------------------------------------------------------------------------------------------+
; Slack ; Actual Width ; Required Width ; Type            ; Clock ; Clock Edge ; Target                                                                                                  ;
+-------+--------------+----------------+-----------------+-------+------------+---------------------------------------------------------------------------------------------------------+
; 9.378 ; 9.608        ; 0.230          ; Low Pulse Width ; clk   ; Rise       ; lut_sincos:dds|altsyncram:sine_lut_rtl_0|altsyncram_1sq1:auto_generated|ram_block1a0~porta_address_reg0 ;
; 9.378 ; 9.608        ; 0.230          ; Low Pulse Width ; clk   ; Rise       ; lut_sincos:dds|altsyncram:sine_lut_rtl_0|altsyncram_1sq1:auto_generated|ram_block1a9~porta_address_reg0 ;
; 9.379 ; 9.609        ; 0.230          ; Low Pulse Width ; clk   ; Rise       ; lut_sincos:dds|altsyncram:sine_lut_rtl_0|altsyncram_1sq1:auto_generated|ram_block1a0~portb_address_reg0 ;
; 9.379 ; 9.609        ; 0.230          ; Low Pulse Width ; clk   ; Rise       ; lut_sincos:dds|altsyncram:sine_lut_rtl_0|altsyncram_1sq1:auto_generated|ram_block1a9~portb_address_reg0 ;
; 9.418 ; 9.597        ; 0.179          ; Low Pulse Width ; clk   ; Rise       ; multiplier:cosine_mix|product[0]                                                                        ;
; 9.418 ; 9.597        ; 0.179          ; Low Pulse Width ; clk   ; Rise       ; multiplier:cosine_mix|product[10]                                                                       ;
; 9.418 ; 9.597        ; 0.179          ; Low Pulse Width ; clk   ; Rise       ; multiplier:cosine_mix|product[11]                                                                       ;
; 9.418 ; 9.597        ; 0.179          ; Low Pulse Width ; clk   ; Rise       ; multiplier:cosine_mix|product[12]                                                                       ;
; 9.418 ; 9.597        ; 0.179          ; Low Pulse Width ; clk   ; Rise       ; multiplier:cosine_mix|product[13]                                                                       ;
; 9.418 ; 9.597        ; 0.179          ; Low Pulse Width ; clk   ; Rise       ; multiplier:cosine_mix|product[14]                                                                       ;
; 9.418 ; 9.597        ; 0.179          ; Low Pulse Width ; clk   ; Rise       ; multiplier:cosine_mix|product[15]                                                                       ;
; 9.418 ; 9.597        ; 0.179          ; Low Pulse Width ; clk   ; Rise       ; multiplier:cosine_mix|product[16]                                                                       ;
; 9.418 ; 9.597        ; 0.179          ; Low Pulse Width ; clk   ; Rise       ; multiplier:cosine_mix|product[17]                                                                       ;
; 9.418 ; 9.597        ; 0.179          ; Low Pulse Width ; clk   ; Rise       ; multiplier:cosine_mix|product[18]                                                                       ;
; 9.418 ; 9.597        ; 0.179          ; Low Pulse Width ; clk   ; Rise       ; multiplier:cosine_mix|product[19]                                                                       ;
; 9.418 ; 9.597        ; 0.179          ; Low Pulse Width ; clk   ; Rise       ; multiplier:cosine_mix|product[1]                                                                        ;
; 9.418 ; 9.597        ; 0.179          ; Low Pulse Width ; clk   ; Rise       ; multiplier:cosine_mix|product[20]                                                                       ;
; 9.418 ; 9.597        ; 0.179          ; Low Pulse Width ; clk   ; Rise       ; multiplier:cosine_mix|product[21]                                                                       ;
; 9.418 ; 9.597        ; 0.179          ; Low Pulse Width ; clk   ; Rise       ; multiplier:cosine_mix|product[22]                                                                       ;
; 9.418 ; 9.597        ; 0.179          ; Low Pulse Width ; clk   ; Rise       ; multiplier:cosine_mix|product[23]                                                                       ;
; 9.418 ; 9.597        ; 0.179          ; Low Pulse Width ; clk   ; Rise       ; multiplier:cosine_mix|product[2]                                                                        ;
; 9.418 ; 9.597        ; 0.179          ; Low Pulse Width ; clk   ; Rise       ; multiplier:cosine_mix|product[3]                                                                        ;
; 9.418 ; 9.597        ; 0.179          ; Low Pulse Width ; clk   ; Rise       ; multiplier:cosine_mix|product[4]                                                                        ;
; 9.418 ; 9.597        ; 0.179          ; Low Pulse Width ; clk   ; Rise       ; multiplier:cosine_mix|product[5]                                                                        ;
; 9.418 ; 9.597        ; 0.179          ; Low Pulse Width ; clk   ; Rise       ; multiplier:cosine_mix|product[6]                                                                        ;
; 9.418 ; 9.597        ; 0.179          ; Low Pulse Width ; clk   ; Rise       ; multiplier:cosine_mix|product[7]                                                                        ;
; 9.418 ; 9.597        ; 0.179          ; Low Pulse Width ; clk   ; Rise       ; multiplier:cosine_mix|product[8]                                                                        ;
; 9.418 ; 9.597        ; 0.179          ; Low Pulse Width ; clk   ; Rise       ; multiplier:cosine_mix|product[9]                                                                        ;
; 9.418 ; 9.597        ; 0.179          ; Low Pulse Width ; clk   ; Rise       ; multiplier:sine_mix|product[0]                                                                          ;
; 9.418 ; 9.597        ; 0.179          ; Low Pulse Width ; clk   ; Rise       ; multiplier:sine_mix|product[10]                                                                         ;
; 9.418 ; 9.597        ; 0.179          ; Low Pulse Width ; clk   ; Rise       ; multiplier:sine_mix|product[11]                                                                         ;
; 9.418 ; 9.597        ; 0.179          ; Low Pulse Width ; clk   ; Rise       ; multiplier:sine_mix|product[12]                                                                         ;
; 9.418 ; 9.597        ; 0.179          ; Low Pulse Width ; clk   ; Rise       ; multiplier:sine_mix|product[13]                                                                         ;
; 9.418 ; 9.597        ; 0.179          ; Low Pulse Width ; clk   ; Rise       ; multiplier:sine_mix|product[14]                                                                         ;
; 9.418 ; 9.597        ; 0.179          ; Low Pulse Width ; clk   ; Rise       ; multiplier:sine_mix|product[15]                                                                         ;
; 9.418 ; 9.597        ; 0.179          ; Low Pulse Width ; clk   ; Rise       ; multiplier:sine_mix|product[16]                                                                         ;
; 9.418 ; 9.597        ; 0.179          ; Low Pulse Width ; clk   ; Rise       ; multiplier:sine_mix|product[17]                                                                         ;
; 9.418 ; 9.597        ; 0.179          ; Low Pulse Width ; clk   ; Rise       ; multiplier:sine_mix|product[18]                                                                         ;
; 9.418 ; 9.597        ; 0.179          ; Low Pulse Width ; clk   ; Rise       ; multiplier:sine_mix|product[19]                                                                         ;
; 9.418 ; 9.597        ; 0.179          ; Low Pulse Width ; clk   ; Rise       ; multiplier:sine_mix|product[1]                                                                          ;
; 9.418 ; 9.597        ; 0.179          ; Low Pulse Width ; clk   ; Rise       ; multiplier:sine_mix|product[20]                                                                         ;
; 9.418 ; 9.597        ; 0.179          ; Low Pulse Width ; clk   ; Rise       ; multiplier:sine_mix|product[21]                                                                         ;
; 9.418 ; 9.597        ; 0.179          ; Low Pulse Width ; clk   ; Rise       ; multiplier:sine_mix|product[22]                                                                         ;
; 9.418 ; 9.597        ; 0.179          ; Low Pulse Width ; clk   ; Rise       ; multiplier:sine_mix|product[23]                                                                         ;
; 9.418 ; 9.597        ; 0.179          ; Low Pulse Width ; clk   ; Rise       ; multiplier:sine_mix|product[2]                                                                          ;
; 9.418 ; 9.597        ; 0.179          ; Low Pulse Width ; clk   ; Rise       ; multiplier:sine_mix|product[3]                                                                          ;
; 9.418 ; 9.597        ; 0.179          ; Low Pulse Width ; clk   ; Rise       ; multiplier:sine_mix|product[4]                                                                          ;
; 9.418 ; 9.597        ; 0.179          ; Low Pulse Width ; clk   ; Rise       ; multiplier:sine_mix|product[5]                                                                          ;
; 9.418 ; 9.597        ; 0.179          ; Low Pulse Width ; clk   ; Rise       ; multiplier:sine_mix|product[6]                                                                          ;
; 9.418 ; 9.597        ; 0.179          ; Low Pulse Width ; clk   ; Rise       ; multiplier:sine_mix|product[7]                                                                          ;
; 9.418 ; 9.597        ; 0.179          ; Low Pulse Width ; clk   ; Rise       ; multiplier:sine_mix|product[8]                                                                          ;
; 9.418 ; 9.597        ; 0.179          ; Low Pulse Width ; clk   ; Rise       ; multiplier:sine_mix|product[9]                                                                          ;
; 9.442 ; 9.626        ; 0.184          ; Low Pulse Width ; clk   ; Rise       ; cordic_top:CORDIC|cordic_stage:pipeline_gen[0].stage_inst|y_out[23]                                     ;
; 9.442 ; 9.626        ; 0.184          ; Low Pulse Width ; clk   ; Rise       ; cordic_top:CORDIC|cordic_stage:pipeline_gen[0].stage_inst|y_out[24]                                     ;
; 9.442 ; 9.626        ; 0.184          ; Low Pulse Width ; clk   ; Rise       ; cordic_top:CORDIC|cordic_stage:pipeline_gen[0].stage_inst|y_out[25]                                     ;
; 9.442 ; 9.626        ; 0.184          ; Low Pulse Width ; clk   ; Rise       ; cordic_top:CORDIC|cordic_stage:pipeline_gen[0].stage_inst|y_out[26]                                     ;
; 9.442 ; 9.626        ; 0.184          ; Low Pulse Width ; clk   ; Rise       ; cordic_top:CORDIC|cordic_stage:pipeline_gen[0].stage_inst|y_out[27]                                     ;
; 9.442 ; 9.626        ; 0.184          ; Low Pulse Width ; clk   ; Rise       ; cordic_top:CORDIC|cordic_stage:pipeline_gen[0].stage_inst|y_out[28]                                     ;
; 9.442 ; 9.626        ; 0.184          ; Low Pulse Width ; clk   ; Rise       ; cordic_top:CORDIC|cordic_stage:pipeline_gen[0].stage_inst|y_out[29]                                     ;
; 9.442 ; 9.626        ; 0.184          ; Low Pulse Width ; clk   ; Rise       ; cordic_top:CORDIC|cordic_stage:pipeline_gen[0].stage_inst|y_out[30]                                     ;
; 9.442 ; 9.626        ; 0.184          ; Low Pulse Width ; clk   ; Rise       ; cordic_top:CORDIC|cordic_stage:pipeline_gen[0].stage_inst|y_out[31]                                     ;
; 9.442 ; 9.626        ; 0.184          ; Low Pulse Width ; clk   ; Rise       ; cordic_top:CORDIC|cordic_stage:pipeline_gen[10].stage_inst|valid_out                                    ;
; 9.442 ; 9.626        ; 0.184          ; Low Pulse Width ; clk   ; Rise       ; cordic_top:CORDIC|cordic_stage:pipeline_gen[10].stage_inst|y_out[10]                                    ;
; 9.442 ; 9.626        ; 0.184          ; Low Pulse Width ; clk   ; Rise       ; cordic_top:CORDIC|cordic_stage:pipeline_gen[10].stage_inst|y_out[11]                                    ;
; 9.442 ; 9.626        ; 0.184          ; Low Pulse Width ; clk   ; Rise       ; cordic_top:CORDIC|cordic_stage:pipeline_gen[10].stage_inst|y_out[12]                                    ;
; 9.442 ; 9.626        ; 0.184          ; Low Pulse Width ; clk   ; Rise       ; cordic_top:CORDIC|cordic_stage:pipeline_gen[10].stage_inst|y_out[13]                                    ;
; 9.442 ; 9.626        ; 0.184          ; Low Pulse Width ; clk   ; Rise       ; cordic_top:CORDIC|cordic_stage:pipeline_gen[10].stage_inst|y_out[14]                                    ;
; 9.442 ; 9.626        ; 0.184          ; Low Pulse Width ; clk   ; Rise       ; cordic_top:CORDIC|cordic_stage:pipeline_gen[10].stage_inst|y_out[15]                                    ;
; 9.442 ; 9.626        ; 0.184          ; Low Pulse Width ; clk   ; Rise       ; cordic_top:CORDIC|cordic_stage:pipeline_gen[10].stage_inst|y_out[16]                                    ;
; 9.442 ; 9.626        ; 0.184          ; Low Pulse Width ; clk   ; Rise       ; cordic_top:CORDIC|cordic_stage:pipeline_gen[10].stage_inst|y_out[17]                                    ;
; 9.442 ; 9.626        ; 0.184          ; Low Pulse Width ; clk   ; Rise       ; cordic_top:CORDIC|cordic_stage:pipeline_gen[10].stage_inst|y_out[18]                                    ;
; 9.442 ; 9.626        ; 0.184          ; Low Pulse Width ; clk   ; Rise       ; cordic_top:CORDIC|cordic_stage:pipeline_gen[10].stage_inst|y_out[19]                                    ;
; 9.442 ; 9.626        ; 0.184          ; Low Pulse Width ; clk   ; Rise       ; cordic_top:CORDIC|cordic_stage:pipeline_gen[10].stage_inst|y_out[20]                                    ;
; 9.442 ; 9.626        ; 0.184          ; Low Pulse Width ; clk   ; Rise       ; cordic_top:CORDIC|cordic_stage:pipeline_gen[10].stage_inst|y_out[21]                                    ;
; 9.442 ; 9.626        ; 0.184          ; Low Pulse Width ; clk   ; Rise       ; cordic_top:CORDIC|cordic_stage:pipeline_gen[10].stage_inst|y_out[22]                                    ;
; 9.442 ; 9.626        ; 0.184          ; Low Pulse Width ; clk   ; Rise       ; cordic_top:CORDIC|cordic_stage:pipeline_gen[10].stage_inst|y_out[23]                                    ;
; 9.442 ; 9.626        ; 0.184          ; Low Pulse Width ; clk   ; Rise       ; cordic_top:CORDIC|cordic_stage:pipeline_gen[10].stage_inst|y_out[24]                                    ;
; 9.442 ; 9.626        ; 0.184          ; Low Pulse Width ; clk   ; Rise       ; cordic_top:CORDIC|cordic_stage:pipeline_gen[10].stage_inst|y_out[25]                                    ;
; 9.442 ; 9.626        ; 0.184          ; Low Pulse Width ; clk   ; Rise       ; cordic_top:CORDIC|cordic_stage:pipeline_gen[10].stage_inst|y_out[26]                                    ;
; 9.442 ; 9.626        ; 0.184          ; Low Pulse Width ; clk   ; Rise       ; cordic_top:CORDIC|cordic_stage:pipeline_gen[10].stage_inst|y_out[27]                                    ;
; 9.442 ; 9.626        ; 0.184          ; Low Pulse Width ; clk   ; Rise       ; cordic_top:CORDIC|cordic_stage:pipeline_gen[10].stage_inst|y_out[28]                                    ;
; 9.442 ; 9.626        ; 0.184          ; Low Pulse Width ; clk   ; Rise       ; cordic_top:CORDIC|cordic_stage:pipeline_gen[10].stage_inst|y_out[29]                                    ;
; 9.442 ; 9.626        ; 0.184          ; Low Pulse Width ; clk   ; Rise       ; cordic_top:CORDIC|cordic_stage:pipeline_gen[10].stage_inst|y_out[30]                                    ;
; 9.442 ; 9.626        ; 0.184          ; Low Pulse Width ; clk   ; Rise       ; cordic_top:CORDIC|cordic_stage:pipeline_gen[10].stage_inst|y_out[31]                                    ;
; 9.442 ; 9.626        ; 0.184          ; Low Pulse Width ; clk   ; Rise       ; cordic_top:CORDIC|cordic_stage:pipeline_gen[10].stage_inst|y_out[7]                                     ;
; 9.442 ; 9.626        ; 0.184          ; Low Pulse Width ; clk   ; Rise       ; cordic_top:CORDIC|cordic_stage:pipeline_gen[10].stage_inst|y_out[8]                                     ;
; 9.442 ; 9.626        ; 0.184          ; Low Pulse Width ; clk   ; Rise       ; cordic_top:CORDIC|cordic_stage:pipeline_gen[10].stage_inst|y_out[9]                                     ;
; 9.442 ; 9.626        ; 0.184          ; Low Pulse Width ; clk   ; Rise       ; cordic_top:CORDIC|cordic_stage:pipeline_gen[10].stage_inst|z_out[10]                                    ;
; 9.442 ; 9.626        ; 0.184          ; Low Pulse Width ; clk   ; Rise       ; cordic_top:CORDIC|cordic_stage:pipeline_gen[10].stage_inst|z_out[11]                                    ;
; 9.442 ; 9.626        ; 0.184          ; Low Pulse Width ; clk   ; Rise       ; cordic_top:CORDIC|cordic_stage:pipeline_gen[10].stage_inst|z_out[12]                                    ;
; 9.442 ; 9.626        ; 0.184          ; Low Pulse Width ; clk   ; Rise       ; cordic_top:CORDIC|cordic_stage:pipeline_gen[10].stage_inst|z_out[13]                                    ;
; 9.442 ; 9.626        ; 0.184          ; Low Pulse Width ; clk   ; Rise       ; cordic_top:CORDIC|cordic_stage:pipeline_gen[10].stage_inst|z_out[14]                                    ;
; 9.442 ; 9.626        ; 0.184          ; Low Pulse Width ; clk   ; Rise       ; cordic_top:CORDIC|cordic_stage:pipeline_gen[10].stage_inst|z_out[15]                                    ;
; 9.442 ; 9.626        ; 0.184          ; Low Pulse Width ; clk   ; Rise       ; cordic_top:CORDIC|cordic_stage:pipeline_gen[10].stage_inst|z_out[16]                                    ;
; 9.442 ; 9.626        ; 0.184          ; Low Pulse Width ; clk   ; Rise       ; cordic_top:CORDIC|cordic_stage:pipeline_gen[10].stage_inst|z_out[17]                                    ;
; 9.442 ; 9.626        ; 0.184          ; Low Pulse Width ; clk   ; Rise       ; cordic_top:CORDIC|cordic_stage:pipeline_gen[10].stage_inst|z_out[18]                                    ;
; 9.442 ; 9.626        ; 0.184          ; Low Pulse Width ; clk   ; Rise       ; cordic_top:CORDIC|cordic_stage:pipeline_gen[10].stage_inst|z_out[19]                                    ;
; 9.442 ; 9.626        ; 0.184          ; Low Pulse Width ; clk   ; Rise       ; cordic_top:CORDIC|cordic_stage:pipeline_gen[10].stage_inst|z_out[1]                                     ;
; 9.442 ; 9.626        ; 0.184          ; Low Pulse Width ; clk   ; Rise       ; cordic_top:CORDIC|cordic_stage:pipeline_gen[10].stage_inst|z_out[20]                                    ;
; 9.442 ; 9.626        ; 0.184          ; Low Pulse Width ; clk   ; Rise       ; cordic_top:CORDIC|cordic_stage:pipeline_gen[10].stage_inst|z_out[21]                                    ;
+-------+--------------+----------------+-----------------+-------+------------+---------------------------------------------------------------------------------------------------------+


+-----------------------------------------------------------------------------------------------------------------------------------------------------------------------------------------------------+
; Fast 1200mV 0C Model Minimum Pulse Width: 'p_ll|altpll_component|auto_generated|pll1|clk[0]'                                                                                                        ;
+---------+--------------+----------------+------------------+--------------------------------------------------+------------+------------------------------------------------------------------------+
; Slack   ; Actual Width ; Required Width ; Type             ; Clock                                            ; Clock Edge ; Target                                                                 ;
+---------+--------------+----------------+------------------+--------------------------------------------------+------------+------------------------------------------------------------------------+
; 156.024 ; 156.240      ; 0.216          ; High Pulse Width ; p_ll|altpll_component|auto_generated|pll1|clk[0] ; Fall       ; spi_interface:afe|din                                                  ;
; 156.032 ; 156.248      ; 0.216          ; High Pulse Width ; p_ll|altpll_component|auto_generated|pll1|clk[0] ; Rise       ; spi_interface:afe|clock_out                                            ;
; 156.032 ; 156.248      ; 0.216          ; High Pulse Width ; p_ll|altpll_component|auto_generated|pll1|clk[0] ; Rise       ; spi_interface:afe|data_temp[10]                                        ;
; 156.032 ; 156.248      ; 0.216          ; High Pulse Width ; p_ll|altpll_component|auto_generated|pll1|clk[0] ; Rise       ; spi_interface:afe|data_temp[11]                                        ;
; 156.032 ; 156.248      ; 0.216          ; High Pulse Width ; p_ll|altpll_component|auto_generated|pll1|clk[0] ; Rise       ; spi_interface:afe|data_temp[4]                                         ;
; 156.032 ; 156.248      ; 0.216          ; High Pulse Width ; p_ll|altpll_component|auto_generated|pll1|clk[0] ; Rise       ; spi_interface:afe|data_temp[5]                                         ;
; 156.032 ; 156.248      ; 0.216          ; High Pulse Width ; p_ll|altpll_component|auto_generated|pll1|clk[0] ; Rise       ; spi_interface:afe|data_temp[6]                                         ;
; 156.032 ; 156.248      ; 0.216          ; High Pulse Width ; p_ll|altpll_component|auto_generated|pll1|clk[0] ; Rise       ; spi_interface:afe|data_temp[7]                                         ;
; 156.032 ; 156.248      ; 0.216          ; High Pulse Width ; p_ll|altpll_component|auto_generated|pll1|clk[0] ; Rise       ; spi_interface:afe|data_temp[8]                                         ;
; 156.032 ; 156.248      ; 0.216          ; High Pulse Width ; p_ll|altpll_component|auto_generated|pll1|clk[0] ; Rise       ; spi_interface:afe|data_temp[9]                                         ;
; 156.032 ; 156.248      ; 0.216          ; High Pulse Width ; p_ll|altpll_component|auto_generated|pll1|clk[0] ; Rise       ; spi_interface:afe|dataout_slow[0]                                      ;
; 156.032 ; 156.248      ; 0.216          ; High Pulse Width ; p_ll|altpll_component|auto_generated|pll1|clk[0] ; Rise       ; spi_interface:afe|dataout_slow[10]                                     ;
; 156.032 ; 156.248      ; 0.216          ; High Pulse Width ; p_ll|altpll_component|auto_generated|pll1|clk[0] ; Rise       ; spi_interface:afe|dataout_slow[11]                                     ;
; 156.032 ; 156.248      ; 0.216          ; High Pulse Width ; p_ll|altpll_component|auto_generated|pll1|clk[0] ; Rise       ; spi_interface:afe|dataout_slow[1]                                      ;
; 156.032 ; 156.248      ; 0.216          ; High Pulse Width ; p_ll|altpll_component|auto_generated|pll1|clk[0] ; Rise       ; spi_interface:afe|dataout_slow[2]                                      ;
; 156.032 ; 156.248      ; 0.216          ; High Pulse Width ; p_ll|altpll_component|auto_generated|pll1|clk[0] ; Rise       ; spi_interface:afe|dataout_slow[3]                                      ;
; 156.032 ; 156.248      ; 0.216          ; High Pulse Width ; p_ll|altpll_component|auto_generated|pll1|clk[0] ; Rise       ; spi_interface:afe|dataout_slow[4]                                      ;
; 156.032 ; 156.248      ; 0.216          ; High Pulse Width ; p_ll|altpll_component|auto_generated|pll1|clk[0] ; Rise       ; spi_interface:afe|dataout_slow[5]                                      ;
; 156.032 ; 156.248      ; 0.216          ; High Pulse Width ; p_ll|altpll_component|auto_generated|pll1|clk[0] ; Rise       ; spi_interface:afe|dataout_slow[6]                                      ;
; 156.032 ; 156.248      ; 0.216          ; High Pulse Width ; p_ll|altpll_component|auto_generated|pll1|clk[0] ; Rise       ; spi_interface:afe|dataout_slow[7]                                      ;
; 156.032 ; 156.248      ; 0.216          ; High Pulse Width ; p_ll|altpll_component|auto_generated|pll1|clk[0] ; Rise       ; spi_interface:afe|dataout_slow[8]                                      ;
; 156.032 ; 156.248      ; 0.216          ; High Pulse Width ; p_ll|altpll_component|auto_generated|pll1|clk[0] ; Rise       ; spi_interface:afe|dataout_slow[9]                                      ;
; 156.033 ; 156.249      ; 0.216          ; High Pulse Width ; p_ll|altpll_component|auto_generated|pll1|clk[0] ; Rise       ; spi_interface:afe|count[0]                                             ;
; 156.033 ; 156.249      ; 0.216          ; High Pulse Width ; p_ll|altpll_component|auto_generated|pll1|clk[0] ; Rise       ; spi_interface:afe|count[1]                                             ;
; 156.033 ; 156.249      ; 0.216          ; High Pulse Width ; p_ll|altpll_component|auto_generated|pll1|clk[0] ; Rise       ; spi_interface:afe|count[2]                                             ;
; 156.033 ; 156.249      ; 0.216          ; High Pulse Width ; p_ll|altpll_component|auto_generated|pll1|clk[0] ; Rise       ; spi_interface:afe|count[3]                                             ;
; 156.033 ; 156.249      ; 0.216          ; High Pulse Width ; p_ll|altpll_component|auto_generated|pll1|clk[0] ; Rise       ; spi_interface:afe|cs                                                   ;
; 156.033 ; 156.249      ; 0.216          ; High Pulse Width ; p_ll|altpll_component|auto_generated|pll1|clk[0] ; Rise       ; spi_interface:afe|data_temp[1]                                         ;
; 156.033 ; 156.249      ; 0.216          ; High Pulse Width ; p_ll|altpll_component|auto_generated|pll1|clk[0] ; Rise       ; spi_interface:afe|data_temp[2]                                         ;
; 156.033 ; 156.249      ; 0.216          ; High Pulse Width ; p_ll|altpll_component|auto_generated|pll1|clk[0] ; Rise       ; spi_interface:afe|data_temp[3]                                         ;
; 156.033 ; 156.249      ; 0.216          ; High Pulse Width ; p_ll|altpll_component|auto_generated|pll1|clk[0] ; Rise       ; spi_interface:afe|idle_state                                           ;
; 156.033 ; 156.249      ; 0.216          ; High Pulse Width ; p_ll|altpll_component|auto_generated|pll1|clk[0] ; Rise       ; spi_interface:afe|valid_slow                                           ;
; 156.066 ; 156.250      ; 0.184          ; Low Pulse Width  ; p_ll|altpll_component|auto_generated|pll1|clk[0] ; Rise       ; spi_interface:afe|data_temp[10]                                        ;
; 156.066 ; 156.250      ; 0.184          ; Low Pulse Width  ; p_ll|altpll_component|auto_generated|pll1|clk[0] ; Rise       ; spi_interface:afe|data_temp[11]                                        ;
; 156.066 ; 156.250      ; 0.184          ; Low Pulse Width  ; p_ll|altpll_component|auto_generated|pll1|clk[0] ; Rise       ; spi_interface:afe|data_temp[4]                                         ;
; 156.066 ; 156.250      ; 0.184          ; Low Pulse Width  ; p_ll|altpll_component|auto_generated|pll1|clk[0] ; Rise       ; spi_interface:afe|data_temp[5]                                         ;
; 156.066 ; 156.250      ; 0.184          ; Low Pulse Width  ; p_ll|altpll_component|auto_generated|pll1|clk[0] ; Rise       ; spi_interface:afe|data_temp[7]                                         ;
; 156.066 ; 156.250      ; 0.184          ; Low Pulse Width  ; p_ll|altpll_component|auto_generated|pll1|clk[0] ; Rise       ; spi_interface:afe|data_temp[8]                                         ;
; 156.066 ; 156.250      ; 0.184          ; Low Pulse Width  ; p_ll|altpll_component|auto_generated|pll1|clk[0] ; Rise       ; spi_interface:afe|data_temp[9]                                         ;
; 156.066 ; 156.250      ; 0.184          ; Low Pulse Width  ; p_ll|altpll_component|auto_generated|pll1|clk[0] ; Rise       ; spi_interface:afe|dataout_slow[0]                                      ;
; 156.066 ; 156.250      ; 0.184          ; Low Pulse Width  ; p_ll|altpll_component|auto_generated|pll1|clk[0] ; Rise       ; spi_interface:afe|dataout_slow[11]                                     ;
; 156.066 ; 156.250      ; 0.184          ; Low Pulse Width  ; p_ll|altpll_component|auto_generated|pll1|clk[0] ; Rise       ; spi_interface:afe|dataout_slow[1]                                      ;
; 156.066 ; 156.250      ; 0.184          ; Low Pulse Width  ; p_ll|altpll_component|auto_generated|pll1|clk[0] ; Rise       ; spi_interface:afe|dataout_slow[2]                                      ;
; 156.066 ; 156.250      ; 0.184          ; Low Pulse Width  ; p_ll|altpll_component|auto_generated|pll1|clk[0] ; Rise       ; spi_interface:afe|dataout_slow[3]                                      ;
; 156.066 ; 156.250      ; 0.184          ; Low Pulse Width  ; p_ll|altpll_component|auto_generated|pll1|clk[0] ; Rise       ; spi_interface:afe|dataout_slow[4]                                      ;
; 156.066 ; 156.250      ; 0.184          ; Low Pulse Width  ; p_ll|altpll_component|auto_generated|pll1|clk[0] ; Rise       ; spi_interface:afe|dataout_slow[5]                                      ;
; 156.066 ; 156.250      ; 0.184          ; Low Pulse Width  ; p_ll|altpll_component|auto_generated|pll1|clk[0] ; Rise       ; spi_interface:afe|dataout_slow[6]                                      ;
; 156.067 ; 156.251      ; 0.184          ; Low Pulse Width  ; p_ll|altpll_component|auto_generated|pll1|clk[0] ; Rise       ; spi_interface:afe|clock_out                                            ;
; 156.067 ; 156.251      ; 0.184          ; Low Pulse Width  ; p_ll|altpll_component|auto_generated|pll1|clk[0] ; Rise       ; spi_interface:afe|count[0]                                             ;
; 156.067 ; 156.251      ; 0.184          ; Low Pulse Width  ; p_ll|altpll_component|auto_generated|pll1|clk[0] ; Rise       ; spi_interface:afe|count[1]                                             ;
; 156.067 ; 156.251      ; 0.184          ; Low Pulse Width  ; p_ll|altpll_component|auto_generated|pll1|clk[0] ; Rise       ; spi_interface:afe|count[2]                                             ;
; 156.067 ; 156.251      ; 0.184          ; Low Pulse Width  ; p_ll|altpll_component|auto_generated|pll1|clk[0] ; Rise       ; spi_interface:afe|count[3]                                             ;
; 156.067 ; 156.251      ; 0.184          ; Low Pulse Width  ; p_ll|altpll_component|auto_generated|pll1|clk[0] ; Rise       ; spi_interface:afe|cs                                                   ;
; 156.067 ; 156.251      ; 0.184          ; Low Pulse Width  ; p_ll|altpll_component|auto_generated|pll1|clk[0] ; Rise       ; spi_interface:afe|data_temp[1]                                         ;
; 156.067 ; 156.251      ; 0.184          ; Low Pulse Width  ; p_ll|altpll_component|auto_generated|pll1|clk[0] ; Rise       ; spi_interface:afe|data_temp[2]                                         ;
; 156.067 ; 156.251      ; 0.184          ; Low Pulse Width  ; p_ll|altpll_component|auto_generated|pll1|clk[0] ; Rise       ; spi_interface:afe|data_temp[3]                                         ;
; 156.067 ; 156.251      ; 0.184          ; Low Pulse Width  ; p_ll|altpll_component|auto_generated|pll1|clk[0] ; Rise       ; spi_interface:afe|data_temp[6]                                         ;
; 156.067 ; 156.251      ; 0.184          ; Low Pulse Width  ; p_ll|altpll_component|auto_generated|pll1|clk[0] ; Rise       ; spi_interface:afe|dataout_slow[10]                                     ;
; 156.067 ; 156.251      ; 0.184          ; Low Pulse Width  ; p_ll|altpll_component|auto_generated|pll1|clk[0] ; Rise       ; spi_interface:afe|dataout_slow[7]                                      ;
; 156.067 ; 156.251      ; 0.184          ; Low Pulse Width  ; p_ll|altpll_component|auto_generated|pll1|clk[0] ; Rise       ; spi_interface:afe|dataout_slow[8]                                      ;
; 156.067 ; 156.251      ; 0.184          ; Low Pulse Width  ; p_ll|altpll_component|auto_generated|pll1|clk[0] ; Rise       ; spi_interface:afe|dataout_slow[9]                                      ;
; 156.067 ; 156.251      ; 0.184          ; Low Pulse Width  ; p_ll|altpll_component|auto_generated|pll1|clk[0] ; Rise       ; spi_interface:afe|idle_state                                           ;
; 156.067 ; 156.251      ; 0.184          ; Low Pulse Width  ; p_ll|altpll_component|auto_generated|pll1|clk[0] ; Rise       ; spi_interface:afe|valid_slow                                           ;
; 156.075 ; 156.259      ; 0.184          ; Low Pulse Width  ; p_ll|altpll_component|auto_generated|pll1|clk[0] ; Fall       ; spi_interface:afe|din                                                  ;
; 156.245 ; 156.245      ; 0.000          ; Low Pulse Width  ; p_ll|altpll_component|auto_generated|pll1|clk[0] ; Rise       ; afe|count[0]|clk                                                       ;
; 156.245 ; 156.245      ; 0.000          ; Low Pulse Width  ; p_ll|altpll_component|auto_generated|pll1|clk[0] ; Rise       ; afe|count[1]|clk                                                       ;
; 156.245 ; 156.245      ; 0.000          ; Low Pulse Width  ; p_ll|altpll_component|auto_generated|pll1|clk[0] ; Rise       ; afe|count[2]|clk                                                       ;
; 156.245 ; 156.245      ; 0.000          ; Low Pulse Width  ; p_ll|altpll_component|auto_generated|pll1|clk[0] ; Rise       ; afe|count[3]|clk                                                       ;
; 156.245 ; 156.245      ; 0.000          ; Low Pulse Width  ; p_ll|altpll_component|auto_generated|pll1|clk[0] ; Rise       ; afe|cs|clk                                                             ;
; 156.245 ; 156.245      ; 0.000          ; Low Pulse Width  ; p_ll|altpll_component|auto_generated|pll1|clk[0] ; Rise       ; afe|data_temp[1]|clk                                                   ;
; 156.245 ; 156.245      ; 0.000          ; Low Pulse Width  ; p_ll|altpll_component|auto_generated|pll1|clk[0] ; Rise       ; afe|data_temp[2]|clk                                                   ;
; 156.245 ; 156.245      ; 0.000          ; Low Pulse Width  ; p_ll|altpll_component|auto_generated|pll1|clk[0] ; Rise       ; afe|data_temp[3]|clk                                                   ;
; 156.245 ; 156.245      ; 0.000          ; Low Pulse Width  ; p_ll|altpll_component|auto_generated|pll1|clk[0] ; Rise       ; afe|idle_state|clk                                                     ;
; 156.245 ; 156.245      ; 0.000          ; Low Pulse Width  ; p_ll|altpll_component|auto_generated|pll1|clk[0] ; Rise       ; afe|valid_slow|clk                                                     ;
; 156.245 ; 156.245      ; 0.000          ; High Pulse Width ; p_ll|altpll_component|auto_generated|pll1|clk[0] ; Rise       ; p_ll|altpll_component|auto_generated|wire_pll1_clk[0]~clkctrl|inclk[0] ;
; 156.245 ; 156.245      ; 0.000          ; High Pulse Width ; p_ll|altpll_component|auto_generated|pll1|clk[0] ; Rise       ; p_ll|altpll_component|auto_generated|wire_pll1_clk[0]~clkctrl|outclk   ;
; 156.246 ; 156.246      ; 0.000          ; Low Pulse Width  ; p_ll|altpll_component|auto_generated|pll1|clk[0] ; Rise       ; afe|clock_out|clk                                                      ;
; 156.246 ; 156.246      ; 0.000          ; Low Pulse Width  ; p_ll|altpll_component|auto_generated|pll1|clk[0] ; Rise       ; afe|data_temp[10]|clk                                                  ;
; 156.246 ; 156.246      ; 0.000          ; Low Pulse Width  ; p_ll|altpll_component|auto_generated|pll1|clk[0] ; Rise       ; afe|data_temp[11]|clk                                                  ;
; 156.246 ; 156.246      ; 0.000          ; Low Pulse Width  ; p_ll|altpll_component|auto_generated|pll1|clk[0] ; Rise       ; afe|data_temp[4]|clk                                                   ;
; 156.246 ; 156.246      ; 0.000          ; Low Pulse Width  ; p_ll|altpll_component|auto_generated|pll1|clk[0] ; Rise       ; afe|data_temp[5]|clk                                                   ;
; 156.246 ; 156.246      ; 0.000          ; Low Pulse Width  ; p_ll|altpll_component|auto_generated|pll1|clk[0] ; Rise       ; afe|data_temp[6]|clk                                                   ;
; 156.246 ; 156.246      ; 0.000          ; Low Pulse Width  ; p_ll|altpll_component|auto_generated|pll1|clk[0] ; Rise       ; afe|data_temp[7]|clk                                                   ;
; 156.246 ; 156.246      ; 0.000          ; Low Pulse Width  ; p_ll|altpll_component|auto_generated|pll1|clk[0] ; Rise       ; afe|data_temp[8]|clk                                                   ;
; 156.246 ; 156.246      ; 0.000          ; Low Pulse Width  ; p_ll|altpll_component|auto_generated|pll1|clk[0] ; Rise       ; afe|data_temp[9]|clk                                                   ;
; 156.246 ; 156.246      ; 0.000          ; Low Pulse Width  ; p_ll|altpll_component|auto_generated|pll1|clk[0] ; Rise       ; afe|dataout_slow[0]|clk                                                ;
; 156.246 ; 156.246      ; 0.000          ; Low Pulse Width  ; p_ll|altpll_component|auto_generated|pll1|clk[0] ; Rise       ; afe|dataout_slow[10]|clk                                               ;
; 156.246 ; 156.246      ; 0.000          ; Low Pulse Width  ; p_ll|altpll_component|auto_generated|pll1|clk[0] ; Rise       ; afe|dataout_slow[11]|clk                                               ;
; 156.246 ; 156.246      ; 0.000          ; Low Pulse Width  ; p_ll|altpll_component|auto_generated|pll1|clk[0] ; Rise       ; afe|dataout_slow[1]|clk                                                ;
; 156.246 ; 156.246      ; 0.000          ; Low Pulse Width  ; p_ll|altpll_component|auto_generated|pll1|clk[0] ; Rise       ; afe|dataout_slow[2]|clk                                                ;
; 156.246 ; 156.246      ; 0.000          ; Low Pulse Width  ; p_ll|altpll_component|auto_generated|pll1|clk[0] ; Rise       ; afe|dataout_slow[3]|clk                                                ;
; 156.246 ; 156.246      ; 0.000          ; Low Pulse Width  ; p_ll|altpll_component|auto_generated|pll1|clk[0] ; Rise       ; afe|dataout_slow[4]|clk                                                ;
; 156.246 ; 156.246      ; 0.000          ; Low Pulse Width  ; p_ll|altpll_component|auto_generated|pll1|clk[0] ; Rise       ; afe|dataout_slow[5]|clk                                                ;
; 156.246 ; 156.246      ; 0.000          ; Low Pulse Width  ; p_ll|altpll_component|auto_generated|pll1|clk[0] ; Rise       ; afe|dataout_slow[6]|clk                                                ;
; 156.246 ; 156.246      ; 0.000          ; Low Pulse Width  ; p_ll|altpll_component|auto_generated|pll1|clk[0] ; Rise       ; afe|dataout_slow[7]|clk                                                ;
; 156.246 ; 156.246      ; 0.000          ; Low Pulse Width  ; p_ll|altpll_component|auto_generated|pll1|clk[0] ; Rise       ; afe|dataout_slow[8]|clk                                                ;
; 156.246 ; 156.246      ; 0.000          ; Low Pulse Width  ; p_ll|altpll_component|auto_generated|pll1|clk[0] ; Rise       ; afe|dataout_slow[9]|clk                                                ;
; 156.246 ; 156.246      ; 0.000          ; Low Pulse Width  ; p_ll|altpll_component|auto_generated|pll1|clk[0] ; Rise       ; afe|din|clk                                                            ;
; 156.253 ; 156.253      ; 0.000          ; High Pulse Width ; p_ll|altpll_component|auto_generated|pll1|clk[0] ; Rise       ; afe|clock_out|clk                                                      ;
; 156.253 ; 156.253      ; 0.000          ; High Pulse Width ; p_ll|altpll_component|auto_generated|pll1|clk[0] ; Rise       ; afe|count[0]|clk                                                       ;
+---------+--------------+----------------+------------------+--------------------------------------------------+------------+------------------------------------------------------------------------+


+--------------------------------------------------------------------------------------------------------+
; Setup Times                                                                                            ;
+-----------+------------+-------+-------+------------+--------------------------------------------------+
; Data Port ; Clock Port ; Rise  ; Fall  ; Clock Edge ; Clock Reference                                  ;
+-----------+------------+-------+-------+------------+--------------------------------------------------+
; ttl_in    ; clk        ; 1.152 ; 1.800 ; Rise       ; clk                                              ;
; dout      ; clk        ; 1.481 ; 1.753 ; Rise       ; p_ll|altpll_component|auto_generated|pll1|clk[0] ;
+-----------+------------+-------+-------+------------+--------------------------------------------------+


+----------------------------------------------------------------------------------------------------------+
; Hold Times                                                                                               ;
+-----------+------------+--------+--------+------------+--------------------------------------------------+
; Data Port ; Clock Port ; Rise   ; Fall   ; Clock Edge ; Clock Reference                                  ;
+-----------+------------+--------+--------+------------+--------------------------------------------------+
; ttl_in    ; clk        ; -0.929 ; -1.562 ; Rise       ; clk                                              ;
; dout      ; clk        ; -0.922 ; -1.189 ; Rise       ; p_ll|altpll_component|auto_generated|pll1|clk[0] ;
+-----------+------------+--------+--------+------------+--------------------------------------------------+


+----------------------------------------------------------------------------------------------------------------+
; Clock to Output Times                                                                                          ;
+-------------------+------------+-------+-------+------------+--------------------------------------------------+
; Data Port         ; Clock Port ; Rise  ; Fall  ; Clock Edge ; Clock Reference                                  ;
+-------------------+------------+-------+-------+------------+--------------------------------------------------+
; N_sample_out[*]   ; clk        ; 4.443 ; 4.599 ; Rise       ; clk                                              ;
;  N_sample_out[0]  ; clk        ; 3.736 ; 3.849 ; Rise       ; clk                                              ;
;  N_sample_out[1]  ; clk        ; 3.800 ; 3.936 ; Rise       ; clk                                              ;
;  N_sample_out[2]  ; clk        ; 3.753 ; 3.868 ; Rise       ; clk                                              ;
;  N_sample_out[3]  ; clk        ; 3.753 ; 3.868 ; Rise       ; clk                                              ;
;  N_sample_out[4]  ; clk        ; 3.752 ; 3.868 ; Rise       ; clk                                              ;
;  N_sample_out[5]  ; clk        ; 3.530 ; 3.643 ; Rise       ; clk                                              ;
;  N_sample_out[6]  ; clk        ; 3.524 ; 3.636 ; Rise       ; clk                                              ;
;  N_sample_out[7]  ; clk        ; 3.523 ; 3.634 ; Rise       ; clk                                              ;
;  N_sample_out[8]  ; clk        ; 3.794 ; 3.920 ; Rise       ; clk                                              ;
;  N_sample_out[9]  ; clk        ; 3.712 ; 3.818 ; Rise       ; clk                                              ;
;  N_sample_out[10] ; clk        ; 3.763 ; 3.894 ; Rise       ; clk                                              ;
;  N_sample_out[11] ; clk        ; 3.497 ; 3.601 ; Rise       ; clk                                              ;
;  N_sample_out[12] ; clk        ; 3.678 ; 3.795 ; Rise       ; clk                                              ;
;  N_sample_out[13] ; clk        ; 3.601 ; 3.726 ; Rise       ; clk                                              ;
;  N_sample_out[14] ; clk        ; 3.341 ; 3.424 ; Rise       ; clk                                              ;
;  N_sample_out[15] ; clk        ; 3.627 ; 3.750 ; Rise       ; clk                                              ;
;  N_sample_out[16] ; clk        ; 3.631 ; 3.744 ; Rise       ; clk                                              ;
;  N_sample_out[17] ; clk        ; 3.671 ; 3.785 ; Rise       ; clk                                              ;
;  N_sample_out[18] ; clk        ; 3.558 ; 3.663 ; Rise       ; clk                                              ;
;  N_sample_out[19] ; clk        ; 3.372 ; 3.458 ; Rise       ; clk                                              ;
;  N_sample_out[20] ; clk        ; 3.849 ; 4.001 ; Rise       ; clk                                              ;
;  N_sample_out[21] ; clk        ; 3.462 ; 3.554 ; Rise       ; clk                                              ;
;  N_sample_out[22] ; clk        ; 3.659 ; 3.788 ; Rise       ; clk                                              ;
;  N_sample_out[23] ; clk        ; 3.828 ; 3.948 ; Rise       ; clk                                              ;
;  N_sample_out[24] ; clk        ; 3.707 ; 3.821 ; Rise       ; clk                                              ;
;  N_sample_out[25] ; clk        ; 4.443 ; 4.599 ; Rise       ; clk                                              ;
;  N_sample_out[26] ; clk        ; 3.523 ; 3.631 ; Rise       ; clk                                              ;
;  N_sample_out[27] ; clk        ; 3.871 ; 3.999 ; Rise       ; clk                                              ;
;  N_sample_out[28] ; clk        ; 3.724 ; 3.834 ; Rise       ; clk                                              ;
;  N_sample_out[29] ; clk        ; 3.622 ; 3.725 ; Rise       ; clk                                              ;
;  N_sample_out[30] ; clk        ; 3.518 ; 3.613 ; Rise       ; clk                                              ;
;  N_sample_out[31] ; clk        ; 3.822 ; 3.947 ; Rise       ; clk                                              ;
; afe_data[*]       ; clk        ; 4.639 ; 4.815 ; Rise       ; clk                                              ;
;  afe_data[0]      ; clk        ; 4.639 ; 4.815 ; Rise       ; clk                                              ;
;  afe_data[1]      ; clk        ; 3.768 ; 3.909 ; Rise       ; clk                                              ;
;  afe_data[2]      ; clk        ; 4.187 ; 4.387 ; Rise       ; clk                                              ;
;  afe_data[3]      ; clk        ; 3.715 ; 3.829 ; Rise       ; clk                                              ;
;  afe_data[4]      ; clk        ; 3.740 ; 3.855 ; Rise       ; clk                                              ;
;  afe_data[5]      ; clk        ; 3.732 ; 3.861 ; Rise       ; clk                                              ;
;  afe_data[6]      ; clk        ; 4.045 ; 4.186 ; Rise       ; clk                                              ;
;  afe_data[7]      ; clk        ; 3.799 ; 3.918 ; Rise       ; clk                                              ;
;  afe_data[8]      ; clk        ; 3.693 ; 3.805 ; Rise       ; clk                                              ;
;  afe_data[9]      ; clk        ; 3.668 ; 3.796 ; Rise       ; clk                                              ;
;  afe_data[10]     ; clk        ; 3.461 ; 3.555 ; Rise       ; clk                                              ;
;  afe_data[11]     ; clk        ; 3.886 ; 4.023 ; Rise       ; clk                                              ;
; magnitude[*]      ; clk        ; 4.644 ; 4.806 ; Rise       ; clk                                              ;
;  magnitude[0]     ; clk        ; 3.805 ; 3.944 ; Rise       ; clk                                              ;
;  magnitude[1]     ; clk        ; 3.662 ; 3.777 ; Rise       ; clk                                              ;
;  magnitude[2]     ; clk        ; 4.644 ; 4.806 ; Rise       ; clk                                              ;
;  magnitude[3]     ; clk        ; 3.635 ; 3.746 ; Rise       ; clk                                              ;
;  magnitude[4]     ; clk        ; 3.592 ; 3.693 ; Rise       ; clk                                              ;
;  magnitude[5]     ; clk        ; 3.587 ; 3.717 ; Rise       ; clk                                              ;
;  magnitude[6]     ; clk        ; 3.746 ; 3.872 ; Rise       ; clk                                              ;
;  magnitude[7]     ; clk        ; 3.403 ; 3.474 ; Rise       ; clk                                              ;
;  magnitude[8]     ; clk        ; 3.609 ; 3.697 ; Rise       ; clk                                              ;
;  magnitude[9]     ; clk        ; 3.604 ; 3.694 ; Rise       ; clk                                              ;
;  magnitude[10]    ; clk        ; 3.599 ; 3.683 ; Rise       ; clk                                              ;
;  magnitude[11]    ; clk        ; 3.494 ; 3.568 ; Rise       ; clk                                              ;
;  magnitude[12]    ; clk        ; 3.894 ; 4.040 ; Rise       ; clk                                              ;
;  magnitude[13]    ; clk        ; 3.832 ; 3.963 ; Rise       ; clk                                              ;
;  magnitude[14]    ; clk        ; 3.910 ; 4.045 ; Rise       ; clk                                              ;
;  magnitude[15]    ; clk        ; 3.565 ; 3.686 ; Rise       ; clk                                              ;
;  magnitude[16]    ; clk        ; 3.531 ; 3.623 ; Rise       ; clk                                              ;
;  magnitude[17]    ; clk        ; 3.490 ; 3.563 ; Rise       ; clk                                              ;
;  magnitude[18]    ; clk        ; 3.263 ; 3.321 ; Rise       ; clk                                              ;
;  magnitude[19]    ; clk        ; 3.393 ; 3.464 ; Rise       ; clk                                              ;
;  magnitude[20]    ; clk        ; 3.713 ; 3.809 ; Rise       ; clk                                              ;
;  magnitude[21]    ; clk        ; 3.647 ; 3.749 ; Rise       ; clk                                              ;
;  magnitude[22]    ; clk        ; 3.259 ; 3.316 ; Rise       ; clk                                              ;
;  magnitude[23]    ; clk        ; 3.243 ; 3.296 ; Rise       ; clk                                              ;
;  magnitude[24]    ; clk        ; 4.303 ; 4.425 ; Rise       ; clk                                              ;
;  magnitude[25]    ; clk        ; 3.374 ; 3.441 ; Rise       ; clk                                              ;
;  magnitude[26]    ; clk        ; 3.371 ; 3.435 ; Rise       ; clk                                              ;
;  magnitude[27]    ; clk        ; 3.624 ; 3.723 ; Rise       ; clk                                              ;
;  magnitude[28]    ; clk        ; 3.254 ; 3.311 ; Rise       ; clk                                              ;
;  magnitude[29]    ; clk        ; 3.373 ; 3.441 ; Rise       ; clk                                              ;
;  magnitude[30]    ; clk        ; 3.793 ; 3.913 ; Rise       ; clk                                              ;
;  magnitude[31]    ; clk        ; 3.895 ; 4.035 ; Rise       ; clk                                              ;
; phase[*]          ; clk        ; 4.683 ; 4.846 ; Rise       ; clk                                              ;
;  phase[1]         ; clk        ; 3.492 ; 3.572 ; Rise       ; clk                                              ;
;  phase[2]         ; clk        ; 3.349 ; 3.410 ; Rise       ; clk                                              ;
;  phase[3]         ; clk        ; 3.661 ; 3.759 ; Rise       ; clk                                              ;
;  phase[4]         ; clk        ; 3.628 ; 3.723 ; Rise       ; clk                                              ;
;  phase[5]         ; clk        ; 3.534 ; 3.620 ; Rise       ; clk                                              ;
;  phase[6]         ; clk        ; 3.248 ; 3.301 ; Rise       ; clk                                              ;
;  phase[7]         ; clk        ; 3.583 ; 3.676 ; Rise       ; clk                                              ;
;  phase[8]         ; clk        ; 3.769 ; 3.870 ; Rise       ; clk                                              ;
;  phase[9]         ; clk        ; 3.652 ; 3.749 ; Rise       ; clk                                              ;
;  phase[10]        ; clk        ; 3.260 ; 3.314 ; Rise       ; clk                                              ;
;  phase[11]        ; clk        ; 3.867 ; 3.971 ; Rise       ; clk                                              ;
;  phase[12]        ; clk        ; 4.471 ; 4.608 ; Rise       ; clk                                              ;
;  phase[13]        ; clk        ; 3.569 ; 3.674 ; Rise       ; clk                                              ;
;  phase[14]        ; clk        ; 3.579 ; 3.685 ; Rise       ; clk                                              ;
;  phase[15]        ; clk        ; 4.683 ; 4.846 ; Rise       ; clk                                              ;
;  phase[16]        ; clk        ; 3.770 ; 3.883 ; Rise       ; clk                                              ;
;  phase[17]        ; clk        ; 3.588 ; 3.674 ; Rise       ; clk                                              ;
;  phase[18]        ; clk        ; 3.611 ; 3.715 ; Rise       ; clk                                              ;
;  phase[19]        ; clk        ; 3.810 ; 3.925 ; Rise       ; clk                                              ;
;  phase[20]        ; clk        ; 3.784 ; 3.889 ; Rise       ; clk                                              ;
;  phase[21]        ; clk        ; 3.675 ; 3.771 ; Rise       ; clk                                              ;
;  phase[22]        ; clk        ; 3.606 ; 3.717 ; Rise       ; clk                                              ;
;  phase[23]        ; clk        ; 3.663 ; 3.764 ; Rise       ; clk                                              ;
;  phase[24]        ; clk        ; 3.443 ; 3.522 ; Rise       ; clk                                              ;
;  phase[25]        ; clk        ; 3.748 ; 3.863 ; Rise       ; clk                                              ;
;  phase[26]        ; clk        ; 3.658 ; 3.750 ; Rise       ; clk                                              ;
;  phase[27]        ; clk        ; 3.635 ; 3.723 ; Rise       ; clk                                              ;
;  phase[28]        ; clk        ; 3.618 ; 3.718 ; Rise       ; clk                                              ;
;  phase[29]        ; clk        ; 3.770 ; 3.865 ; Rise       ; clk                                              ;
;  phase[30]        ; clk        ; 3.672 ; 3.771 ; Rise       ; clk                                              ;
;  phase[31]        ; clk        ; 3.556 ; 3.666 ; Rise       ; clk                                              ;
; clock_out         ; clk        ; 3.582 ; 3.759 ; Rise       ; p_ll|altpll_component|auto_generated|pll1|clk[0] ;
; cs                ; clk        ; 3.331 ; 3.528 ; Rise       ; p_ll|altpll_component|auto_generated|pll1|clk[0] ;
; sclk              ; clk        ; 4.026 ; 4.294 ; Rise       ; p_ll|altpll_component|auto_generated|pll1|clk[0] ;
; din               ; clk        ; 3.283 ; 3.504 ; Fall       ; p_ll|altpll_component|auto_generated|pll1|clk[0] ;
; sclk              ; clk        ;       ; 2.168 ; Fall       ; p_ll|altpll_component|auto_generated|pll1|clk[0] ;
+-------------------+------------+-------+-------+------------+--------------------------------------------------+


+----------------------------------------------------------------------------------------------------------------+
; Minimum Clock to Output Times                                                                                  ;
+-------------------+------------+-------+-------+------------+--------------------------------------------------+
; Data Port         ; Clock Port ; Rise  ; Fall  ; Clock Edge ; Clock Reference                                  ;
+-------------------+------------+-------+-------+------------+--------------------------------------------------+
; N_sample_out[*]   ; clk        ; 3.233 ; 3.313 ; Rise       ; clk                                              ;
;  N_sample_out[0]  ; clk        ; 3.608 ; 3.717 ; Rise       ; clk                                              ;
;  N_sample_out[1]  ; clk        ; 3.669 ; 3.800 ; Rise       ; clk                                              ;
;  N_sample_out[2]  ; clk        ; 3.625 ; 3.735 ; Rise       ; clk                                              ;
;  N_sample_out[3]  ; clk        ; 3.625 ; 3.735 ; Rise       ; clk                                              ;
;  N_sample_out[4]  ; clk        ; 3.624 ; 3.735 ; Rise       ; clk                                              ;
;  N_sample_out[5]  ; clk        ; 3.414 ; 3.523 ; Rise       ; clk                                              ;
;  N_sample_out[6]  ; clk        ; 3.408 ; 3.517 ; Rise       ; clk                                              ;
;  N_sample_out[7]  ; clk        ; 3.405 ; 3.512 ; Rise       ; clk                                              ;
;  N_sample_out[8]  ; clk        ; 3.664 ; 3.785 ; Rise       ; clk                                              ;
;  N_sample_out[9]  ; clk        ; 3.585 ; 3.687 ; Rise       ; clk                                              ;
;  N_sample_out[10] ; clk        ; 3.637 ; 3.764 ; Rise       ; clk                                              ;
;  N_sample_out[11] ; clk        ; 3.383 ; 3.483 ; Rise       ; clk                                              ;
;  N_sample_out[12] ; clk        ; 3.554 ; 3.667 ; Rise       ; clk                                              ;
;  N_sample_out[13] ; clk        ; 3.483 ; 3.603 ; Rise       ; clk                                              ;
;  N_sample_out[14] ; clk        ; 3.233 ; 3.313 ; Rise       ; clk                                              ;
;  N_sample_out[15] ; clk        ; 3.507 ; 3.626 ; Rise       ; clk                                              ;
;  N_sample_out[16] ; clk        ; 3.509 ; 3.618 ; Rise       ; clk                                              ;
;  N_sample_out[17] ; clk        ; 3.549 ; 3.660 ; Rise       ; clk                                              ;
;  N_sample_out[18] ; clk        ; 3.441 ; 3.543 ; Rise       ; clk                                              ;
;  N_sample_out[19] ; clk        ; 3.262 ; 3.346 ; Rise       ; clk                                              ;
;  N_sample_out[20] ; clk        ; 3.720 ; 3.867 ; Rise       ; clk                                              ;
;  N_sample_out[21] ; clk        ; 3.345 ; 3.434 ; Rise       ; clk                                              ;
;  N_sample_out[22] ; clk        ; 3.538 ; 3.663 ; Rise       ; clk                                              ;
;  N_sample_out[23] ; clk        ; 3.697 ; 3.813 ; Rise       ; clk                                              ;
;  N_sample_out[24] ; clk        ; 3.581 ; 3.690 ; Rise       ; clk                                              ;
;  N_sample_out[25] ; clk        ; 4.326 ; 4.478 ; Rise       ; clk                                              ;
;  N_sample_out[26] ; clk        ; 3.407 ; 3.512 ; Rise       ; clk                                              ;
;  N_sample_out[27] ; clk        ; 3.738 ; 3.861 ; Rise       ; clk                                              ;
;  N_sample_out[28] ; clk        ; 3.597 ; 3.703 ; Rise       ; clk                                              ;
;  N_sample_out[29] ; clk        ; 3.499 ; 3.598 ; Rise       ; clk                                              ;
;  N_sample_out[30] ; clk        ; 3.402 ; 3.495 ; Rise       ; clk                                              ;
;  N_sample_out[31] ; clk        ; 3.691 ; 3.812 ; Rise       ; clk                                              ;
; afe_data[*]       ; clk        ; 3.346 ; 3.436 ; Rise       ; clk                                              ;
;  afe_data[0]      ; clk        ; 4.513 ; 4.685 ; Rise       ; clk                                              ;
;  afe_data[1]      ; clk        ; 3.642 ; 3.779 ; Rise       ; clk                                              ;
;  afe_data[2]      ; clk        ; 4.041 ; 4.233 ; Rise       ; clk                                              ;
;  afe_data[3]      ; clk        ; 3.589 ; 3.699 ; Rise       ; clk                                              ;
;  afe_data[4]      ; clk        ; 3.612 ; 3.722 ; Rise       ; clk                                              ;
;  afe_data[5]      ; clk        ; 3.605 ; 3.729 ; Rise       ; clk                                              ;
;  afe_data[6]      ; clk        ; 3.905 ; 4.040 ; Rise       ; clk                                              ;
;  afe_data[7]      ; clk        ; 3.668 ; 3.783 ; Rise       ; clk                                              ;
;  afe_data[8]      ; clk        ; 3.567 ; 3.674 ; Rise       ; clk                                              ;
;  afe_data[9]      ; clk        ; 3.546 ; 3.670 ; Rise       ; clk                                              ;
;  afe_data[10]     ; clk        ; 3.346 ; 3.436 ; Rise       ; clk                                              ;
;  afe_data[11]     ; clk        ; 3.752 ; 3.884 ; Rise       ; clk                                              ;
; magnitude[*]      ; clk        ; 3.135 ; 3.186 ; Rise       ; clk                                              ;
;  magnitude[0]     ; clk        ; 3.678 ; 3.813 ; Rise       ; clk                                              ;
;  magnitude[1]     ; clk        ; 3.541 ; 3.652 ; Rise       ; clk                                              ;
;  magnitude[2]     ; clk        ; 4.519 ; 4.676 ; Rise       ; clk                                              ;
;  magnitude[3]     ; clk        ; 3.512 ; 3.620 ; Rise       ; clk                                              ;
;  magnitude[4]     ; clk        ; 3.471 ; 3.569 ; Rise       ; clk                                              ;
;  magnitude[5]     ; clk        ; 3.469 ; 3.595 ; Rise       ; clk                                              ;
;  magnitude[6]     ; clk        ; 3.622 ; 3.744 ; Rise       ; clk                                              ;
;  magnitude[7]     ; clk        ; 3.288 ; 3.357 ; Rise       ; clk                                              ;
;  magnitude[8]     ; clk        ; 3.486 ; 3.570 ; Rise       ; clk                                              ;
;  magnitude[9]     ; clk        ; 3.481 ; 3.567 ; Rise       ; clk                                              ;
;  magnitude[10]    ; clk        ; 3.477 ; 3.557 ; Rise       ; clk                                              ;
;  magnitude[11]    ; clk        ; 3.376 ; 3.447 ; Rise       ; clk                                              ;
;  magnitude[12]    ; clk        ; 3.762 ; 3.904 ; Rise       ; clk                                              ;
;  magnitude[13]    ; clk        ; 3.700 ; 3.826 ; Rise       ; clk                                              ;
;  magnitude[14]    ; clk        ; 3.775 ; 3.904 ; Rise       ; clk                                              ;
;  magnitude[15]    ; clk        ; 3.447 ; 3.564 ; Rise       ; clk                                              ;
;  magnitude[16]    ; clk        ; 3.411 ; 3.500 ; Rise       ; clk                                              ;
;  magnitude[17]    ; clk        ; 3.372 ; 3.442 ; Rise       ; clk                                              ;
;  magnitude[18]    ; clk        ; 3.153 ; 3.210 ; Rise       ; clk                                              ;
;  magnitude[19]    ; clk        ; 3.279 ; 3.347 ; Rise       ; clk                                              ;
;  magnitude[20]    ; clk        ; 3.585 ; 3.678 ; Rise       ; clk                                              ;
;  magnitude[21]    ; clk        ; 3.523 ; 3.620 ; Rise       ; clk                                              ;
;  magnitude[22]    ; clk        ; 3.150 ; 3.205 ; Rise       ; clk                                              ;
;  magnitude[23]    ; clk        ; 3.135 ; 3.186 ; Rise       ; clk                                              ;
;  magnitude[24]    ; clk        ; 4.189 ; 4.309 ; Rise       ; clk                                              ;
;  magnitude[25]    ; clk        ; 3.261 ; 3.325 ; Rise       ; clk                                              ;
;  magnitude[26]    ; clk        ; 3.258 ; 3.319 ; Rise       ; clk                                              ;
;  magnitude[27]    ; clk        ; 3.501 ; 3.595 ; Rise       ; clk                                              ;
;  magnitude[28]    ; clk        ; 3.146 ; 3.200 ; Rise       ; clk                                              ;
;  magnitude[29]    ; clk        ; 3.259 ; 3.325 ; Rise       ; clk                                              ;
;  magnitude[30]    ; clk        ; 3.662 ; 3.778 ; Rise       ; clk                                              ;
;  magnitude[31]    ; clk        ; 3.764 ; 3.899 ; Rise       ; clk                                              ;
; phase[*]          ; clk        ; 3.140 ; 3.191 ; Rise       ; clk                                              ;
;  phase[1]         ; clk        ; 3.374 ; 3.452 ; Rise       ; clk                                              ;
;  phase[2]         ; clk        ; 3.237 ; 3.296 ; Rise       ; clk                                              ;
;  phase[3]         ; clk        ; 3.536 ; 3.631 ; Rise       ; clk                                              ;
;  phase[4]         ; clk        ; 3.505 ; 3.596 ; Rise       ; clk                                              ;
;  phase[5]         ; clk        ; 3.415 ; 3.497 ; Rise       ; clk                                              ;
;  phase[6]         ; clk        ; 3.140 ; 3.191 ; Rise       ; clk                                              ;
;  phase[7]         ; clk        ; 3.462 ; 3.551 ; Rise       ; clk                                              ;
;  phase[8]         ; clk        ; 3.640 ; 3.737 ; Rise       ; clk                                              ;
;  phase[9]         ; clk        ; 3.528 ; 3.621 ; Rise       ; clk                                              ;
;  phase[10]        ; clk        ; 3.152 ; 3.204 ; Rise       ; clk                                              ;
;  phase[11]        ; clk        ; 3.734 ; 3.835 ; Rise       ; clk                                              ;
;  phase[12]        ; clk        ; 4.352 ; 4.485 ; Rise       ; clk                                              ;
;  phase[13]        ; clk        ; 3.448 ; 3.549 ; Rise       ; clk                                              ;
;  phase[14]        ; clk        ; 3.458 ; 3.560 ; Rise       ; clk                                              ;
;  phase[15]        ; clk        ; 4.555 ; 4.714 ; Rise       ; clk                                              ;
;  phase[16]        ; clk        ; 3.642 ; 3.751 ; Rise       ; clk                                              ;
;  phase[17]        ; clk        ; 3.466 ; 3.549 ; Rise       ; clk                                              ;
;  phase[18]        ; clk        ; 3.489 ; 3.588 ; Rise       ; clk                                              ;
;  phase[19]        ; clk        ; 3.680 ; 3.790 ; Rise       ; clk                                              ;
;  phase[20]        ; clk        ; 3.655 ; 3.756 ; Rise       ; clk                                              ;
;  phase[21]        ; clk        ; 3.550 ; 3.643 ; Rise       ; clk                                              ;
;  phase[22]        ; clk        ; 3.484 ; 3.591 ; Rise       ; clk                                              ;
;  phase[23]        ; clk        ; 3.538 ; 3.635 ; Rise       ; clk                                              ;
;  phase[24]        ; clk        ; 3.327 ; 3.403 ; Rise       ; clk                                              ;
;  phase[25]        ; clk        ; 3.623 ; 3.735 ; Rise       ; clk                                              ;
;  phase[26]        ; clk        ; 3.534 ; 3.622 ; Rise       ; clk                                              ;
;  phase[27]        ; clk        ; 3.512 ; 3.596 ; Rise       ; clk                                              ;
;  phase[28]        ; clk        ; 3.495 ; 3.592 ; Rise       ; clk                                              ;
;  phase[29]        ; clk        ; 3.641 ; 3.733 ; Rise       ; clk                                              ;
;  phase[30]        ; clk        ; 3.547 ; 3.642 ; Rise       ; clk                                              ;
;  phase[31]        ; clk        ; 3.439 ; 3.546 ; Rise       ; clk                                              ;
; clock_out         ; clk        ; 3.261 ; 3.432 ; Rise       ; p_ll|altpll_component|auto_generated|pll1|clk[0] ;
; cs                ; clk        ; 2.982 ; 3.171 ; Rise       ; p_ll|altpll_component|auto_generated|pll1|clk[0] ;
; sclk              ; clk        ; 1.820 ; 3.884 ; Rise       ; p_ll|altpll_component|auto_generated|pll1|clk[0] ;
; din               ; clk        ; 2.935 ; 3.148 ; Fall       ; p_ll|altpll_component|auto_generated|pll1|clk[0] ;
; sclk              ; clk        ;       ; 1.873 ; Fall       ; p_ll|altpll_component|auto_generated|pll1|clk[0] ;
+-------------------+------------+-------+-------+------------+--------------------------------------------------+


---------------------------------------------
; Fast 1200mV 0C Model Metastability Report ;
---------------------------------------------
No synchronizer chains to report.


+----------------------------------------------------------------------------------------------------------------+
; Multicorner Timing Analysis Summary                                                                            ;
+---------------------------------------------------+---------+-------+----------+---------+---------------------+
; Clock                                             ; Setup   ; Hold  ; Recovery ; Removal ; Minimum Pulse Width ;
+---------------------------------------------------+---------+-------+----------+---------+---------------------+
; Worst-case Slack                                  ; 0.259   ; 0.186 ; N/A      ; N/A     ; 9.378               ;
;  clk                                              ; 0.259   ; 0.193 ; N/A      ; N/A     ; 9.378               ;
;  p_ll|altpll_component|auto_generated|pll1|clk[0] ; 154.839 ; 0.186 ; N/A      ; N/A     ; 155.993             ;
; Design-wide TNS                                   ; 0.0     ; 0.0   ; 0.0      ; 0.0     ; 0.0                 ;
;  clk                                              ; 0.000   ; 0.000 ; N/A      ; N/A     ; 0.000               ;
;  p_ll|altpll_component|auto_generated|pll1|clk[0] ; 0.000   ; 0.000 ; N/A      ; N/A     ; 0.000               ;
+---------------------------------------------------+---------+-------+----------+---------+---------------------+


+--------------------------------------------------------------------------------------------------------+
; Setup Times                                                                                            ;
+-----------+------------+-------+-------+------------+--------------------------------------------------+
; Data Port ; Clock Port ; Rise  ; Fall  ; Clock Edge ; Clock Reference                                  ;
+-----------+------------+-------+-------+------------+--------------------------------------------------+
; ttl_in    ; clk        ; 2.031 ; 2.512 ; Rise       ; clk                                              ;
; dout      ; clk        ; 2.423 ; 2.519 ; Rise       ; p_ll|altpll_component|auto_generated|pll1|clk[0] ;
+-----------+------------+-------+-------+------------+--------------------------------------------------+


+----------------------------------------------------------------------------------------------------------+
; Hold Times                                                                                               ;
+-----------+------------+--------+--------+------------+--------------------------------------------------+
; Data Port ; Clock Port ; Rise   ; Fall   ; Clock Edge ; Clock Reference                                  ;
+-----------+------------+--------+--------+------------+--------------------------------------------------+
; ttl_in    ; clk        ; -0.929 ; -1.562 ; Rise       ; clk                                              ;
; dout      ; clk        ; -0.922 ; -1.189 ; Rise       ; p_ll|altpll_component|auto_generated|pll1|clk[0] ;
+-----------+------------+--------+--------+------------+--------------------------------------------------+


+----------------------------------------------------------------------------------------------------------------+
; Clock to Output Times                                                                                          ;
+-------------------+------------+-------+-------+------------+--------------------------------------------------+
; Data Port         ; Clock Port ; Rise  ; Fall  ; Clock Edge ; Clock Reference                                  ;
+-------------------+------------+-------+-------+------------+--------------------------------------------------+
; N_sample_out[*]   ; clk        ; 7.310 ; 7.435 ; Rise       ; clk                                              ;
;  N_sample_out[0]  ; clk        ; 6.368 ; 6.425 ; Rise       ; clk                                              ;
;  N_sample_out[1]  ; clk        ; 6.503 ; 6.555 ; Rise       ; clk                                              ;
;  N_sample_out[2]  ; clk        ; 6.391 ; 6.468 ; Rise       ; clk                                              ;
;  N_sample_out[3]  ; clk        ; 6.393 ; 6.450 ; Rise       ; clk                                              ;
;  N_sample_out[4]  ; clk        ; 6.388 ; 6.466 ; Rise       ; clk                                              ;
;  N_sample_out[5]  ; clk        ; 6.074 ; 6.123 ; Rise       ; clk                                              ;
;  N_sample_out[6]  ; clk        ; 6.064 ; 6.082 ; Rise       ; clk                                              ;
;  N_sample_out[7]  ; clk        ; 6.062 ; 6.116 ; Rise       ; clk                                              ;
;  N_sample_out[8]  ; clk        ; 6.533 ; 6.568 ; Rise       ; clk                                              ;
;  N_sample_out[9]  ; clk        ; 6.346 ; 6.407 ; Rise       ; clk                                              ;
;  N_sample_out[10] ; clk        ; 6.480 ; 6.522 ; Rise       ; clk                                              ;
;  N_sample_out[11] ; clk        ; 5.993 ; 6.026 ; Rise       ; clk                                              ;
;  N_sample_out[12] ; clk        ; 6.324 ; 6.363 ; Rise       ; clk                                              ;
;  N_sample_out[13] ; clk        ; 6.156 ; 6.224 ; Rise       ; clk                                              ;
;  N_sample_out[14] ; clk        ; 5.734 ; 5.748 ; Rise       ; clk                                              ;
;  N_sample_out[15] ; clk        ; 6.273 ; 6.288 ; Rise       ; clk                                              ;
;  N_sample_out[16] ; clk        ; 6.230 ; 6.284 ; Rise       ; clk                                              ;
;  N_sample_out[17] ; clk        ; 6.303 ; 6.323 ; Rise       ; clk                                              ;
;  N_sample_out[18] ; clk        ; 6.095 ; 6.102 ; Rise       ; clk                                              ;
;  N_sample_out[19] ; clk        ; 5.802 ; 5.821 ; Rise       ; clk                                              ;
;  N_sample_out[20] ; clk        ; 6.618 ; 6.682 ; Rise       ; clk                                              ;
;  N_sample_out[21] ; clk        ; 5.915 ; 5.973 ; Rise       ; clk                                              ;
;  N_sample_out[22] ; clk        ; 6.323 ; 6.344 ; Rise       ; clk                                              ;
;  N_sample_out[23] ; clk        ; 6.515 ; 6.562 ; Rise       ; clk                                              ;
;  N_sample_out[24] ; clk        ; 6.364 ; 6.383 ; Rise       ; clk                                              ;
;  N_sample_out[25] ; clk        ; 7.310 ; 7.435 ; Rise       ; clk                                              ;
;  N_sample_out[26] ; clk        ; 6.061 ; 6.062 ; Rise       ; clk                                              ;
;  N_sample_out[27] ; clk        ; 6.597 ; 6.673 ; Rise       ; clk                                              ;
;  N_sample_out[28] ; clk        ; 6.350 ; 6.407 ; Rise       ; clk                                              ;
;  N_sample_out[29] ; clk        ; 6.258 ; 6.278 ; Rise       ; clk                                              ;
;  N_sample_out[30] ; clk        ; 6.049 ; 6.066 ; Rise       ; clk                                              ;
;  N_sample_out[31] ; clk        ; 6.555 ; 6.607 ; Rise       ; clk                                              ;
; afe_data[*]       ; clk        ; 7.675 ; 7.800 ; Rise       ; clk                                              ;
;  afe_data[0]      ; clk        ; 7.675 ; 7.800 ; Rise       ; clk                                              ;
;  afe_data[1]      ; clk        ; 6.503 ; 6.507 ; Rise       ; clk                                              ;
;  afe_data[2]      ; clk        ; 7.119 ; 7.206 ; Rise       ; clk                                              ;
;  afe_data[3]      ; clk        ; 6.389 ; 6.433 ; Rise       ; clk                                              ;
;  afe_data[4]      ; clk        ; 6.373 ; 6.400 ; Rise       ; clk                                              ;
;  afe_data[5]      ; clk        ; 6.405 ; 6.461 ; Rise       ; clk                                              ;
;  afe_data[6]      ; clk        ; 6.932 ; 6.971 ; Rise       ; clk                                              ;
;  afe_data[7]      ; clk        ; 6.523 ; 6.572 ; Rise       ; clk                                              ;
;  afe_data[8]      ; clk        ; 6.342 ; 6.375 ; Rise       ; clk                                              ;
;  afe_data[9]      ; clk        ; 6.298 ; 6.325 ; Rise       ; clk                                              ;
;  afe_data[10]     ; clk        ; 5.967 ; 6.024 ; Rise       ; clk                                              ;
;  afe_data[11]     ; clk        ; 6.656 ; 6.717 ; Rise       ; clk                                              ;
; magnitude[*]      ; clk        ; 7.703 ; 7.795 ; Rise       ; clk                                              ;
;  magnitude[0]     ; clk        ; 6.549 ; 6.557 ; Rise       ; clk                                              ;
;  magnitude[1]     ; clk        ; 6.305 ; 6.326 ; Rise       ; clk                                              ;
;  magnitude[2]     ; clk        ; 7.703 ; 7.795 ; Rise       ; clk                                              ;
;  magnitude[3]     ; clk        ; 6.249 ; 6.264 ; Rise       ; clk                                              ;
;  magnitude[4]     ; clk        ; 6.188 ; 6.183 ; Rise       ; clk                                              ;
;  magnitude[5]     ; clk        ; 6.158 ; 6.215 ; Rise       ; clk                                              ;
;  magnitude[6]     ; clk        ; 6.469 ; 6.489 ; Rise       ; clk                                              ;
;  magnitude[7]     ; clk        ; 5.817 ; 5.841 ; Rise       ; clk                                              ;
;  magnitude[8]     ; clk        ; 6.226 ; 6.196 ; Rise       ; clk                                              ;
;  magnitude[9]     ; clk        ; 6.201 ; 6.184 ; Rise       ; clk                                              ;
;  magnitude[10]    ; clk        ; 6.190 ; 6.178 ; Rise       ; clk                                              ;
;  magnitude[11]    ; clk        ; 5.987 ; 5.999 ; Rise       ; clk                                              ;
;  magnitude[12]    ; clk        ; 6.706 ; 6.736 ; Rise       ; clk                                              ;
;  magnitude[13]    ; clk        ; 6.611 ; 6.623 ; Rise       ; clk                                              ;
;  magnitude[14]    ; clk        ; 6.740 ; 6.761 ; Rise       ; clk                                              ;
;  magnitude[15]    ; clk        ; 6.117 ; 6.168 ; Rise       ; clk                                              ;
;  magnitude[16]    ; clk        ; 6.068 ; 6.062 ; Rise       ; clk                                              ;
;  magnitude[17]    ; clk        ; 5.985 ; 5.974 ; Rise       ; clk                                              ;
;  magnitude[18]    ; clk        ; 5.576 ; 5.604 ; Rise       ; clk                                              ;
;  magnitude[19]    ; clk        ; 5.810 ; 5.813 ; Rise       ; clk                                              ;
;  magnitude[20]    ; clk        ; 6.407 ; 6.381 ; Rise       ; clk                                              ;
;  magnitude[21]    ; clk        ; 6.278 ; 6.302 ; Rise       ; clk                                              ;
;  magnitude[22]    ; clk        ; 5.573 ; 5.580 ; Rise       ; clk                                              ;
;  magnitude[23]    ; clk        ; 5.551 ; 5.556 ; Rise       ; clk                                              ;
;  magnitude[24]    ; clk        ; 7.075 ; 7.147 ; Rise       ; clk                                              ;
;  magnitude[25]    ; clk        ; 5.793 ; 5.792 ; Rise       ; clk                                              ;
;  magnitude[26]    ; clk        ; 5.772 ; 5.769 ; Rise       ; clk                                              ;
;  magnitude[27]    ; clk        ; 6.248 ; 6.252 ; Rise       ; clk                                              ;
;  magnitude[28]    ; clk        ; 5.578 ; 5.583 ; Rise       ; clk                                              ;
;  magnitude[29]    ; clk        ; 5.813 ; 5.814 ; Rise       ; clk                                              ;
;  magnitude[30]    ; clk        ; 6.543 ; 6.538 ; Rise       ; clk                                              ;
;  magnitude[31]    ; clk        ; 6.691 ; 6.710 ; Rise       ; clk                                              ;
; phase[*]          ; clk        ; 7.729 ; 7.812 ; Rise       ; clk                                              ;
;  phase[1]         ; clk        ; 5.990 ; 5.997 ; Rise       ; clk                                              ;
;  phase[2]         ; clk        ; 5.738 ; 5.736 ; Rise       ; clk                                              ;
;  phase[3]         ; clk        ; 6.287 ; 6.285 ; Rise       ; clk                                              ;
;  phase[4]         ; clk        ; 6.233 ; 6.237 ; Rise       ; clk                                              ;
;  phase[5]         ; clk        ; 6.074 ; 6.070 ; Rise       ; clk                                              ;
;  phase[6]         ; clk        ; 5.555 ; 5.562 ; Rise       ; clk                                              ;
;  phase[7]         ; clk        ; 6.129 ; 6.153 ; Rise       ; clk                                              ;
;  phase[8]         ; clk        ; 6.473 ; 6.459 ; Rise       ; clk                                              ;
;  phase[9]         ; clk        ; 6.263 ; 6.282 ; Rise       ; clk                                              ;
;  phase[10]        ; clk        ; 5.570 ; 5.576 ; Rise       ; clk                                              ;
;  phase[11]        ; clk        ; 6.679 ; 6.638 ; Rise       ; clk                                              ;
;  phase[12]        ; clk        ; 7.347 ; 7.427 ; Rise       ; clk                                              ;
;  phase[13]        ; clk        ; 6.109 ; 6.156 ; Rise       ; clk                                              ;
;  phase[14]        ; clk        ; 6.132 ; 6.176 ; Rise       ; clk                                              ;
;  phase[15]        ; clk        ; 7.729 ; 7.812 ; Rise       ; clk                                              ;
;  phase[16]        ; clk        ; 6.475 ; 6.512 ; Rise       ; clk                                              ;
;  phase[17]        ; clk        ; 6.166 ; 6.152 ; Rise       ; clk                                              ;
;  phase[18]        ; clk        ; 6.172 ; 6.218 ; Rise       ; clk                                              ;
;  phase[19]        ; clk        ; 6.557 ; 6.571 ; Rise       ; clk                                              ;
;  phase[20]        ; clk        ; 6.492 ; 6.505 ; Rise       ; clk                                              ;
;  phase[21]        ; clk        ; 6.319 ; 6.321 ; Rise       ; clk                                              ;
;  phase[22]        ; clk        ; 6.166 ; 6.214 ; Rise       ; clk                                              ;
;  phase[23]        ; clk        ; 6.290 ; 6.296 ; Rise       ; clk                                              ;
;  phase[24]        ; clk        ; 5.889 ; 5.902 ; Rise       ; clk                                              ;
;  phase[25]        ; clk        ; 6.458 ; 6.443 ; Rise       ; clk                                              ;
;  phase[26]        ; clk        ; 6.274 ; 6.279 ; Rise       ; clk                                              ;
;  phase[27]        ; clk        ; 6.250 ; 6.243 ; Rise       ; clk                                              ;
;  phase[28]        ; clk        ; 6.174 ; 6.236 ; Rise       ; clk                                              ;
;  phase[29]        ; clk        ; 6.466 ; 6.472 ; Rise       ; clk                                              ;
;  phase[30]        ; clk        ; 6.306 ; 6.324 ; Rise       ; clk                                              ;
;  phase[31]        ; clk        ; 6.102 ; 6.124 ; Rise       ; clk                                              ;
; clock_out         ; clk        ; 5.821 ; 5.984 ; Rise       ; p_ll|altpll_component|auto_generated|pll1|clk[0] ;
; cs                ; clk        ; 5.744 ; 5.853 ; Rise       ; p_ll|altpll_component|auto_generated|pll1|clk[0] ;
; sclk              ; clk        ; 7.043 ; 7.174 ; Rise       ; p_ll|altpll_component|auto_generated|pll1|clk[0] ;
; din               ; clk        ; 5.602 ; 5.717 ; Fall       ; p_ll|altpll_component|auto_generated|pll1|clk[0] ;
; sclk              ; clk        ;       ; 3.604 ; Fall       ; p_ll|altpll_component|auto_generated|pll1|clk[0] ;
+-------------------+------------+-------+-------+------------+--------------------------------------------------+


+----------------------------------------------------------------------------------------------------------------+
; Minimum Clock to Output Times                                                                                  ;
+-------------------+------------+-------+-------+------------+--------------------------------------------------+
; Data Port         ; Clock Port ; Rise  ; Fall  ; Clock Edge ; Clock Reference                                  ;
+-------------------+------------+-------+-------+------------+--------------------------------------------------+
; N_sample_out[*]   ; clk        ; 3.233 ; 3.313 ; Rise       ; clk                                              ;
;  N_sample_out[0]  ; clk        ; 3.608 ; 3.717 ; Rise       ; clk                                              ;
;  N_sample_out[1]  ; clk        ; 3.669 ; 3.800 ; Rise       ; clk                                              ;
;  N_sample_out[2]  ; clk        ; 3.625 ; 3.735 ; Rise       ; clk                                              ;
;  N_sample_out[3]  ; clk        ; 3.625 ; 3.735 ; Rise       ; clk                                              ;
;  N_sample_out[4]  ; clk        ; 3.624 ; 3.735 ; Rise       ; clk                                              ;
;  N_sample_out[5]  ; clk        ; 3.414 ; 3.523 ; Rise       ; clk                                              ;
;  N_sample_out[6]  ; clk        ; 3.408 ; 3.517 ; Rise       ; clk                                              ;
;  N_sample_out[7]  ; clk        ; 3.405 ; 3.512 ; Rise       ; clk                                              ;
;  N_sample_out[8]  ; clk        ; 3.664 ; 3.785 ; Rise       ; clk                                              ;
;  N_sample_out[9]  ; clk        ; 3.585 ; 3.687 ; Rise       ; clk                                              ;
;  N_sample_out[10] ; clk        ; 3.637 ; 3.764 ; Rise       ; clk                                              ;
;  N_sample_out[11] ; clk        ; 3.383 ; 3.483 ; Rise       ; clk                                              ;
;  N_sample_out[12] ; clk        ; 3.554 ; 3.667 ; Rise       ; clk                                              ;
;  N_sample_out[13] ; clk        ; 3.483 ; 3.603 ; Rise       ; clk                                              ;
;  N_sample_out[14] ; clk        ; 3.233 ; 3.313 ; Rise       ; clk                                              ;
;  N_sample_out[15] ; clk        ; 3.507 ; 3.626 ; Rise       ; clk                                              ;
;  N_sample_out[16] ; clk        ; 3.509 ; 3.618 ; Rise       ; clk                                              ;
;  N_sample_out[17] ; clk        ; 3.549 ; 3.660 ; Rise       ; clk                                              ;
;  N_sample_out[18] ; clk        ; 3.441 ; 3.543 ; Rise       ; clk                                              ;
;  N_sample_out[19] ; clk        ; 3.262 ; 3.346 ; Rise       ; clk                                              ;
;  N_sample_out[20] ; clk        ; 3.720 ; 3.867 ; Rise       ; clk                                              ;
;  N_sample_out[21] ; clk        ; 3.345 ; 3.434 ; Rise       ; clk                                              ;
;  N_sample_out[22] ; clk        ; 3.538 ; 3.663 ; Rise       ; clk                                              ;
;  N_sample_out[23] ; clk        ; 3.697 ; 3.813 ; Rise       ; clk                                              ;
;  N_sample_out[24] ; clk        ; 3.581 ; 3.690 ; Rise       ; clk                                              ;
;  N_sample_out[25] ; clk        ; 4.326 ; 4.478 ; Rise       ; clk                                              ;
;  N_sample_out[26] ; clk        ; 3.407 ; 3.512 ; Rise       ; clk                                              ;
;  N_sample_out[27] ; clk        ; 3.738 ; 3.861 ; Rise       ; clk                                              ;
;  N_sample_out[28] ; clk        ; 3.597 ; 3.703 ; Rise       ; clk                                              ;
;  N_sample_out[29] ; clk        ; 3.499 ; 3.598 ; Rise       ; clk                                              ;
;  N_sample_out[30] ; clk        ; 3.402 ; 3.495 ; Rise       ; clk                                              ;
;  N_sample_out[31] ; clk        ; 3.691 ; 3.812 ; Rise       ; clk                                              ;
; afe_data[*]       ; clk        ; 3.346 ; 3.436 ; Rise       ; clk                                              ;
;  afe_data[0]      ; clk        ; 4.513 ; 4.685 ; Rise       ; clk                                              ;
;  afe_data[1]      ; clk        ; 3.642 ; 3.779 ; Rise       ; clk                                              ;
;  afe_data[2]      ; clk        ; 4.041 ; 4.233 ; Rise       ; clk                                              ;
;  afe_data[3]      ; clk        ; 3.589 ; 3.699 ; Rise       ; clk                                              ;
;  afe_data[4]      ; clk        ; 3.612 ; 3.722 ; Rise       ; clk                                              ;
;  afe_data[5]      ; clk        ; 3.605 ; 3.729 ; Rise       ; clk                                              ;
;  afe_data[6]      ; clk        ; 3.905 ; 4.040 ; Rise       ; clk                                              ;
;  afe_data[7]      ; clk        ; 3.668 ; 3.783 ; Rise       ; clk                                              ;
;  afe_data[8]      ; clk        ; 3.567 ; 3.674 ; Rise       ; clk                                              ;
;  afe_data[9]      ; clk        ; 3.546 ; 3.670 ; Rise       ; clk                                              ;
;  afe_data[10]     ; clk        ; 3.346 ; 3.436 ; Rise       ; clk                                              ;
;  afe_data[11]     ; clk        ; 3.752 ; 3.884 ; Rise       ; clk                                              ;
; magnitude[*]      ; clk        ; 3.135 ; 3.186 ; Rise       ; clk                                              ;
;  magnitude[0]     ; clk        ; 3.678 ; 3.813 ; Rise       ; clk                                              ;
;  magnitude[1]     ; clk        ; 3.541 ; 3.652 ; Rise       ; clk                                              ;
;  magnitude[2]     ; clk        ; 4.519 ; 4.676 ; Rise       ; clk                                              ;
;  magnitude[3]     ; clk        ; 3.512 ; 3.620 ; Rise       ; clk                                              ;
;  magnitude[4]     ; clk        ; 3.471 ; 3.569 ; Rise       ; clk                                              ;
;  magnitude[5]     ; clk        ; 3.469 ; 3.595 ; Rise       ; clk                                              ;
;  magnitude[6]     ; clk        ; 3.622 ; 3.744 ; Rise       ; clk                                              ;
;  magnitude[7]     ; clk        ; 3.288 ; 3.357 ; Rise       ; clk                                              ;
;  magnitude[8]     ; clk        ; 3.486 ; 3.570 ; Rise       ; clk                                              ;
;  magnitude[9]     ; clk        ; 3.481 ; 3.567 ; Rise       ; clk                                              ;
;  magnitude[10]    ; clk        ; 3.477 ; 3.557 ; Rise       ; clk                                              ;
;  magnitude[11]    ; clk        ; 3.376 ; 3.447 ; Rise       ; clk                                              ;
;  magnitude[12]    ; clk        ; 3.762 ; 3.904 ; Rise       ; clk                                              ;
;  magnitude[13]    ; clk        ; 3.700 ; 3.826 ; Rise       ; clk                                              ;
;  magnitude[14]    ; clk        ; 3.775 ; 3.904 ; Rise       ; clk                                              ;
;  magnitude[15]    ; clk        ; 3.447 ; 3.564 ; Rise       ; clk                                              ;
;  magnitude[16]    ; clk        ; 3.411 ; 3.500 ; Rise       ; clk                                              ;
;  magnitude[17]    ; clk        ; 3.372 ; 3.442 ; Rise       ; clk                                              ;
;  magnitude[18]    ; clk        ; 3.153 ; 3.210 ; Rise       ; clk                                              ;
;  magnitude[19]    ; clk        ; 3.279 ; 3.347 ; Rise       ; clk                                              ;
;  magnitude[20]    ; clk        ; 3.585 ; 3.678 ; Rise       ; clk                                              ;
;  magnitude[21]    ; clk        ; 3.523 ; 3.620 ; Rise       ; clk                                              ;
;  magnitude[22]    ; clk        ; 3.150 ; 3.205 ; Rise       ; clk                                              ;
;  magnitude[23]    ; clk        ; 3.135 ; 3.186 ; Rise       ; clk                                              ;
;  magnitude[24]    ; clk        ; 4.189 ; 4.309 ; Rise       ; clk                                              ;
;  magnitude[25]    ; clk        ; 3.261 ; 3.325 ; Rise       ; clk                                              ;
;  magnitude[26]    ; clk        ; 3.258 ; 3.319 ; Rise       ; clk                                              ;
;  magnitude[27]    ; clk        ; 3.501 ; 3.595 ; Rise       ; clk                                              ;
;  magnitude[28]    ; clk        ; 3.146 ; 3.200 ; Rise       ; clk                                              ;
;  magnitude[29]    ; clk        ; 3.259 ; 3.325 ; Rise       ; clk                                              ;
;  magnitude[30]    ; clk        ; 3.662 ; 3.778 ; Rise       ; clk                                              ;
;  magnitude[31]    ; clk        ; 3.764 ; 3.899 ; Rise       ; clk                                              ;
; phase[*]          ; clk        ; 3.140 ; 3.191 ; Rise       ; clk                                              ;
;  phase[1]         ; clk        ; 3.374 ; 3.452 ; Rise       ; clk                                              ;
;  phase[2]         ; clk        ; 3.237 ; 3.296 ; Rise       ; clk                                              ;
;  phase[3]         ; clk        ; 3.536 ; 3.631 ; Rise       ; clk                                              ;
;  phase[4]         ; clk        ; 3.505 ; 3.596 ; Rise       ; clk                                              ;
;  phase[5]         ; clk        ; 3.415 ; 3.497 ; Rise       ; clk                                              ;
;  phase[6]         ; clk        ; 3.140 ; 3.191 ; Rise       ; clk                                              ;
;  phase[7]         ; clk        ; 3.462 ; 3.551 ; Rise       ; clk                                              ;
;  phase[8]         ; clk        ; 3.640 ; 3.737 ; Rise       ; clk                                              ;
;  phase[9]         ; clk        ; 3.528 ; 3.621 ; Rise       ; clk                                              ;
;  phase[10]        ; clk        ; 3.152 ; 3.204 ; Rise       ; clk                                              ;
;  phase[11]        ; clk        ; 3.734 ; 3.835 ; Rise       ; clk                                              ;
;  phase[12]        ; clk        ; 4.352 ; 4.485 ; Rise       ; clk                                              ;
;  phase[13]        ; clk        ; 3.448 ; 3.549 ; Rise       ; clk                                              ;
;  phase[14]        ; clk        ; 3.458 ; 3.560 ; Rise       ; clk                                              ;
;  phase[15]        ; clk        ; 4.555 ; 4.714 ; Rise       ; clk                                              ;
;  phase[16]        ; clk        ; 3.642 ; 3.751 ; Rise       ; clk                                              ;
;  phase[17]        ; clk        ; 3.466 ; 3.549 ; Rise       ; clk                                              ;
;  phase[18]        ; clk        ; 3.489 ; 3.588 ; Rise       ; clk                                              ;
;  phase[19]        ; clk        ; 3.680 ; 3.790 ; Rise       ; clk                                              ;
;  phase[20]        ; clk        ; 3.655 ; 3.756 ; Rise       ; clk                                              ;
;  phase[21]        ; clk        ; 3.550 ; 3.643 ; Rise       ; clk                                              ;
;  phase[22]        ; clk        ; 3.484 ; 3.591 ; Rise       ; clk                                              ;
;  phase[23]        ; clk        ; 3.538 ; 3.635 ; Rise       ; clk                                              ;
;  phase[24]        ; clk        ; 3.327 ; 3.403 ; Rise       ; clk                                              ;
;  phase[25]        ; clk        ; 3.623 ; 3.735 ; Rise       ; clk                                              ;
;  phase[26]        ; clk        ; 3.534 ; 3.622 ; Rise       ; clk                                              ;
;  phase[27]        ; clk        ; 3.512 ; 3.596 ; Rise       ; clk                                              ;
;  phase[28]        ; clk        ; 3.495 ; 3.592 ; Rise       ; clk                                              ;
;  phase[29]        ; clk        ; 3.641 ; 3.733 ; Rise       ; clk                                              ;
;  phase[30]        ; clk        ; 3.547 ; 3.642 ; Rise       ; clk                                              ;
;  phase[31]        ; clk        ; 3.439 ; 3.546 ; Rise       ; clk                                              ;
; clock_out         ; clk        ; 3.261 ; 3.432 ; Rise       ; p_ll|altpll_component|auto_generated|pll1|clk[0] ;
; cs                ; clk        ; 2.982 ; 3.171 ; Rise       ; p_ll|altpll_component|auto_generated|pll1|clk[0] ;
; sclk              ; clk        ; 1.820 ; 3.884 ; Rise       ; p_ll|altpll_component|auto_generated|pll1|clk[0] ;
; din               ; clk        ; 2.935 ; 3.148 ; Fall       ; p_ll|altpll_component|auto_generated|pll1|clk[0] ;
; sclk              ; clk        ;       ; 1.873 ; Fall       ; p_ll|altpll_component|auto_generated|pll1|clk[0] ;
+-------------------+------------+-------+-------+------------+--------------------------------------------------+


+---------------------------------------------------------------------------------------------------------------------------------------------------------------------------------------------------------------------------------------------------------------------------------------------------------------------------------------------------------------------------------------------------------------------+
; Board Trace Model Assignments                                                                                                                                                                                                                                                                                                                                                                                       ;
+------------------+--------------+-------------------+-------------------------+-------------------------+---------------+---------------------+----------------+------------------+--------+------------------+------------------------+------------------------+--------------+---------------+-----------------+-------+---------------------+--------------------+---------------+-----------------+-------------+
; Pin              ; I/O Standard ; Near Tline Length ; Near Tline L per Length ; Near Tline C per Length ; Near Series R ; Near Differential R ; Near Pull-up R ; Near Pull-down R ; Near C ; Far Tline Length ; Far Tline L per Length ; Far Tline C per Length ; Far Series R ; Far Pull-up R ; Far Pull-down R ; Far C ; Termination Voltage ; Far Differential R ; EBD File Name ; EBD Signal Name ; EBD Far-end ;
+------------------+--------------+-------------------+-------------------------+-------------------------+---------------+---------------------+----------------+------------------+--------+------------------+------------------------+------------------------+--------------+---------------+-----------------+-------+---------------------+--------------------+---------------+-----------------+-------------+
; sclk             ; 2.5 V        ; 0 in              ; 0 H/in                  ; 0 F/in                  ; short         ; -                   ; open           ; open             ; open   ; 0 in             ; 0 H/in                 ; 0 F/in                 ; short        ; open          ; open            ; open  ; 0 V                 ; -                  ; n/a           ; n/a             ; n/a         ;
; din              ; 2.5 V        ; 0 in              ; 0 H/in                  ; 0 F/in                  ; short         ; -                   ; open           ; open             ; open   ; 0 in             ; 0 H/in                 ; 0 F/in                 ; short        ; open          ; open            ; open  ; 0 V                 ; -                  ; n/a           ; n/a             ; n/a         ;
; cs               ; 2.5 V        ; 0 in              ; 0 H/in                  ; 0 F/in                  ; short         ; -                   ; open           ; open             ; open   ; 0 in             ; 0 H/in                 ; 0 F/in                 ; short        ; open          ; open            ; open  ; 0 V                 ; -                  ; n/a           ; n/a             ; n/a         ;
; clock_out        ; 2.5 V        ; 0 in              ; 0 H/in                  ; 0 F/in                  ; short         ; -                   ; open           ; open             ; open   ; 0 in             ; 0 H/in                 ; 0 F/in                 ; short        ; open          ; open            ; open  ; 0 V                 ; -                  ; n/a           ; n/a             ; n/a         ;
; afe_data[0]      ; 2.5 V        ; 0 in              ; 0 H/in                  ; 0 F/in                  ; short         ; -                   ; open           ; open             ; open   ; 0 in             ; 0 H/in                 ; 0 F/in                 ; short        ; open          ; open            ; open  ; 0 V                 ; -                  ; n/a           ; n/a             ; n/a         ;
; afe_data[1]      ; 2.5 V        ; 0 in              ; 0 H/in                  ; 0 F/in                  ; short         ; -                   ; open           ; open             ; open   ; 0 in             ; 0 H/in                 ; 0 F/in                 ; short        ; open          ; open            ; open  ; 0 V                 ; -                  ; n/a           ; n/a             ; n/a         ;
; afe_data[2]      ; 2.5 V        ; 0 in              ; 0 H/in                  ; 0 F/in                  ; short         ; -                   ; open           ; open             ; open   ; 0 in             ; 0 H/in                 ; 0 F/in                 ; short        ; open          ; open            ; open  ; 0 V                 ; -                  ; n/a           ; n/a             ; n/a         ;
; afe_data[3]      ; 2.5 V        ; 0 in              ; 0 H/in                  ; 0 F/in                  ; short         ; -                   ; open           ; open             ; open   ; 0 in             ; 0 H/in                 ; 0 F/in                 ; short        ; open          ; open            ; open  ; 0 V                 ; -                  ; n/a           ; n/a             ; n/a         ;
; afe_data[4]      ; 2.5 V        ; 0 in              ; 0 H/in                  ; 0 F/in                  ; short         ; -                   ; open           ; open             ; open   ; 0 in             ; 0 H/in                 ; 0 F/in                 ; short        ; open          ; open            ; open  ; 0 V                 ; -                  ; n/a           ; n/a             ; n/a         ;
; afe_data[5]      ; 2.5 V        ; 0 in              ; 0 H/in                  ; 0 F/in                  ; short         ; -                   ; open           ; open             ; open   ; 0 in             ; 0 H/in                 ; 0 F/in                 ; short        ; open          ; open            ; open  ; 0 V                 ; -                  ; n/a           ; n/a             ; n/a         ;
; afe_data[6]      ; 2.5 V        ; 0 in              ; 0 H/in                  ; 0 F/in                  ; short         ; -                   ; open           ; open             ; open   ; 0 in             ; 0 H/in                 ; 0 F/in                 ; short        ; open          ; open            ; open  ; 0 V                 ; -                  ; n/a           ; n/a             ; n/a         ;
; afe_data[7]      ; 2.5 V        ; 0 in              ; 0 H/in                  ; 0 F/in                  ; short         ; -                   ; open           ; open             ; open   ; 0 in             ; 0 H/in                 ; 0 F/in                 ; short        ; open          ; open            ; open  ; 0 V                 ; -                  ; n/a           ; n/a             ; n/a         ;
; afe_data[8]      ; 2.5 V        ; 0 in              ; 0 H/in                  ; 0 F/in                  ; short         ; -                   ; open           ; open             ; open   ; 0 in             ; 0 H/in                 ; 0 F/in                 ; short        ; open          ; open            ; open  ; 0 V                 ; -                  ; n/a           ; n/a             ; n/a         ;
; afe_data[9]      ; 2.5 V        ; 0 in              ; 0 H/in                  ; 0 F/in                  ; short         ; -                   ; open           ; open             ; open   ; 0 in             ; 0 H/in                 ; 0 F/in                 ; short        ; open          ; open            ; open  ; 0 V                 ; -                  ; n/a           ; n/a             ; n/a         ;
; afe_data[10]     ; 2.5 V        ; 0 in              ; 0 H/in                  ; 0 F/in                  ; short         ; -                   ; open           ; open             ; open   ; 0 in             ; 0 H/in                 ; 0 F/in                 ; short        ; open          ; open            ; open  ; 0 V                 ; -                  ; n/a           ; n/a             ; n/a         ;
; afe_data[11]     ; 2.5 V        ; 0 in              ; 0 H/in                  ; 0 F/in                  ; short         ; -                   ; open           ; open             ; open   ; 0 in             ; 0 H/in                 ; 0 F/in                 ; short        ; open          ; open            ; open  ; 0 V                 ; -                  ; n/a           ; n/a             ; n/a         ;
; N_sample_out[0]  ; 2.5 V        ; 0 in              ; 0 H/in                  ; 0 F/in                  ; short         ; -                   ; open           ; open             ; open   ; 0 in             ; 0 H/in                 ; 0 F/in                 ; short        ; open          ; open            ; open  ; 0 V                 ; -                  ; n/a           ; n/a             ; n/a         ;
; N_sample_out[1]  ; 2.5 V        ; 0 in              ; 0 H/in                  ; 0 F/in                  ; short         ; -                   ; open           ; open             ; open   ; 0 in             ; 0 H/in                 ; 0 F/in                 ; short        ; open          ; open            ; open  ; 0 V                 ; -                  ; n/a           ; n/a             ; n/a         ;
; N_sample_out[2]  ; 2.5 V        ; 0 in              ; 0 H/in                  ; 0 F/in                  ; short         ; -                   ; open           ; open             ; open   ; 0 in             ; 0 H/in                 ; 0 F/in                 ; short        ; open          ; open            ; open  ; 0 V                 ; -                  ; n/a           ; n/a             ; n/a         ;
; N_sample_out[3]  ; 2.5 V        ; 0 in              ; 0 H/in                  ; 0 F/in                  ; short         ; -                   ; open           ; open             ; open   ; 0 in             ; 0 H/in                 ; 0 F/in                 ; short        ; open          ; open            ; open  ; 0 V                 ; -                  ; n/a           ; n/a             ; n/a         ;
; N_sample_out[4]  ; 2.5 V        ; 0 in              ; 0 H/in                  ; 0 F/in                  ; short         ; -                   ; open           ; open             ; open   ; 0 in             ; 0 H/in                 ; 0 F/in                 ; short        ; open          ; open            ; open  ; 0 V                 ; -                  ; n/a           ; n/a             ; n/a         ;
; N_sample_out[5]  ; 2.5 V        ; 0 in              ; 0 H/in                  ; 0 F/in                  ; short         ; -                   ; open           ; open             ; open   ; 0 in             ; 0 H/in                 ; 0 F/in                 ; short        ; open          ; open            ; open  ; 0 V                 ; -                  ; n/a           ; n/a             ; n/a         ;
; N_sample_out[6]  ; 2.5 V        ; 0 in              ; 0 H/in                  ; 0 F/in                  ; short         ; -                   ; open           ; open             ; open   ; 0 in             ; 0 H/in                 ; 0 F/in                 ; short        ; open          ; open            ; open  ; 0 V                 ; -                  ; n/a           ; n/a             ; n/a         ;
; N_sample_out[7]  ; 2.5 V        ; 0 in              ; 0 H/in                  ; 0 F/in                  ; short         ; -                   ; open           ; open             ; open   ; 0 in             ; 0 H/in                 ; 0 F/in                 ; short        ; open          ; open            ; open  ; 0 V                 ; -                  ; n/a           ; n/a             ; n/a         ;
; N_sample_out[8]  ; 2.5 V        ; 0 in              ; 0 H/in                  ; 0 F/in                  ; short         ; -                   ; open           ; open             ; open   ; 0 in             ; 0 H/in                 ; 0 F/in                 ; short        ; open          ; open            ; open  ; 0 V                 ; -                  ; n/a           ; n/a             ; n/a         ;
; N_sample_out[9]  ; 2.5 V        ; 0 in              ; 0 H/in                  ; 0 F/in                  ; short         ; -                   ; open           ; open             ; open   ; 0 in             ; 0 H/in                 ; 0 F/in                 ; short        ; open          ; open            ; open  ; 0 V                 ; -                  ; n/a           ; n/a             ; n/a         ;
; N_sample_out[10] ; 2.5 V        ; 0 in              ; 0 H/in                  ; 0 F/in                  ; short         ; -                   ; open           ; open             ; open   ; 0 in             ; 0 H/in                 ; 0 F/in                 ; short        ; open          ; open            ; open  ; 0 V                 ; -                  ; n/a           ; n/a             ; n/a         ;
; N_sample_out[11] ; 2.5 V        ; 0 in              ; 0 H/in                  ; 0 F/in                  ; short         ; -                   ; open           ; open             ; open   ; 0 in             ; 0 H/in                 ; 0 F/in                 ; short        ; open          ; open            ; open  ; 0 V                 ; -                  ; n/a           ; n/a             ; n/a         ;
; N_sample_out[12] ; 2.5 V        ; 0 in              ; 0 H/in                  ; 0 F/in                  ; short         ; -                   ; open           ; open             ; open   ; 0 in             ; 0 H/in                 ; 0 F/in                 ; short        ; open          ; open            ; open  ; 0 V                 ; -                  ; n/a           ; n/a             ; n/a         ;
; N_sample_out[13] ; 2.5 V        ; 0 in              ; 0 H/in                  ; 0 F/in                  ; short         ; -                   ; open           ; open             ; open   ; 0 in             ; 0 H/in                 ; 0 F/in                 ; short        ; open          ; open            ; open  ; 0 V                 ; -                  ; n/a           ; n/a             ; n/a         ;
; N_sample_out[14] ; 2.5 V        ; 0 in              ; 0 H/in                  ; 0 F/in                  ; short         ; -                   ; open           ; open             ; open   ; 0 in             ; 0 H/in                 ; 0 F/in                 ; short        ; open          ; open            ; open  ; 0 V                 ; -                  ; n/a           ; n/a             ; n/a         ;
; N_sample_out[15] ; 2.5 V        ; 0 in              ; 0 H/in                  ; 0 F/in                  ; short         ; -                   ; open           ; open             ; open   ; 0 in             ; 0 H/in                 ; 0 F/in                 ; short        ; open          ; open            ; open  ; 0 V                 ; -                  ; n/a           ; n/a             ; n/a         ;
; N_sample_out[16] ; 2.5 V        ; 0 in              ; 0 H/in                  ; 0 F/in                  ; short         ; -                   ; open           ; open             ; open   ; 0 in             ; 0 H/in                 ; 0 F/in                 ; short        ; open          ; open            ; open  ; 0 V                 ; -                  ; n/a           ; n/a             ; n/a         ;
; N_sample_out[17] ; 2.5 V        ; 0 in              ; 0 H/in                  ; 0 F/in                  ; short         ; -                   ; open           ; open             ; open   ; 0 in             ; 0 H/in                 ; 0 F/in                 ; short        ; open          ; open            ; open  ; 0 V                 ; -                  ; n/a           ; n/a             ; n/a         ;
; N_sample_out[18] ; 2.5 V        ; 0 in              ; 0 H/in                  ; 0 F/in                  ; short         ; -                   ; open           ; open             ; open   ; 0 in             ; 0 H/in                 ; 0 F/in                 ; short        ; open          ; open            ; open  ; 0 V                 ; -                  ; n/a           ; n/a             ; n/a         ;
; N_sample_out[19] ; 2.5 V        ; 0 in              ; 0 H/in                  ; 0 F/in                  ; short         ; -                   ; open           ; open             ; open   ; 0 in             ; 0 H/in                 ; 0 F/in                 ; short        ; open          ; open            ; open  ; 0 V                 ; -                  ; n/a           ; n/a             ; n/a         ;
; N_sample_out[20] ; 2.5 V        ; 0 in              ; 0 H/in                  ; 0 F/in                  ; short         ; -                   ; open           ; open             ; open   ; 0 in             ; 0 H/in                 ; 0 F/in                 ; short        ; open          ; open            ; open  ; 0 V                 ; -                  ; n/a           ; n/a             ; n/a         ;
; N_sample_out[21] ; 2.5 V        ; 0 in              ; 0 H/in                  ; 0 F/in                  ; short         ; -                   ; open           ; open             ; open   ; 0 in             ; 0 H/in                 ; 0 F/in                 ; short        ; open          ; open            ; open  ; 0 V                 ; -                  ; n/a           ; n/a             ; n/a         ;
; N_sample_out[22] ; 2.5 V        ; 0 in              ; 0 H/in                  ; 0 F/in                  ; short         ; -                   ; open           ; open             ; open   ; 0 in             ; 0 H/in                 ; 0 F/in                 ; short        ; open          ; open            ; open  ; 0 V                 ; -                  ; n/a           ; n/a             ; n/a         ;
; N_sample_out[23] ; 2.5 V        ; 0 in              ; 0 H/in                  ; 0 F/in                  ; short         ; -                   ; open           ; open             ; open   ; 0 in             ; 0 H/in                 ; 0 F/in                 ; short        ; open          ; open            ; open  ; 0 V                 ; -                  ; n/a           ; n/a             ; n/a         ;
; N_sample_out[24] ; 2.5 V        ; 0 in              ; 0 H/in                  ; 0 F/in                  ; short         ; -                   ; open           ; open             ; open   ; 0 in             ; 0 H/in                 ; 0 F/in                 ; short        ; open          ; open            ; open  ; 0 V                 ; -                  ; n/a           ; n/a             ; n/a         ;
; N_sample_out[25] ; 2.5 V        ; 0 in              ; 0 H/in                  ; 0 F/in                  ; short         ; -                   ; open           ; open             ; open   ; 0 in             ; 0 H/in                 ; 0 F/in                 ; short        ; open          ; open            ; open  ; 0 V                 ; -                  ; n/a           ; n/a             ; n/a         ;
; N_sample_out[26] ; 2.5 V        ; 0 in              ; 0 H/in                  ; 0 F/in                  ; short         ; -                   ; open           ; open             ; open   ; 0 in             ; 0 H/in                 ; 0 F/in                 ; short        ; open          ; open            ; open  ; 0 V                 ; -                  ; n/a           ; n/a             ; n/a         ;
; N_sample_out[27] ; 2.5 V        ; 0 in              ; 0 H/in                  ; 0 F/in                  ; short         ; -                   ; open           ; open             ; open   ; 0 in             ; 0 H/in                 ; 0 F/in                 ; short        ; open          ; open            ; open  ; 0 V                 ; -                  ; n/a           ; n/a             ; n/a         ;
; N_sample_out[28] ; 2.5 V        ; 0 in              ; 0 H/in                  ; 0 F/in                  ; short         ; -                   ; open           ; open             ; open   ; 0 in             ; 0 H/in                 ; 0 F/in                 ; short        ; open          ; open            ; open  ; 0 V                 ; -                  ; n/a           ; n/a             ; n/a         ;
; N_sample_out[29] ; 2.5 V        ; 0 in              ; 0 H/in                  ; 0 F/in                  ; short         ; -                   ; open           ; open             ; open   ; 0 in             ; 0 H/in                 ; 0 F/in                 ; short        ; open          ; open            ; open  ; 0 V                 ; -                  ; n/a           ; n/a             ; n/a         ;
; N_sample_out[30] ; 2.5 V        ; 0 in              ; 0 H/in                  ; 0 F/in                  ; short         ; -                   ; open           ; open             ; open   ; 0 in             ; 0 H/in                 ; 0 F/in                 ; short        ; open          ; open            ; open  ; 0 V                 ; -                  ; n/a           ; n/a             ; n/a         ;
; N_sample_out[31] ; 2.5 V        ; 0 in              ; 0 H/in                  ; 0 F/in                  ; short         ; -                   ; open           ; open             ; open   ; 0 in             ; 0 H/in                 ; 0 F/in                 ; short        ; open          ; open            ; open  ; 0 V                 ; -                  ; n/a           ; n/a             ; n/a         ;
; phase[0]         ; 2.5 V        ; 0 in              ; 0 H/in                  ; 0 F/in                  ; short         ; -                   ; open           ; open             ; open   ; 0 in             ; 0 H/in                 ; 0 F/in                 ; short        ; open          ; open            ; open  ; 0 V                 ; -                  ; n/a           ; n/a             ; n/a         ;
; phase[1]         ; 2.5 V        ; 0 in              ; 0 H/in                  ; 0 F/in                  ; short         ; -                   ; open           ; open             ; open   ; 0 in             ; 0 H/in                 ; 0 F/in                 ; short        ; open          ; open            ; open  ; 0 V                 ; -                  ; n/a           ; n/a             ; n/a         ;
; phase[2]         ; 2.5 V        ; 0 in              ; 0 H/in                  ; 0 F/in                  ; short         ; -                   ; open           ; open             ; open   ; 0 in             ; 0 H/in                 ; 0 F/in                 ; short        ; open          ; open            ; open  ; 0 V                 ; -                  ; n/a           ; n/a             ; n/a         ;
; phase[3]         ; 2.5 V        ; 0 in              ; 0 H/in                  ; 0 F/in                  ; short         ; -                   ; open           ; open             ; open   ; 0 in             ; 0 H/in                 ; 0 F/in                 ; short        ; open          ; open            ; open  ; 0 V                 ; -                  ; n/a           ; n/a             ; n/a         ;
; phase[4]         ; 2.5 V        ; 0 in              ; 0 H/in                  ; 0 F/in                  ; short         ; -                   ; open           ; open             ; open   ; 0 in             ; 0 H/in                 ; 0 F/in                 ; short        ; open          ; open            ; open  ; 0 V                 ; -                  ; n/a           ; n/a             ; n/a         ;
; phase[5]         ; 2.5 V        ; 0 in              ; 0 H/in                  ; 0 F/in                  ; short         ; -                   ; open           ; open             ; open   ; 0 in             ; 0 H/in                 ; 0 F/in                 ; short        ; open          ; open            ; open  ; 0 V                 ; -                  ; n/a           ; n/a             ; n/a         ;
; phase[6]         ; 2.5 V        ; 0 in              ; 0 H/in                  ; 0 F/in                  ; short         ; -                   ; open           ; open             ; open   ; 0 in             ; 0 H/in                 ; 0 F/in                 ; short        ; open          ; open            ; open  ; 0 V                 ; -                  ; n/a           ; n/a             ; n/a         ;
; phase[7]         ; 2.5 V        ; 0 in              ; 0 H/in                  ; 0 F/in                  ; short         ; -                   ; open           ; open             ; open   ; 0 in             ; 0 H/in                 ; 0 F/in                 ; short        ; open          ; open            ; open  ; 0 V                 ; -                  ; n/a           ; n/a             ; n/a         ;
; phase[8]         ; 2.5 V        ; 0 in              ; 0 H/in                  ; 0 F/in                  ; short         ; -                   ; open           ; open             ; open   ; 0 in             ; 0 H/in                 ; 0 F/in                 ; short        ; open          ; open            ; open  ; 0 V                 ; -                  ; n/a           ; n/a             ; n/a         ;
; phase[9]         ; 2.5 V        ; 0 in              ; 0 H/in                  ; 0 F/in                  ; short         ; -                   ; open           ; open             ; open   ; 0 in             ; 0 H/in                 ; 0 F/in                 ; short        ; open          ; open            ; open  ; 0 V                 ; -                  ; n/a           ; n/a             ; n/a         ;
; phase[10]        ; 2.5 V        ; 0 in              ; 0 H/in                  ; 0 F/in                  ; short         ; -                   ; open           ; open             ; open   ; 0 in             ; 0 H/in                 ; 0 F/in                 ; short        ; open          ; open            ; open  ; 0 V                 ; -                  ; n/a           ; n/a             ; n/a         ;
; phase[11]        ; 2.5 V        ; 0 in              ; 0 H/in                  ; 0 F/in                  ; short         ; -                   ; open           ; open             ; open   ; 0 in             ; 0 H/in                 ; 0 F/in                 ; short        ; open          ; open            ; open  ; 0 V                 ; -                  ; n/a           ; n/a             ; n/a         ;
; phase[12]        ; 2.5 V        ; 0 in              ; 0 H/in                  ; 0 F/in                  ; short         ; -                   ; open           ; open             ; open   ; 0 in             ; 0 H/in                 ; 0 F/in                 ; short        ; open          ; open            ; open  ; 0 V                 ; -                  ; n/a           ; n/a             ; n/a         ;
; phase[13]        ; 2.5 V        ; 0 in              ; 0 H/in                  ; 0 F/in                  ; short         ; -                   ; open           ; open             ; open   ; 0 in             ; 0 H/in                 ; 0 F/in                 ; short        ; open          ; open            ; open  ; 0 V                 ; -                  ; n/a           ; n/a             ; n/a         ;
; phase[14]        ; 2.5 V        ; 0 in              ; 0 H/in                  ; 0 F/in                  ; short         ; -                   ; open           ; open             ; open   ; 0 in             ; 0 H/in                 ; 0 F/in                 ; short        ; open          ; open            ; open  ; 0 V                 ; -                  ; n/a           ; n/a             ; n/a         ;
; phase[15]        ; 2.5 V        ; 0 in              ; 0 H/in                  ; 0 F/in                  ; short         ; -                   ; open           ; open             ; open   ; 0 in             ; 0 H/in                 ; 0 F/in                 ; short        ; open          ; open            ; open  ; 0 V                 ; -                  ; n/a           ; n/a             ; n/a         ;
; phase[16]        ; 2.5 V        ; 0 in              ; 0 H/in                  ; 0 F/in                  ; short         ; -                   ; open           ; open             ; open   ; 0 in             ; 0 H/in                 ; 0 F/in                 ; short        ; open          ; open            ; open  ; 0 V                 ; -                  ; n/a           ; n/a             ; n/a         ;
; phase[17]        ; 2.5 V        ; 0 in              ; 0 H/in                  ; 0 F/in                  ; short         ; -                   ; open           ; open             ; open   ; 0 in             ; 0 H/in                 ; 0 F/in                 ; short        ; open          ; open            ; open  ; 0 V                 ; -                  ; n/a           ; n/a             ; n/a         ;
; phase[18]        ; 2.5 V        ; 0 in              ; 0 H/in                  ; 0 F/in                  ; short         ; -                   ; open           ; open             ; open   ; 0 in             ; 0 H/in                 ; 0 F/in                 ; short        ; open          ; open            ; open  ; 0 V                 ; -                  ; n/a           ; n/a             ; n/a         ;
; phase[19]        ; 2.5 V        ; 0 in              ; 0 H/in                  ; 0 F/in                  ; short         ; -                   ; open           ; open             ; open   ; 0 in             ; 0 H/in                 ; 0 F/in                 ; short        ; open          ; open            ; open  ; 0 V                 ; -                  ; n/a           ; n/a             ; n/a         ;
; phase[20]        ; 2.5 V        ; 0 in              ; 0 H/in                  ; 0 F/in                  ; short         ; -                   ; open           ; open             ; open   ; 0 in             ; 0 H/in                 ; 0 F/in                 ; short        ; open          ; open            ; open  ; 0 V                 ; -                  ; n/a           ; n/a             ; n/a         ;
; phase[21]        ; 2.5 V        ; 0 in              ; 0 H/in                  ; 0 F/in                  ; short         ; -                   ; open           ; open             ; open   ; 0 in             ; 0 H/in                 ; 0 F/in                 ; short        ; open          ; open            ; open  ; 0 V                 ; -                  ; n/a           ; n/a             ; n/a         ;
; phase[22]        ; 2.5 V        ; 0 in              ; 0 H/in                  ; 0 F/in                  ; short         ; -                   ; open           ; open             ; open   ; 0 in             ; 0 H/in                 ; 0 F/in                 ; short        ; open          ; open            ; open  ; 0 V                 ; -                  ; n/a           ; n/a             ; n/a         ;
; phase[23]        ; 2.5 V        ; 0 in              ; 0 H/in                  ; 0 F/in                  ; short         ; -                   ; open           ; open             ; open   ; 0 in             ; 0 H/in                 ; 0 F/in                 ; short        ; open          ; open            ; open  ; 0 V                 ; -                  ; n/a           ; n/a             ; n/a         ;
; phase[24]        ; 2.5 V        ; 0 in              ; 0 H/in                  ; 0 F/in                  ; short         ; -                   ; open           ; open             ; open   ; 0 in             ; 0 H/in                 ; 0 F/in                 ; short        ; open          ; open            ; open  ; 0 V                 ; -                  ; n/a           ; n/a             ; n/a         ;
; phase[25]        ; 2.5 V        ; 0 in              ; 0 H/in                  ; 0 F/in                  ; short         ; -                   ; open           ; open             ; open   ; 0 in             ; 0 H/in                 ; 0 F/in                 ; short        ; open          ; open            ; open  ; 0 V                 ; -                  ; n/a           ; n/a             ; n/a         ;
; phase[26]        ; 2.5 V        ; 0 in              ; 0 H/in                  ; 0 F/in                  ; short         ; -                   ; open           ; open             ; open   ; 0 in             ; 0 H/in                 ; 0 F/in                 ; short        ; open          ; open            ; open  ; 0 V                 ; -                  ; n/a           ; n/a             ; n/a         ;
; phase[27]        ; 2.5 V        ; 0 in              ; 0 H/in                  ; 0 F/in                  ; short         ; -                   ; open           ; open             ; open   ; 0 in             ; 0 H/in                 ; 0 F/in                 ; short        ; open          ; open            ; open  ; 0 V                 ; -                  ; n/a           ; n/a             ; n/a         ;
; phase[28]        ; 2.5 V        ; 0 in              ; 0 H/in                  ; 0 F/in                  ; short         ; -                   ; open           ; open             ; open   ; 0 in             ; 0 H/in                 ; 0 F/in                 ; short        ; open          ; open            ; open  ; 0 V                 ; -                  ; n/a           ; n/a             ; n/a         ;
; phase[29]        ; 2.5 V        ; 0 in              ; 0 H/in                  ; 0 F/in                  ; short         ; -                   ; open           ; open             ; open   ; 0 in             ; 0 H/in                 ; 0 F/in                 ; short        ; open          ; open            ; open  ; 0 V                 ; -                  ; n/a           ; n/a             ; n/a         ;
; phase[30]        ; 2.5 V        ; 0 in              ; 0 H/in                  ; 0 F/in                  ; short         ; -                   ; open           ; open             ; open   ; 0 in             ; 0 H/in                 ; 0 F/in                 ; short        ; open          ; open            ; open  ; 0 V                 ; -                  ; n/a           ; n/a             ; n/a         ;
; phase[31]        ; 2.5 V        ; 0 in              ; 0 H/in                  ; 0 F/in                  ; short         ; -                   ; open           ; open             ; open   ; 0 in             ; 0 H/in                 ; 0 F/in                 ; short        ; open          ; open            ; open  ; 0 V                 ; -                  ; n/a           ; n/a             ; n/a         ;
; magnitude[0]     ; 2.5 V        ; 0 in              ; 0 H/in                  ; 0 F/in                  ; short         ; -                   ; open           ; open             ; open   ; 0 in             ; 0 H/in                 ; 0 F/in                 ; short        ; open          ; open            ; open  ; 0 V                 ; -                  ; n/a           ; n/a             ; n/a         ;
; magnitude[1]     ; 2.5 V        ; 0 in              ; 0 H/in                  ; 0 F/in                  ; short         ; -                   ; open           ; open             ; open   ; 0 in             ; 0 H/in                 ; 0 F/in                 ; short        ; open          ; open            ; open  ; 0 V                 ; -                  ; n/a           ; n/a             ; n/a         ;
; magnitude[2]     ; 2.5 V        ; 0 in              ; 0 H/in                  ; 0 F/in                  ; short         ; -                   ; open           ; open             ; open   ; 0 in             ; 0 H/in                 ; 0 F/in                 ; short        ; open          ; open            ; open  ; 0 V                 ; -                  ; n/a           ; n/a             ; n/a         ;
; magnitude[3]     ; 2.5 V        ; 0 in              ; 0 H/in                  ; 0 F/in                  ; short         ; -                   ; open           ; open             ; open   ; 0 in             ; 0 H/in                 ; 0 F/in                 ; short        ; open          ; open            ; open  ; 0 V                 ; -                  ; n/a           ; n/a             ; n/a         ;
; magnitude[4]     ; 2.5 V        ; 0 in              ; 0 H/in                  ; 0 F/in                  ; short         ; -                   ; open           ; open             ; open   ; 0 in             ; 0 H/in                 ; 0 F/in                 ; short        ; open          ; open            ; open  ; 0 V                 ; -                  ; n/a           ; n/a             ; n/a         ;
; magnitude[5]     ; 2.5 V        ; 0 in              ; 0 H/in                  ; 0 F/in                  ; short         ; -                   ; open           ; open             ; open   ; 0 in             ; 0 H/in                 ; 0 F/in                 ; short        ; open          ; open            ; open  ; 0 V                 ; -                  ; n/a           ; n/a             ; n/a         ;
; magnitude[6]     ; 2.5 V        ; 0 in              ; 0 H/in                  ; 0 F/in                  ; short         ; -                   ; open           ; open             ; open   ; 0 in             ; 0 H/in                 ; 0 F/in                 ; short        ; open          ; open            ; open  ; 0 V                 ; -                  ; n/a           ; n/a             ; n/a         ;
; magnitude[7]     ; 2.5 V        ; 0 in              ; 0 H/in                  ; 0 F/in                  ; short         ; -                   ; open           ; open             ; open   ; 0 in             ; 0 H/in                 ; 0 F/in                 ; short        ; open          ; open            ; open  ; 0 V                 ; -                  ; n/a           ; n/a             ; n/a         ;
; magnitude[8]     ; 2.5 V        ; 0 in              ; 0 H/in                  ; 0 F/in                  ; short         ; -                   ; open           ; open             ; open   ; 0 in             ; 0 H/in                 ; 0 F/in                 ; short        ; open          ; open            ; open  ; 0 V                 ; -                  ; n/a           ; n/a             ; n/a         ;
; magnitude[9]     ; 2.5 V        ; 0 in              ; 0 H/in                  ; 0 F/in                  ; short         ; -                   ; open           ; open             ; open   ; 0 in             ; 0 H/in                 ; 0 F/in                 ; short        ; open          ; open            ; open  ; 0 V                 ; -                  ; n/a           ; n/a             ; n/a         ;
; magnitude[10]    ; 2.5 V        ; 0 in              ; 0 H/in                  ; 0 F/in                  ; short         ; -                   ; open           ; open             ; open   ; 0 in             ; 0 H/in                 ; 0 F/in                 ; short        ; open          ; open            ; open  ; 0 V                 ; -                  ; n/a           ; n/a             ; n/a         ;
; magnitude[11]    ; 2.5 V        ; 0 in              ; 0 H/in                  ; 0 F/in                  ; short         ; -                   ; open           ; open             ; open   ; 0 in             ; 0 H/in                 ; 0 F/in                 ; short        ; open          ; open            ; open  ; 0 V                 ; -                  ; n/a           ; n/a             ; n/a         ;
; magnitude[12]    ; 2.5 V        ; 0 in              ; 0 H/in                  ; 0 F/in                  ; short         ; -                   ; open           ; open             ; open   ; 0 in             ; 0 H/in                 ; 0 F/in                 ; short        ; open          ; open            ; open  ; 0 V                 ; -                  ; n/a           ; n/a             ; n/a         ;
; magnitude[13]    ; 2.5 V        ; 0 in              ; 0 H/in                  ; 0 F/in                  ; short         ; -                   ; open           ; open             ; open   ; 0 in             ; 0 H/in                 ; 0 F/in                 ; short        ; open          ; open            ; open  ; 0 V                 ; -                  ; n/a           ; n/a             ; n/a         ;
; magnitude[14]    ; 2.5 V        ; 0 in              ; 0 H/in                  ; 0 F/in                  ; short         ; -                   ; open           ; open             ; open   ; 0 in             ; 0 H/in                 ; 0 F/in                 ; short        ; open          ; open            ; open  ; 0 V                 ; -                  ; n/a           ; n/a             ; n/a         ;
; magnitude[15]    ; 2.5 V        ; 0 in              ; 0 H/in                  ; 0 F/in                  ; short         ; -                   ; open           ; open             ; open   ; 0 in             ; 0 H/in                 ; 0 F/in                 ; short        ; open          ; open            ; open  ; 0 V                 ; -                  ; n/a           ; n/a             ; n/a         ;
; magnitude[16]    ; 2.5 V        ; 0 in              ; 0 H/in                  ; 0 F/in                  ; short         ; -                   ; open           ; open             ; open   ; 0 in             ; 0 H/in                 ; 0 F/in                 ; short        ; open          ; open            ; open  ; 0 V                 ; -                  ; n/a           ; n/a             ; n/a         ;
; magnitude[17]    ; 2.5 V        ; 0 in              ; 0 H/in                  ; 0 F/in                  ; short         ; -                   ; open           ; open             ; open   ; 0 in             ; 0 H/in                 ; 0 F/in                 ; short        ; open          ; open            ; open  ; 0 V                 ; -                  ; n/a           ; n/a             ; n/a         ;
; magnitude[18]    ; 2.5 V        ; 0 in              ; 0 H/in                  ; 0 F/in                  ; short         ; -                   ; open           ; open             ; open   ; 0 in             ; 0 H/in                 ; 0 F/in                 ; short        ; open          ; open            ; open  ; 0 V                 ; -                  ; n/a           ; n/a             ; n/a         ;
; magnitude[19]    ; 2.5 V        ; 0 in              ; 0 H/in                  ; 0 F/in                  ; short         ; -                   ; open           ; open             ; open   ; 0 in             ; 0 H/in                 ; 0 F/in                 ; short        ; open          ; open            ; open  ; 0 V                 ; -                  ; n/a           ; n/a             ; n/a         ;
; magnitude[20]    ; 2.5 V        ; 0 in              ; 0 H/in                  ; 0 F/in                  ; short         ; -                   ; open           ; open             ; open   ; 0 in             ; 0 H/in                 ; 0 F/in                 ; short        ; open          ; open            ; open  ; 0 V                 ; -                  ; n/a           ; n/a             ; n/a         ;
; magnitude[21]    ; 2.5 V        ; 0 in              ; 0 H/in                  ; 0 F/in                  ; short         ; -                   ; open           ; open             ; open   ; 0 in             ; 0 H/in                 ; 0 F/in                 ; short        ; open          ; open            ; open  ; 0 V                 ; -                  ; n/a           ; n/a             ; n/a         ;
; magnitude[22]    ; 2.5 V        ; 0 in              ; 0 H/in                  ; 0 F/in                  ; short         ; -                   ; open           ; open             ; open   ; 0 in             ; 0 H/in                 ; 0 F/in                 ; short        ; open          ; open            ; open  ; 0 V                 ; -                  ; n/a           ; n/a             ; n/a         ;
; magnitude[23]    ; 2.5 V        ; 0 in              ; 0 H/in                  ; 0 F/in                  ; short         ; -                   ; open           ; open             ; open   ; 0 in             ; 0 H/in                 ; 0 F/in                 ; short        ; open          ; open            ; open  ; 0 V                 ; -                  ; n/a           ; n/a             ; n/a         ;
; magnitude[24]    ; 2.5 V        ; 0 in              ; 0 H/in                  ; 0 F/in                  ; short         ; -                   ; open           ; open             ; open   ; 0 in             ; 0 H/in                 ; 0 F/in                 ; short        ; open          ; open            ; open  ; 0 V                 ; -                  ; n/a           ; n/a             ; n/a         ;
; magnitude[25]    ; 2.5 V        ; 0 in              ; 0 H/in                  ; 0 F/in                  ; short         ; -                   ; open           ; open             ; open   ; 0 in             ; 0 H/in                 ; 0 F/in                 ; short        ; open          ; open            ; open  ; 0 V                 ; -                  ; n/a           ; n/a             ; n/a         ;
; magnitude[26]    ; 2.5 V        ; 0 in              ; 0 H/in                  ; 0 F/in                  ; short         ; -                   ; open           ; open             ; open   ; 0 in             ; 0 H/in                 ; 0 F/in                 ; short        ; open          ; open            ; open  ; 0 V                 ; -                  ; n/a           ; n/a             ; n/a         ;
; magnitude[27]    ; 2.5 V        ; 0 in              ; 0 H/in                  ; 0 F/in                  ; short         ; -                   ; open           ; open             ; open   ; 0 in             ; 0 H/in                 ; 0 F/in                 ; short        ; open          ; open            ; open  ; 0 V                 ; -                  ; n/a           ; n/a             ; n/a         ;
; magnitude[28]    ; 2.5 V        ; 0 in              ; 0 H/in                  ; 0 F/in                  ; short         ; -                   ; open           ; open             ; open   ; 0 in             ; 0 H/in                 ; 0 F/in                 ; short        ; open          ; open            ; open  ; 0 V                 ; -                  ; n/a           ; n/a             ; n/a         ;
; magnitude[29]    ; 2.5 V        ; 0 in              ; 0 H/in                  ; 0 F/in                  ; short         ; -                   ; open           ; open             ; open   ; 0 in             ; 0 H/in                 ; 0 F/in                 ; short        ; open          ; open            ; open  ; 0 V                 ; -                  ; n/a           ; n/a             ; n/a         ;
; magnitude[30]    ; 2.5 V        ; 0 in              ; 0 H/in                  ; 0 F/in                  ; short         ; -                   ; open           ; open             ; open   ; 0 in             ; 0 H/in                 ; 0 F/in                 ; short        ; open          ; open            ; open  ; 0 V                 ; -                  ; n/a           ; n/a             ; n/a         ;
; magnitude[31]    ; 2.5 V        ; 0 in              ; 0 H/in                  ; 0 F/in                  ; short         ; -                   ; open           ; open             ; open   ; 0 in             ; 0 H/in                 ; 0 F/in                 ; short        ; open          ; open            ; open  ; 0 V                 ; -                  ; n/a           ; n/a             ; n/a         ;
; ~ALTERA_DCLK~    ; 2.5 V        ; 0 in              ; 0 H/in                  ; 0 F/in                  ; short         ; -                   ; open           ; open             ; open   ; 0 in             ; 0 H/in                 ; 0 F/in                 ; short        ; open          ; open            ; open  ; 0 V                 ; -                  ; n/a           ; n/a             ; n/a         ;
; ~ALTERA_nCEO~    ; 2.5 V        ; 0 in              ; 0 H/in                  ; 0 F/in                  ; short         ; -                   ; open           ; open             ; open   ; 0 in             ; 0 H/in                 ; 0 F/in                 ; short        ; open          ; open            ; open  ; 0 V                 ; -                  ; n/a           ; n/a             ; n/a         ;
+------------------+--------------+-------------------+-------------------------+-------------------------+---------------+---------------------+----------------+------------------+--------+------------------+------------------------+------------------------+--------------+---------------+-----------------+-------+---------------------+--------------------+---------------+-----------------+-------------+


+----------------------------------------------------------------------------+
; Input Transition Times                                                     ;
+-------------------------+--------------+-----------------+-----------------+
; Pin                     ; I/O Standard ; 10-90 Rise Time ; 90-10 Fall Time ;
+-------------------------+--------------+-----------------+-----------------+
; rst_n                   ; 2.5 V        ; 2000 ps         ; 2000 ps         ;
; clk                     ; 2.5 V        ; 2000 ps         ; 2000 ps         ;
; dout                    ; 2.5 V        ; 2000 ps         ; 2000 ps         ;
; ttl_in                  ; 2.5 V        ; 2000 ps         ; 2000 ps         ;
; ~ALTERA_ASDO_DATA1~     ; 2.5 V        ; 2000 ps         ; 2000 ps         ;
; ~ALTERA_FLASH_nCE_nCSO~ ; 2.5 V        ; 2000 ps         ; 2000 ps         ;
; ~ALTERA_DATA0~          ; 2.5 V        ; 2000 ps         ; 2000 ps         ;
+-------------------------+--------------+-----------------+-----------------+


+-----------------------------------------------------------------------------------------------------------------------------------------------------------------------------------------------------------------------------------------------------------------------------------------------------------------------------------------------------------------------------------------------------------------------------------------------------------------------------------------------------------------------------------------------------------------------------------------------------------------------------------------------------------------------------------------------+
; Signal Integrity Metrics (Slow 1200mv 0c Model)                                                                                                                                                                                                                                                                                                                                                                                                                                                                                                                                                                                                                                               ;
+------------------+--------------+---------------------+---------------------+------------------------------+------------------------------+---------------------+---------------------+--------------------------------------+--------------------------------------+-----------------------------+-----------------------------+----------------------------+----------------------------+-----------------------------+-----------------------------+--------------------+--------------------+-------------------------------------+-------------------------------------+----------------------------+----------------------------+---------------------------+---------------------------+
; Pin              ; I/O Standard ; Board Delay on Rise ; Board Delay on Fall ; Steady State Voh at FPGA Pin ; Steady State Vol at FPGA Pin ; Voh Max at FPGA Pin ; Vol Min at FPGA Pin ; Ringback Voltage on Rise at FPGA Pin ; Ringback Voltage on Fall at FPGA Pin ; 10-90 Rise Time at FPGA Pin ; 90-10 Fall Time at FPGA Pin ; Monotonic Rise at FPGA Pin ; Monotonic Fall at FPGA Pin ; Steady State Voh at Far-end ; Steady State Vol at Far-end ; Voh Max at Far-end ; Vol Min at Far-end ; Ringback Voltage on Rise at Far-end ; Ringback Voltage on Fall at Far-end ; 10-90 Rise Time at Far-end ; 90-10 Fall Time at Far-end ; Monotonic Rise at Far-end ; Monotonic Fall at Far-end ;
+------------------+--------------+---------------------+---------------------+------------------------------+------------------------------+---------------------+---------------------+--------------------------------------+--------------------------------------+-----------------------------+-----------------------------+----------------------------+----------------------------+-----------------------------+-----------------------------+--------------------+--------------------+-------------------------------------+-------------------------------------+----------------------------+----------------------------+---------------------------+---------------------------+
; sclk             ; 2.5 V        ; 0 s                 ; 0 s                 ; 2.32 V                       ; 5.95e-09 V                   ; 2.38 V              ; -0.016 V            ; 0.22 V                               ; 0.025 V                              ; 3.06e-10 s                  ; 3.3e-10 s                   ; Yes                        ; Yes                        ; 2.32 V                      ; 5.95e-09 V                  ; 2.38 V             ; -0.016 V           ; 0.22 V                              ; 0.025 V                             ; 3.06e-10 s                 ; 3.3e-10 s                  ; Yes                       ; Yes                       ;
; din              ; 2.5 V        ; 0 s                 ; 0 s                 ; 2.32 V                       ; 5.95e-09 V                   ; 2.38 V              ; -0.016 V            ; 0.22 V                               ; 0.025 V                              ; 3.06e-10 s                  ; 3.3e-10 s                   ; Yes                        ; Yes                        ; 2.32 V                      ; 5.95e-09 V                  ; 2.38 V             ; -0.016 V           ; 0.22 V                              ; 0.025 V                             ; 3.06e-10 s                 ; 3.3e-10 s                  ; Yes                       ; Yes                       ;
; cs               ; 2.5 V        ; 0 s                 ; 0 s                 ; 2.32 V                       ; 5.95e-09 V                   ; 2.38 V              ; -0.016 V            ; 0.22 V                               ; 0.025 V                              ; 3.06e-10 s                  ; 3.3e-10 s                   ; Yes                        ; Yes                        ; 2.32 V                      ; 5.95e-09 V                  ; 2.38 V             ; -0.016 V           ; 0.22 V                              ; 0.025 V                             ; 3.06e-10 s                 ; 3.3e-10 s                  ; Yes                       ; Yes                       ;
; clock_out        ; 2.5 V        ; 0 s                 ; 0 s                 ; 2.32 V                       ; 5.95e-09 V                   ; 2.33 V              ; -0.00616 V          ; 0.191 V                              ; 0.099 V                              ; 2.83e-09 s                  ; 2.56e-09 s                  ; No                         ; Yes                        ; 2.32 V                      ; 5.95e-09 V                  ; 2.33 V             ; -0.00616 V         ; 0.191 V                             ; 0.099 V                             ; 2.83e-09 s                 ; 2.56e-09 s                 ; No                        ; Yes                       ;
; afe_data[0]      ; 2.5 V        ; 0 s                 ; 0 s                 ; 2.32 V                       ; 4.44e-09 V                   ; 2.33 V              ; -0.00624 V          ; 0.185 V                              ; 0.097 V                              ; 2.82e-09 s                  ; 2.56e-09 s                  ; No                         ; Yes                        ; 2.32 V                      ; 4.44e-09 V                  ; 2.33 V             ; -0.00624 V         ; 0.185 V                             ; 0.097 V                             ; 2.82e-09 s                 ; 2.56e-09 s                 ; No                        ; Yes                       ;
; afe_data[1]      ; 2.5 V        ; 0 s                 ; 0 s                 ; 2.32 V                       ; 4.44e-09 V                   ; 2.38 V              ; -0.0145 V           ; 0.169 V                              ; 0.026 V                              ; 4.83e-10 s                  ; 4.71e-10 s                  ; Yes                        ; Yes                        ; 2.32 V                      ; 4.44e-09 V                  ; 2.38 V             ; -0.0145 V          ; 0.169 V                             ; 0.026 V                             ; 4.83e-10 s                 ; 4.71e-10 s                 ; Yes                       ; Yes                       ;
; afe_data[2]      ; 2.5 V        ; 0 s                 ; 0 s                 ; 2.32 V                       ; 5.95e-09 V                   ; 2.38 V              ; -0.016 V            ; 0.22 V                               ; 0.025 V                              ; 3.06e-10 s                  ; 3.3e-10 s                   ; Yes                        ; Yes                        ; 2.32 V                      ; 5.95e-09 V                  ; 2.38 V             ; -0.016 V           ; 0.22 V                              ; 0.025 V                             ; 3.06e-10 s                 ; 3.3e-10 s                  ; Yes                       ; Yes                       ;
; afe_data[3]      ; 2.5 V        ; 0 s                 ; 0 s                 ; 2.32 V                       ; 4.44e-09 V                   ; 2.39 V              ; -0.0265 V           ; 0.2 V                                ; 0.033 V                              ; 2.94e-10 s                  ; 3.12e-10 s                  ; Yes                        ; Yes                        ; 2.32 V                      ; 4.44e-09 V                  ; 2.39 V             ; -0.0265 V          ; 0.2 V                               ; 0.033 V                             ; 2.94e-10 s                 ; 3.12e-10 s                 ; Yes                       ; Yes                       ;
; afe_data[4]      ; 2.5 V        ; 0 s                 ; 0 s                 ; 2.32 V                       ; 5.95e-09 V                   ; 2.38 V              ; -0.016 V            ; 0.22 V                               ; 0.025 V                              ; 3.06e-10 s                  ; 3.3e-10 s                   ; Yes                        ; Yes                        ; 2.32 V                      ; 5.95e-09 V                  ; 2.38 V             ; -0.016 V           ; 0.22 V                              ; 0.025 V                             ; 3.06e-10 s                 ; 3.3e-10 s                  ; Yes                       ; Yes                       ;
; afe_data[5]      ; 2.5 V        ; 0 s                 ; 0 s                 ; 2.32 V                       ; 5.95e-09 V                   ; 2.38 V              ; -0.016 V            ; 0.22 V                               ; 0.025 V                              ; 3.06e-10 s                  ; 3.3e-10 s                   ; Yes                        ; Yes                        ; 2.32 V                      ; 5.95e-09 V                  ; 2.38 V             ; -0.016 V           ; 0.22 V                              ; 0.025 V                             ; 3.06e-10 s                 ; 3.3e-10 s                  ; Yes                       ; Yes                       ;
; afe_data[6]      ; 2.5 V        ; 0 s                 ; 0 s                 ; 2.32 V                       ; 5.95e-09 V                   ; 2.38 V              ; -0.016 V            ; 0.22 V                               ; 0.025 V                              ; 3.06e-10 s                  ; 3.3e-10 s                   ; Yes                        ; Yes                        ; 2.32 V                      ; 5.95e-09 V                  ; 2.38 V             ; -0.016 V           ; 0.22 V                              ; 0.025 V                             ; 3.06e-10 s                 ; 3.3e-10 s                  ; Yes                       ; Yes                       ;
; afe_data[7]      ; 2.5 V        ; 0 s                 ; 0 s                 ; 2.32 V                       ; 5.95e-09 V                   ; 2.38 V              ; -0.016 V            ; 0.22 V                               ; 0.025 V                              ; 3.06e-10 s                  ; 3.3e-10 s                   ; Yes                        ; Yes                        ; 2.32 V                      ; 5.95e-09 V                  ; 2.38 V             ; -0.016 V           ; 0.22 V                              ; 0.025 V                             ; 3.06e-10 s                 ; 3.3e-10 s                  ; Yes                       ; Yes                       ;
; afe_data[8]      ; 2.5 V        ; 0 s                 ; 0 s                 ; 2.32 V                       ; 5.95e-09 V                   ; 2.38 V              ; -0.016 V            ; 0.22 V                               ; 0.025 V                              ; 3.06e-10 s                  ; 3.3e-10 s                   ; Yes                        ; Yes                        ; 2.32 V                      ; 5.95e-09 V                  ; 2.38 V             ; -0.016 V           ; 0.22 V                              ; 0.025 V                             ; 3.06e-10 s                 ; 3.3e-10 s                  ; Yes                       ; Yes                       ;
; afe_data[9]      ; 2.5 V        ; 0 s                 ; 0 s                 ; 2.32 V                       ; 4.44e-09 V                   ; 2.38 V              ; -0.0145 V           ; 0.169 V                              ; 0.026 V                              ; 4.83e-10 s                  ; 4.71e-10 s                  ; Yes                        ; Yes                        ; 2.32 V                      ; 4.44e-09 V                  ; 2.38 V             ; -0.0145 V          ; 0.169 V                             ; 0.026 V                             ; 4.83e-10 s                 ; 4.71e-10 s                 ; Yes                       ; Yes                       ;
; afe_data[10]     ; 2.5 V        ; 0 s                 ; 0 s                 ; 2.32 V                       ; 4.44e-09 V                   ; 2.39 V              ; -0.0265 V           ; 0.2 V                                ; 0.033 V                              ; 2.94e-10 s                  ; 3.12e-10 s                  ; Yes                        ; Yes                        ; 2.32 V                      ; 4.44e-09 V                  ; 2.39 V             ; -0.0265 V          ; 0.2 V                               ; 0.033 V                             ; 2.94e-10 s                 ; 3.12e-10 s                 ; Yes                       ; Yes                       ;
; afe_data[11]     ; 2.5 V        ; 0 s                 ; 0 s                 ; 2.32 V                       ; 5.95e-09 V                   ; 2.38 V              ; -0.016 V            ; 0.22 V                               ; 0.025 V                              ; 3.06e-10 s                  ; 3.3e-10 s                   ; Yes                        ; Yes                        ; 2.32 V                      ; 5.95e-09 V                  ; 2.38 V             ; -0.016 V           ; 0.22 V                              ; 0.025 V                             ; 3.06e-10 s                 ; 3.3e-10 s                  ; Yes                       ; Yes                       ;
; N_sample_out[0]  ; 2.5 V        ; 0 s                 ; 0 s                 ; 2.32 V                       ; 5.95e-09 V                   ; 2.38 V              ; -0.016 V            ; 0.22 V                               ; 0.025 V                              ; 3.06e-10 s                  ; 3.3e-10 s                   ; Yes                        ; Yes                        ; 2.32 V                      ; 5.95e-09 V                  ; 2.38 V             ; -0.016 V           ; 0.22 V                              ; 0.025 V                             ; 3.06e-10 s                 ; 3.3e-10 s                  ; Yes                       ; Yes                       ;
; N_sample_out[1]  ; 2.5 V        ; 0 s                 ; 0 s                 ; 2.32 V                       ; 5.95e-09 V                   ; 2.38 V              ; -0.016 V            ; 0.22 V                               ; 0.025 V                              ; 3.06e-10 s                  ; 3.3e-10 s                   ; Yes                        ; Yes                        ; 2.32 V                      ; 5.95e-09 V                  ; 2.38 V             ; -0.016 V           ; 0.22 V                              ; 0.025 V                             ; 3.06e-10 s                 ; 3.3e-10 s                  ; Yes                       ; Yes                       ;
; N_sample_out[2]  ; 2.5 V        ; 0 s                 ; 0 s                 ; 2.32 V                       ; 5.95e-09 V                   ; 2.38 V              ; -0.016 V            ; 0.22 V                               ; 0.025 V                              ; 3.06e-10 s                  ; 3.3e-10 s                   ; Yes                        ; Yes                        ; 2.32 V                      ; 5.95e-09 V                  ; 2.38 V             ; -0.016 V           ; 0.22 V                              ; 0.025 V                             ; 3.06e-10 s                 ; 3.3e-10 s                  ; Yes                       ; Yes                       ;
; N_sample_out[3]  ; 2.5 V        ; 0 s                 ; 0 s                 ; 2.32 V                       ; 5.95e-09 V                   ; 2.38 V              ; -0.016 V            ; 0.22 V                               ; 0.025 V                              ; 3.06e-10 s                  ; 3.3e-10 s                   ; Yes                        ; Yes                        ; 2.32 V                      ; 5.95e-09 V                  ; 2.38 V             ; -0.016 V           ; 0.22 V                              ; 0.025 V                             ; 3.06e-10 s                 ; 3.3e-10 s                  ; Yes                       ; Yes                       ;
; N_sample_out[4]  ; 2.5 V        ; 0 s                 ; 0 s                 ; 2.32 V                       ; 5.95e-09 V                   ; 2.38 V              ; -0.016 V            ; 0.22 V                               ; 0.025 V                              ; 3.06e-10 s                  ; 3.3e-10 s                   ; Yes                        ; Yes                        ; 2.32 V                      ; 5.95e-09 V                  ; 2.38 V             ; -0.016 V           ; 0.22 V                              ; 0.025 V                             ; 3.06e-10 s                 ; 3.3e-10 s                  ; Yes                       ; Yes                       ;
; N_sample_out[5]  ; 2.5 V        ; 0 s                 ; 0 s                 ; 2.32 V                       ; 4.44e-09 V                   ; 2.38 V              ; -0.0145 V           ; 0.169 V                              ; 0.026 V                              ; 4.83e-10 s                  ; 4.71e-10 s                  ; Yes                        ; Yes                        ; 2.32 V                      ; 4.44e-09 V                  ; 2.38 V             ; -0.0145 V          ; 0.169 V                             ; 0.026 V                             ; 4.83e-10 s                 ; 4.71e-10 s                 ; Yes                       ; Yes                       ;
; N_sample_out[6]  ; 2.5 V        ; 0 s                 ; 0 s                 ; 2.32 V                       ; 4.44e-09 V                   ; 2.38 V              ; -0.0145 V           ; 0.169 V                              ; 0.026 V                              ; 4.83e-10 s                  ; 4.71e-10 s                  ; Yes                        ; Yes                        ; 2.32 V                      ; 4.44e-09 V                  ; 2.38 V             ; -0.0145 V          ; 0.169 V                             ; 0.026 V                             ; 4.83e-10 s                 ; 4.71e-10 s                 ; Yes                       ; Yes                       ;
; N_sample_out[7]  ; 2.5 V        ; 0 s                 ; 0 s                 ; 2.32 V                       ; 4.44e-09 V                   ; 2.39 V              ; -0.0265 V           ; 0.2 V                                ; 0.033 V                              ; 2.94e-10 s                  ; 3.12e-10 s                  ; Yes                        ; Yes                        ; 2.32 V                      ; 4.44e-09 V                  ; 2.39 V             ; -0.0265 V          ; 0.2 V                               ; 0.033 V                             ; 2.94e-10 s                 ; 3.12e-10 s                 ; Yes                       ; Yes                       ;
; N_sample_out[8]  ; 2.5 V        ; 0 s                 ; 0 s                 ; 2.32 V                       ; 5.95e-09 V                   ; 2.38 V              ; -0.016 V            ; 0.22 V                               ; 0.025 V                              ; 3.06e-10 s                  ; 3.3e-10 s                   ; Yes                        ; Yes                        ; 2.32 V                      ; 5.95e-09 V                  ; 2.38 V             ; -0.016 V           ; 0.22 V                              ; 0.025 V                             ; 3.06e-10 s                 ; 3.3e-10 s                  ; Yes                       ; Yes                       ;
; N_sample_out[9]  ; 2.5 V        ; 0 s                 ; 0 s                 ; 2.32 V                       ; 5.95e-09 V                   ; 2.38 V              ; -0.016 V            ; 0.22 V                               ; 0.025 V                              ; 3.06e-10 s                  ; 3.3e-10 s                   ; Yes                        ; Yes                        ; 2.32 V                      ; 5.95e-09 V                  ; 2.38 V             ; -0.016 V           ; 0.22 V                              ; 0.025 V                             ; 3.06e-10 s                 ; 3.3e-10 s                  ; Yes                       ; Yes                       ;
; N_sample_out[10] ; 2.5 V        ; 0 s                 ; 0 s                 ; 2.32 V                       ; 4.44e-09 V                   ; 2.38 V              ; -0.0145 V           ; 0.169 V                              ; 0.026 V                              ; 4.83e-10 s                  ; 4.71e-10 s                  ; Yes                        ; Yes                        ; 2.32 V                      ; 4.44e-09 V                  ; 2.38 V             ; -0.0145 V          ; 0.169 V                             ; 0.026 V                             ; 4.83e-10 s                 ; 4.71e-10 s                 ; Yes                       ; Yes                       ;
; N_sample_out[11] ; 2.5 V        ; 0 s                 ; 0 s                 ; 2.32 V                       ; 4.44e-09 V                   ; 2.38 V              ; -0.0145 V           ; 0.169 V                              ; 0.026 V                              ; 4.83e-10 s                  ; 4.71e-10 s                  ; Yes                        ; Yes                        ; 2.32 V                      ; 4.44e-09 V                  ; 2.38 V             ; -0.0145 V          ; 0.169 V                             ; 0.026 V                             ; 4.83e-10 s                 ; 4.71e-10 s                 ; Yes                       ; Yes                       ;
; N_sample_out[12] ; 2.5 V        ; 0 s                 ; 0 s                 ; 2.32 V                       ; 4.44e-09 V                   ; 2.39 V              ; -0.0265 V           ; 0.2 V                                ; 0.033 V                              ; 2.94e-10 s                  ; 3.12e-10 s                  ; Yes                        ; Yes                        ; 2.32 V                      ; 4.44e-09 V                  ; 2.39 V             ; -0.0265 V          ; 0.2 V                               ; 0.033 V                             ; 2.94e-10 s                 ; 3.12e-10 s                 ; Yes                       ; Yes                       ;
; N_sample_out[13] ; 2.5 V        ; 0 s                 ; 0 s                 ; 2.32 V                       ; 4.44e-09 V                   ; 2.38 V              ; -0.0145 V           ; 0.169 V                              ; 0.026 V                              ; 4.83e-10 s                  ; 4.71e-10 s                  ; Yes                        ; Yes                        ; 2.32 V                      ; 4.44e-09 V                  ; 2.38 V             ; -0.0145 V          ; 0.169 V                             ; 0.026 V                             ; 4.83e-10 s                 ; 4.71e-10 s                 ; Yes                       ; Yes                       ;
; N_sample_out[14] ; 2.5 V        ; 0 s                 ; 0 s                 ; 2.32 V                       ; 4.44e-09 V                   ; 2.38 V              ; -0.0145 V           ; 0.169 V                              ; 0.026 V                              ; 4.83e-10 s                  ; 4.71e-10 s                  ; Yes                        ; Yes                        ; 2.32 V                      ; 4.44e-09 V                  ; 2.38 V             ; -0.0145 V          ; 0.169 V                             ; 0.026 V                             ; 4.83e-10 s                 ; 4.71e-10 s                 ; Yes                       ; Yes                       ;
; N_sample_out[15] ; 2.5 V        ; 0 s                 ; 0 s                 ; 2.32 V                       ; 4.44e-09 V                   ; 2.38 V              ; -0.0145 V           ; 0.169 V                              ; 0.026 V                              ; 4.83e-10 s                  ; 4.71e-10 s                  ; Yes                        ; Yes                        ; 2.32 V                      ; 4.44e-09 V                  ; 2.38 V             ; -0.0145 V          ; 0.169 V                             ; 0.026 V                             ; 4.83e-10 s                 ; 4.71e-10 s                 ; Yes                       ; Yes                       ;
; N_sample_out[16] ; 2.5 V        ; 0 s                 ; 0 s                 ; 2.32 V                       ; 4.44e-09 V                   ; 2.39 V              ; -0.0265 V           ; 0.2 V                                ; 0.033 V                              ; 2.94e-10 s                  ; 3.12e-10 s                  ; Yes                        ; Yes                        ; 2.32 V                      ; 4.44e-09 V                  ; 2.39 V             ; -0.0265 V          ; 0.2 V                               ; 0.033 V                             ; 2.94e-10 s                 ; 3.12e-10 s                 ; Yes                       ; Yes                       ;
; N_sample_out[17] ; 2.5 V        ; 0 s                 ; 0 s                 ; 2.32 V                       ; 4.44e-09 V                   ; 2.38 V              ; -0.0145 V           ; 0.169 V                              ; 0.026 V                              ; 4.83e-10 s                  ; 4.71e-10 s                  ; Yes                        ; Yes                        ; 2.32 V                      ; 4.44e-09 V                  ; 2.38 V             ; -0.0145 V          ; 0.169 V                             ; 0.026 V                             ; 4.83e-10 s                 ; 4.71e-10 s                 ; Yes                       ; Yes                       ;
; N_sample_out[18] ; 2.5 V        ; 0 s                 ; 0 s                 ; 2.32 V                       ; 4.44e-09 V                   ; 2.38 V              ; -0.0145 V           ; 0.169 V                              ; 0.026 V                              ; 4.83e-10 s                  ; 4.71e-10 s                  ; Yes                        ; Yes                        ; 2.32 V                      ; 4.44e-09 V                  ; 2.38 V             ; -0.0145 V          ; 0.169 V                             ; 0.026 V                             ; 4.83e-10 s                 ; 4.71e-10 s                 ; Yes                       ; Yes                       ;
; N_sample_out[19] ; 2.5 V        ; 0 s                 ; 0 s                 ; 2.32 V                       ; 4.44e-09 V                   ; 2.38 V              ; -0.0145 V           ; 0.169 V                              ; 0.026 V                              ; 4.83e-10 s                  ; 4.71e-10 s                  ; Yes                        ; Yes                        ; 2.32 V                      ; 4.44e-09 V                  ; 2.38 V             ; -0.0145 V          ; 0.169 V                             ; 0.026 V                             ; 4.83e-10 s                 ; 4.71e-10 s                 ; Yes                       ; Yes                       ;
; N_sample_out[20] ; 2.5 V        ; 0 s                 ; 0 s                 ; 2.32 V                       ; 4.44e-09 V                   ; 2.38 V              ; -0.0145 V           ; 0.169 V                              ; 0.026 V                              ; 4.83e-10 s                  ; 4.71e-10 s                  ; Yes                        ; Yes                        ; 2.32 V                      ; 4.44e-09 V                  ; 2.38 V             ; -0.0145 V          ; 0.169 V                             ; 0.026 V                             ; 4.83e-10 s                 ; 4.71e-10 s                 ; Yes                       ; Yes                       ;
; N_sample_out[21] ; 2.5 V        ; 0 s                 ; 0 s                 ; 2.32 V                       ; 5.95e-09 V                   ; 2.38 V              ; -0.016 V            ; 0.22 V                               ; 0.025 V                              ; 3.06e-10 s                  ; 3.3e-10 s                   ; Yes                        ; Yes                        ; 2.32 V                      ; 5.95e-09 V                  ; 2.38 V             ; -0.016 V           ; 0.22 V                              ; 0.025 V                             ; 3.06e-10 s                 ; 3.3e-10 s                  ; Yes                       ; Yes                       ;
; N_sample_out[22] ; 2.5 V        ; 0 s                 ; 0 s                 ; 2.32 V                       ; 4.44e-09 V                   ; 2.38 V              ; -0.0145 V           ; 0.169 V                              ; 0.026 V                              ; 4.83e-10 s                  ; 4.71e-10 s                  ; Yes                        ; Yes                        ; 2.32 V                      ; 4.44e-09 V                  ; 2.38 V             ; -0.0145 V          ; 0.169 V                             ; 0.026 V                             ; 4.83e-10 s                 ; 4.71e-10 s                 ; Yes                       ; Yes                       ;
; N_sample_out[23] ; 2.5 V        ; 0 s                 ; 0 s                 ; 2.32 V                       ; 5.95e-09 V                   ; 2.38 V              ; -0.016 V            ; 0.22 V                               ; 0.025 V                              ; 3.06e-10 s                  ; 3.3e-10 s                   ; Yes                        ; Yes                        ; 2.32 V                      ; 5.95e-09 V                  ; 2.38 V             ; -0.016 V           ; 0.22 V                              ; 0.025 V                             ; 3.06e-10 s                 ; 3.3e-10 s                  ; Yes                       ; Yes                       ;
; N_sample_out[24] ; 2.5 V        ; 0 s                 ; 0 s                 ; 2.32 V                       ; 5.95e-09 V                   ; 2.38 V              ; -0.016 V            ; 0.22 V                               ; 0.025 V                              ; 3.06e-10 s                  ; 3.3e-10 s                   ; Yes                        ; Yes                        ; 2.32 V                      ; 5.95e-09 V                  ; 2.38 V             ; -0.016 V           ; 0.22 V                              ; 0.025 V                             ; 3.06e-10 s                 ; 3.3e-10 s                  ; Yes                       ; Yes                       ;
; N_sample_out[25] ; 2.5 V        ; 0 s                 ; 0 s                 ; 2.32 V                       ; 4.44e-09 V                   ; 2.33 V              ; -0.00624 V          ; 0.185 V                              ; 0.097 V                              ; 2.82e-09 s                  ; 2.56e-09 s                  ; No                         ; Yes                        ; 2.32 V                      ; 4.44e-09 V                  ; 2.33 V             ; -0.00624 V         ; 0.185 V                             ; 0.097 V                             ; 2.82e-09 s                 ; 2.56e-09 s                 ; No                        ; Yes                       ;
; N_sample_out[26] ; 2.5 V        ; 0 s                 ; 0 s                 ; 2.32 V                       ; 4.44e-09 V                   ; 2.38 V              ; -0.0145 V           ; 0.169 V                              ; 0.026 V                              ; 4.83e-10 s                  ; 4.71e-10 s                  ; Yes                        ; Yes                        ; 2.32 V                      ; 4.44e-09 V                  ; 2.38 V             ; -0.0145 V          ; 0.169 V                             ; 0.026 V                             ; 4.83e-10 s                 ; 4.71e-10 s                 ; Yes                       ; Yes                       ;
; N_sample_out[27] ; 2.5 V        ; 0 s                 ; 0 s                 ; 2.32 V                       ; 5.95e-09 V                   ; 2.38 V              ; -0.016 V            ; 0.22 V                               ; 0.025 V                              ; 3.06e-10 s                  ; 3.3e-10 s                   ; Yes                        ; Yes                        ; 2.32 V                      ; 5.95e-09 V                  ; 2.38 V             ; -0.016 V           ; 0.22 V                              ; 0.025 V                             ; 3.06e-10 s                 ; 3.3e-10 s                  ; Yes                       ; Yes                       ;
; N_sample_out[28] ; 2.5 V        ; 0 s                 ; 0 s                 ; 2.32 V                       ; 5.95e-09 V                   ; 2.38 V              ; -0.016 V            ; 0.22 V                               ; 0.025 V                              ; 3.06e-10 s                  ; 3.3e-10 s                   ; Yes                        ; Yes                        ; 2.32 V                      ; 5.95e-09 V                  ; 2.38 V             ; -0.016 V           ; 0.22 V                              ; 0.025 V                             ; 3.06e-10 s                 ; 3.3e-10 s                  ; Yes                       ; Yes                       ;
; N_sample_out[29] ; 2.5 V        ; 0 s                 ; 0 s                 ; 2.32 V                       ; 5.95e-09 V                   ; 2.38 V              ; -0.016 V            ; 0.22 V                               ; 0.025 V                              ; 3.06e-10 s                  ; 3.3e-10 s                   ; Yes                        ; Yes                        ; 2.32 V                      ; 5.95e-09 V                  ; 2.38 V             ; -0.016 V           ; 0.22 V                              ; 0.025 V                             ; 3.06e-10 s                 ; 3.3e-10 s                  ; Yes                       ; Yes                       ;
; N_sample_out[30] ; 2.5 V        ; 0 s                 ; 0 s                 ; 2.32 V                       ; 4.44e-09 V                   ; 2.38 V              ; -0.0145 V           ; 0.169 V                              ; 0.026 V                              ; 4.83e-10 s                  ; 4.71e-10 s                  ; Yes                        ; Yes                        ; 2.32 V                      ; 4.44e-09 V                  ; 2.38 V             ; -0.0145 V          ; 0.169 V                             ; 0.026 V                             ; 4.83e-10 s                 ; 4.71e-10 s                 ; Yes                       ; Yes                       ;
; N_sample_out[31] ; 2.5 V        ; 0 s                 ; 0 s                 ; 2.32 V                       ; 5.95e-09 V                   ; 2.38 V              ; -0.016 V            ; 0.22 V                               ; 0.025 V                              ; 3.06e-10 s                  ; 3.3e-10 s                   ; Yes                        ; Yes                        ; 2.32 V                      ; 5.95e-09 V                  ; 2.38 V             ; -0.016 V           ; 0.22 V                              ; 0.025 V                             ; 3.06e-10 s                 ; 3.3e-10 s                  ; Yes                       ; Yes                       ;
; phase[0]         ; 2.5 V        ; 0 s                 ; 0 s                 ; 2.32 V                       ; 5.95e-09 V                   ; 2.38 V              ; -0.016 V            ; 0.22 V                               ; 0.025 V                              ; 3.06e-10 s                  ; 3.3e-10 s                   ; Yes                        ; Yes                        ; 2.32 V                      ; 5.95e-09 V                  ; 2.38 V             ; -0.016 V           ; 0.22 V                              ; 0.025 V                             ; 3.06e-10 s                 ; 3.3e-10 s                  ; Yes                       ; Yes                       ;
; phase[1]         ; 2.5 V        ; 0 s                 ; 0 s                 ; 2.32 V                       ; 5.95e-09 V                   ; 2.38 V              ; -0.016 V            ; 0.22 V                               ; 0.025 V                              ; 3.06e-10 s                  ; 3.3e-10 s                   ; Yes                        ; Yes                        ; 2.32 V                      ; 5.95e-09 V                  ; 2.38 V             ; -0.016 V           ; 0.22 V                              ; 0.025 V                             ; 3.06e-10 s                 ; 3.3e-10 s                  ; Yes                       ; Yes                       ;
; phase[2]         ; 2.5 V        ; 0 s                 ; 0 s                 ; 2.32 V                       ; 5.95e-09 V                   ; 2.38 V              ; -0.016 V            ; 0.22 V                               ; 0.025 V                              ; 3.06e-10 s                  ; 3.3e-10 s                   ; Yes                        ; Yes                        ; 2.32 V                      ; 5.95e-09 V                  ; 2.38 V             ; -0.016 V           ; 0.22 V                              ; 0.025 V                             ; 3.06e-10 s                 ; 3.3e-10 s                  ; Yes                       ; Yes                       ;
; phase[3]         ; 2.5 V        ; 0 s                 ; 0 s                 ; 2.32 V                       ; 5.95e-09 V                   ; 2.38 V              ; -0.016 V            ; 0.22 V                               ; 0.025 V                              ; 3.06e-10 s                  ; 3.3e-10 s                   ; Yes                        ; Yes                        ; 2.32 V                      ; 5.95e-09 V                  ; 2.38 V             ; -0.016 V           ; 0.22 V                              ; 0.025 V                             ; 3.06e-10 s                 ; 3.3e-10 s                  ; Yes                       ; Yes                       ;
; phase[4]         ; 2.5 V        ; 0 s                 ; 0 s                 ; 2.32 V                       ; 5.95e-09 V                   ; 2.38 V              ; -0.016 V            ; 0.22 V                               ; 0.025 V                              ; 3.06e-10 s                  ; 3.3e-10 s                   ; Yes                        ; Yes                        ; 2.32 V                      ; 5.95e-09 V                  ; 2.38 V             ; -0.016 V           ; 0.22 V                              ; 0.025 V                             ; 3.06e-10 s                 ; 3.3e-10 s                  ; Yes                       ; Yes                       ;
; phase[5]         ; 2.5 V        ; 0 s                 ; 0 s                 ; 2.32 V                       ; 5.95e-09 V                   ; 2.38 V              ; -0.016 V            ; 0.22 V                               ; 0.025 V                              ; 3.06e-10 s                  ; 3.3e-10 s                   ; Yes                        ; Yes                        ; 2.32 V                      ; 5.95e-09 V                  ; 2.38 V             ; -0.016 V           ; 0.22 V                              ; 0.025 V                             ; 3.06e-10 s                 ; 3.3e-10 s                  ; Yes                       ; Yes                       ;
; phase[6]         ; 2.5 V        ; 0 s                 ; 0 s                 ; 2.32 V                       ; 5.95e-09 V                   ; 2.38 V              ; -0.016 V            ; 0.22 V                               ; 0.025 V                              ; 3.06e-10 s                  ; 3.3e-10 s                   ; Yes                        ; Yes                        ; 2.32 V                      ; 5.95e-09 V                  ; 2.38 V             ; -0.016 V           ; 0.22 V                              ; 0.025 V                             ; 3.06e-10 s                 ; 3.3e-10 s                  ; Yes                       ; Yes                       ;
; phase[7]         ; 2.5 V        ; 0 s                 ; 0 s                 ; 2.32 V                       ; 5.95e-09 V                   ; 2.38 V              ; -0.016 V            ; 0.22 V                               ; 0.025 V                              ; 3.06e-10 s                  ; 3.3e-10 s                   ; Yes                        ; Yes                        ; 2.32 V                      ; 5.95e-09 V                  ; 2.38 V             ; -0.016 V           ; 0.22 V                              ; 0.025 V                             ; 3.06e-10 s                 ; 3.3e-10 s                  ; Yes                       ; Yes                       ;
; phase[8]         ; 2.5 V        ; 0 s                 ; 0 s                 ; 2.32 V                       ; 5.95e-09 V                   ; 2.38 V              ; -0.016 V            ; 0.22 V                               ; 0.025 V                              ; 3.06e-10 s                  ; 3.3e-10 s                   ; Yes                        ; Yes                        ; 2.32 V                      ; 5.95e-09 V                  ; 2.38 V             ; -0.016 V           ; 0.22 V                              ; 0.025 V                             ; 3.06e-10 s                 ; 3.3e-10 s                  ; Yes                       ; Yes                       ;
; phase[9]         ; 2.5 V        ; 0 s                 ; 0 s                 ; 2.32 V                       ; 5.95e-09 V                   ; 2.38 V              ; -0.016 V            ; 0.22 V                               ; 0.025 V                              ; 3.06e-10 s                  ; 3.3e-10 s                   ; Yes                        ; Yes                        ; 2.32 V                      ; 5.95e-09 V                  ; 2.38 V             ; -0.016 V           ; 0.22 V                              ; 0.025 V                             ; 3.06e-10 s                 ; 3.3e-10 s                  ; Yes                       ; Yes                       ;
; phase[10]        ; 2.5 V        ; 0 s                 ; 0 s                 ; 2.32 V                       ; 5.95e-09 V                   ; 2.38 V              ; -0.016 V            ; 0.22 V                               ; 0.025 V                              ; 3.06e-10 s                  ; 3.3e-10 s                   ; Yes                        ; Yes                        ; 2.32 V                      ; 5.95e-09 V                  ; 2.38 V             ; -0.016 V           ; 0.22 V                              ; 0.025 V                             ; 3.06e-10 s                 ; 3.3e-10 s                  ; Yes                       ; Yes                       ;
; phase[11]        ; 2.5 V        ; 0 s                 ; 0 s                 ; 2.32 V                       ; 5.95e-09 V                   ; 2.38 V              ; -0.016 V            ; 0.22 V                               ; 0.025 V                              ; 3.06e-10 s                  ; 3.3e-10 s                   ; Yes                        ; Yes                        ; 2.32 V                      ; 5.95e-09 V                  ; 2.38 V             ; -0.016 V           ; 0.22 V                              ; 0.025 V                             ; 3.06e-10 s                 ; 3.3e-10 s                  ; Yes                       ; Yes                       ;
; phase[12]        ; 2.5 V        ; 0 s                 ; 0 s                 ; 2.32 V                       ; 5.95e-09 V                   ; 2.33 V              ; -0.00616 V          ; 0.191 V                              ; 0.099 V                              ; 2.83e-09 s                  ; 2.56e-09 s                  ; No                         ; Yes                        ; 2.32 V                      ; 5.95e-09 V                  ; 2.33 V             ; -0.00616 V         ; 0.191 V                             ; 0.099 V                             ; 2.83e-09 s                 ; 2.56e-09 s                 ; No                        ; Yes                       ;
; phase[13]        ; 2.5 V        ; 0 s                 ; 0 s                 ; 2.32 V                       ; 5.95e-09 V                   ; 2.38 V              ; -0.016 V            ; 0.22 V                               ; 0.025 V                              ; 3.06e-10 s                  ; 3.3e-10 s                   ; Yes                        ; Yes                        ; 2.32 V                      ; 5.95e-09 V                  ; 2.38 V             ; -0.016 V           ; 0.22 V                              ; 0.025 V                             ; 3.06e-10 s                 ; 3.3e-10 s                  ; Yes                       ; Yes                       ;
; phase[14]        ; 2.5 V        ; 0 s                 ; 0 s                 ; 2.32 V                       ; 5.95e-09 V                   ; 2.38 V              ; -0.016 V            ; 0.22 V                               ; 0.025 V                              ; 3.06e-10 s                  ; 3.3e-10 s                   ; Yes                        ; Yes                        ; 2.32 V                      ; 5.95e-09 V                  ; 2.38 V             ; -0.016 V           ; 0.22 V                              ; 0.025 V                             ; 3.06e-10 s                 ; 3.3e-10 s                  ; Yes                       ; Yes                       ;
; phase[15]        ; 2.5 V        ; 0 s                 ; 0 s                 ; 2.32 V                       ; 5.95e-09 V                   ; 2.33 V              ; -0.00616 V          ; 0.191 V                              ; 0.099 V                              ; 2.83e-09 s                  ; 2.56e-09 s                  ; No                         ; Yes                        ; 2.32 V                      ; 5.95e-09 V                  ; 2.33 V             ; -0.00616 V         ; 0.191 V                             ; 0.099 V                             ; 2.83e-09 s                 ; 2.56e-09 s                 ; No                        ; Yes                       ;
; phase[16]        ; 2.5 V        ; 0 s                 ; 0 s                 ; 2.32 V                       ; 4.44e-09 V                   ; 2.39 V              ; -0.0265 V           ; 0.2 V                                ; 0.033 V                              ; 2.94e-10 s                  ; 3.12e-10 s                  ; Yes                        ; Yes                        ; 2.32 V                      ; 4.44e-09 V                  ; 2.39 V             ; -0.0265 V          ; 0.2 V                               ; 0.033 V                             ; 2.94e-10 s                 ; 3.12e-10 s                 ; Yes                       ; Yes                       ;
; phase[17]        ; 2.5 V        ; 0 s                 ; 0 s                 ; 2.32 V                       ; 5.95e-09 V                   ; 2.38 V              ; -0.016 V            ; 0.22 V                               ; 0.025 V                              ; 3.06e-10 s                  ; 3.3e-10 s                   ; Yes                        ; Yes                        ; 2.32 V                      ; 5.95e-09 V                  ; 2.38 V             ; -0.016 V           ; 0.22 V                              ; 0.025 V                             ; 3.06e-10 s                 ; 3.3e-10 s                  ; Yes                       ; Yes                       ;
; phase[18]        ; 2.5 V        ; 0 s                 ; 0 s                 ; 2.32 V                       ; 5.95e-09 V                   ; 2.38 V              ; -0.016 V            ; 0.22 V                               ; 0.025 V                              ; 3.06e-10 s                  ; 3.3e-10 s                   ; Yes                        ; Yes                        ; 2.32 V                      ; 5.95e-09 V                  ; 2.38 V             ; -0.016 V           ; 0.22 V                              ; 0.025 V                             ; 3.06e-10 s                 ; 3.3e-10 s                  ; Yes                       ; Yes                       ;
; phase[19]        ; 2.5 V        ; 0 s                 ; 0 s                 ; 2.32 V                       ; 5.95e-09 V                   ; 2.38 V              ; -0.016 V            ; 0.22 V                               ; 0.025 V                              ; 3.06e-10 s                  ; 3.3e-10 s                   ; Yes                        ; Yes                        ; 2.32 V                      ; 5.95e-09 V                  ; 2.38 V             ; -0.016 V           ; 0.22 V                              ; 0.025 V                             ; 3.06e-10 s                 ; 3.3e-10 s                  ; Yes                       ; Yes                       ;
; phase[20]        ; 2.5 V        ; 0 s                 ; 0 s                 ; 2.32 V                       ; 5.95e-09 V                   ; 2.38 V              ; -0.016 V            ; 0.22 V                               ; 0.025 V                              ; 3.06e-10 s                  ; 3.3e-10 s                   ; Yes                        ; Yes                        ; 2.32 V                      ; 5.95e-09 V                  ; 2.38 V             ; -0.016 V           ; 0.22 V                              ; 0.025 V                             ; 3.06e-10 s                 ; 3.3e-10 s                  ; Yes                       ; Yes                       ;
; phase[21]        ; 2.5 V        ; 0 s                 ; 0 s                 ; 2.32 V                       ; 5.95e-09 V                   ; 2.38 V              ; -0.016 V            ; 0.22 V                               ; 0.025 V                              ; 3.06e-10 s                  ; 3.3e-10 s                   ; Yes                        ; Yes                        ; 2.32 V                      ; 5.95e-09 V                  ; 2.38 V             ; -0.016 V           ; 0.22 V                              ; 0.025 V                             ; 3.06e-10 s                 ; 3.3e-10 s                  ; Yes                       ; Yes                       ;
; phase[22]        ; 2.5 V        ; 0 s                 ; 0 s                 ; 2.32 V                       ; 5.95e-09 V                   ; 2.38 V              ; -0.016 V            ; 0.22 V                               ; 0.025 V                              ; 3.06e-10 s                  ; 3.3e-10 s                   ; Yes                        ; Yes                        ; 2.32 V                      ; 5.95e-09 V                  ; 2.38 V             ; -0.016 V           ; 0.22 V                              ; 0.025 V                             ; 3.06e-10 s                 ; 3.3e-10 s                  ; Yes                       ; Yes                       ;
; phase[23]        ; 2.5 V        ; 0 s                 ; 0 s                 ; 2.32 V                       ; 5.95e-09 V                   ; 2.38 V              ; -0.016 V            ; 0.22 V                               ; 0.025 V                              ; 3.06e-10 s                  ; 3.3e-10 s                   ; Yes                        ; Yes                        ; 2.32 V                      ; 5.95e-09 V                  ; 2.38 V             ; -0.016 V           ; 0.22 V                              ; 0.025 V                             ; 3.06e-10 s                 ; 3.3e-10 s                  ; Yes                       ; Yes                       ;
; phase[24]        ; 2.5 V        ; 0 s                 ; 0 s                 ; 2.32 V                       ; 5.95e-09 V                   ; 2.38 V              ; -0.016 V            ; 0.22 V                               ; 0.025 V                              ; 3.06e-10 s                  ; 3.3e-10 s                   ; Yes                        ; Yes                        ; 2.32 V                      ; 5.95e-09 V                  ; 2.38 V             ; -0.016 V           ; 0.22 V                              ; 0.025 V                             ; 3.06e-10 s                 ; 3.3e-10 s                  ; Yes                       ; Yes                       ;
; phase[25]        ; 2.5 V        ; 0 s                 ; 0 s                 ; 2.32 V                       ; 4.44e-09 V                   ; 2.38 V              ; -0.0145 V           ; 0.169 V                              ; 0.026 V                              ; 4.83e-10 s                  ; 4.71e-10 s                  ; Yes                        ; Yes                        ; 2.32 V                      ; 4.44e-09 V                  ; 2.38 V             ; -0.0145 V          ; 0.169 V                             ; 0.026 V                             ; 4.83e-10 s                 ; 4.71e-10 s                 ; Yes                       ; Yes                       ;
; phase[26]        ; 2.5 V        ; 0 s                 ; 0 s                 ; 2.32 V                       ; 5.95e-09 V                   ; 2.38 V              ; -0.016 V            ; 0.22 V                               ; 0.025 V                              ; 3.06e-10 s                  ; 3.3e-10 s                   ; Yes                        ; Yes                        ; 2.32 V                      ; 5.95e-09 V                  ; 2.38 V             ; -0.016 V           ; 0.22 V                              ; 0.025 V                             ; 3.06e-10 s                 ; 3.3e-10 s                  ; Yes                       ; Yes                       ;
; phase[27]        ; 2.5 V        ; 0 s                 ; 0 s                 ; 2.32 V                       ; 5.95e-09 V                   ; 2.38 V              ; -0.016 V            ; 0.22 V                               ; 0.025 V                              ; 3.06e-10 s                  ; 3.3e-10 s                   ; Yes                        ; Yes                        ; 2.32 V                      ; 5.95e-09 V                  ; 2.38 V             ; -0.016 V           ; 0.22 V                              ; 0.025 V                             ; 3.06e-10 s                 ; 3.3e-10 s                  ; Yes                       ; Yes                       ;
; phase[28]        ; 2.5 V        ; 0 s                 ; 0 s                 ; 2.32 V                       ; 5.95e-09 V                   ; 2.38 V              ; -0.016 V            ; 0.22 V                               ; 0.025 V                              ; 3.06e-10 s                  ; 3.3e-10 s                   ; Yes                        ; Yes                        ; 2.32 V                      ; 5.95e-09 V                  ; 2.38 V             ; -0.016 V           ; 0.22 V                              ; 0.025 V                             ; 3.06e-10 s                 ; 3.3e-10 s                  ; Yes                       ; Yes                       ;
; phase[29]        ; 2.5 V        ; 0 s                 ; 0 s                 ; 2.32 V                       ; 5.95e-09 V                   ; 2.38 V              ; -0.016 V            ; 0.22 V                               ; 0.025 V                              ; 3.06e-10 s                  ; 3.3e-10 s                   ; Yes                        ; Yes                        ; 2.32 V                      ; 5.95e-09 V                  ; 2.38 V             ; -0.016 V           ; 0.22 V                              ; 0.025 V                             ; 3.06e-10 s                 ; 3.3e-10 s                  ; Yes                       ; Yes                       ;
; phase[30]        ; 2.5 V        ; 0 s                 ; 0 s                 ; 2.32 V                       ; 5.95e-09 V                   ; 2.38 V              ; -0.016 V            ; 0.22 V                               ; 0.025 V                              ; 3.06e-10 s                  ; 3.3e-10 s                   ; Yes                        ; Yes                        ; 2.32 V                      ; 5.95e-09 V                  ; 2.38 V             ; -0.016 V           ; 0.22 V                              ; 0.025 V                             ; 3.06e-10 s                 ; 3.3e-10 s                  ; Yes                       ; Yes                       ;
; phase[31]        ; 2.5 V        ; 0 s                 ; 0 s                 ; 2.32 V                       ; 4.44e-09 V                   ; 2.38 V              ; -0.0145 V           ; 0.169 V                              ; 0.026 V                              ; 4.83e-10 s                  ; 4.71e-10 s                  ; Yes                        ; Yes                        ; 2.32 V                      ; 4.44e-09 V                  ; 2.38 V             ; -0.0145 V          ; 0.169 V                             ; 0.026 V                             ; 4.83e-10 s                 ; 4.71e-10 s                 ; Yes                       ; Yes                       ;
; magnitude[0]     ; 2.5 V        ; 0 s                 ; 0 s                 ; 2.32 V                       ; 4.44e-09 V                   ; 2.38 V              ; -0.0145 V           ; 0.169 V                              ; 0.026 V                              ; 4.83e-10 s                  ; 4.71e-10 s                  ; Yes                        ; Yes                        ; 2.32 V                      ; 4.44e-09 V                  ; 2.38 V             ; -0.0145 V          ; 0.169 V                             ; 0.026 V                             ; 4.83e-10 s                 ; 4.71e-10 s                 ; Yes                       ; Yes                       ;
; magnitude[1]     ; 2.5 V        ; 0 s                 ; 0 s                 ; 2.32 V                       ; 4.44e-09 V                   ; 2.38 V              ; -0.0145 V           ; 0.169 V                              ; 0.026 V                              ; 4.83e-10 s                  ; 4.71e-10 s                  ; Yes                        ; Yes                        ; 2.32 V                      ; 4.44e-09 V                  ; 2.38 V             ; -0.0145 V          ; 0.169 V                             ; 0.026 V                             ; 4.83e-10 s                 ; 4.71e-10 s                 ; Yes                       ; Yes                       ;
; magnitude[2]     ; 2.5 V        ; 0 s                 ; 0 s                 ; 2.32 V                       ; 4.44e-09 V                   ; 2.33 V              ; -0.00624 V          ; 0.185 V                              ; 0.097 V                              ; 2.82e-09 s                  ; 2.56e-09 s                  ; No                         ; Yes                        ; 2.32 V                      ; 4.44e-09 V                  ; 2.33 V             ; -0.00624 V         ; 0.185 V                             ; 0.097 V                             ; 2.82e-09 s                 ; 2.56e-09 s                 ; No                        ; Yes                       ;
; magnitude[3]     ; 2.5 V        ; 0 s                 ; 0 s                 ; 2.32 V                       ; 4.44e-09 V                   ; 2.39 V              ; -0.0265 V           ; 0.2 V                                ; 0.033 V                              ; 2.94e-10 s                  ; 3.12e-10 s                  ; Yes                        ; Yes                        ; 2.32 V                      ; 4.44e-09 V                  ; 2.39 V             ; -0.0265 V          ; 0.2 V                               ; 0.033 V                             ; 2.94e-10 s                 ; 3.12e-10 s                 ; Yes                       ; Yes                       ;
; magnitude[4]     ; 2.5 V        ; 0 s                 ; 0 s                 ; 2.32 V                       ; 4.44e-09 V                   ; 2.39 V              ; -0.0265 V           ; 0.2 V                                ; 0.033 V                              ; 2.94e-10 s                  ; 3.12e-10 s                  ; Yes                        ; Yes                        ; 2.32 V                      ; 4.44e-09 V                  ; 2.39 V             ; -0.0265 V          ; 0.2 V                               ; 0.033 V                             ; 2.94e-10 s                 ; 3.12e-10 s                 ; Yes                       ; Yes                       ;
; magnitude[5]     ; 2.5 V        ; 0 s                 ; 0 s                 ; 2.32 V                       ; 4.44e-09 V                   ; 2.38 V              ; -0.0145 V           ; 0.169 V                              ; 0.026 V                              ; 4.83e-10 s                  ; 4.71e-10 s                  ; Yes                        ; Yes                        ; 2.32 V                      ; 4.44e-09 V                  ; 2.38 V             ; -0.0145 V          ; 0.169 V                             ; 0.026 V                             ; 4.83e-10 s                 ; 4.71e-10 s                 ; Yes                       ; Yes                       ;
; magnitude[6]     ; 2.5 V        ; 0 s                 ; 0 s                 ; 2.32 V                       ; 4.44e-09 V                   ; 2.38 V              ; -0.0145 V           ; 0.169 V                              ; 0.026 V                              ; 4.83e-10 s                  ; 4.71e-10 s                  ; Yes                        ; Yes                        ; 2.32 V                      ; 4.44e-09 V                  ; 2.38 V             ; -0.0145 V          ; 0.169 V                             ; 0.026 V                             ; 4.83e-10 s                 ; 4.71e-10 s                 ; Yes                       ; Yes                       ;
; magnitude[7]     ; 2.5 V        ; 0 s                 ; 0 s                 ; 2.32 V                       ; 5.95e-09 V                   ; 2.38 V              ; -0.016 V            ; 0.22 V                               ; 0.025 V                              ; 3.06e-10 s                  ; 3.3e-10 s                   ; Yes                        ; Yes                        ; 2.32 V                      ; 5.95e-09 V                  ; 2.38 V             ; -0.016 V           ; 0.22 V                              ; 0.025 V                             ; 3.06e-10 s                 ; 3.3e-10 s                  ; Yes                       ; Yes                       ;
; magnitude[8]     ; 2.5 V        ; 0 s                 ; 0 s                 ; 2.32 V                       ; 5.95e-09 V                   ; 2.38 V              ; -0.016 V            ; 0.22 V                               ; 0.025 V                              ; 3.06e-10 s                  ; 3.3e-10 s                   ; Yes                        ; Yes                        ; 2.32 V                      ; 5.95e-09 V                  ; 2.38 V             ; -0.016 V           ; 0.22 V                              ; 0.025 V                             ; 3.06e-10 s                 ; 3.3e-10 s                  ; Yes                       ; Yes                       ;
; magnitude[9]     ; 2.5 V        ; 0 s                 ; 0 s                 ; 2.32 V                       ; 5.95e-09 V                   ; 2.38 V              ; -0.016 V            ; 0.22 V                               ; 0.025 V                              ; 3.06e-10 s                  ; 3.3e-10 s                   ; Yes                        ; Yes                        ; 2.32 V                      ; 5.95e-09 V                  ; 2.38 V             ; -0.016 V           ; 0.22 V                              ; 0.025 V                             ; 3.06e-10 s                 ; 3.3e-10 s                  ; Yes                       ; Yes                       ;
; magnitude[10]    ; 2.5 V        ; 0 s                 ; 0 s                 ; 2.32 V                       ; 5.95e-09 V                   ; 2.38 V              ; -0.016 V            ; 0.22 V                               ; 0.025 V                              ; 3.06e-10 s                  ; 3.3e-10 s                   ; Yes                        ; Yes                        ; 2.32 V                      ; 5.95e-09 V                  ; 2.38 V             ; -0.016 V           ; 0.22 V                              ; 0.025 V                             ; 3.06e-10 s                 ; 3.3e-10 s                  ; Yes                       ; Yes                       ;
; magnitude[11]    ; 2.5 V        ; 0 s                 ; 0 s                 ; 2.32 V                       ; 5.95e-09 V                   ; 2.38 V              ; -0.016 V            ; 0.22 V                               ; 0.025 V                              ; 3.06e-10 s                  ; 3.3e-10 s                   ; Yes                        ; Yes                        ; 2.32 V                      ; 5.95e-09 V                  ; 2.38 V             ; -0.016 V           ; 0.22 V                              ; 0.025 V                             ; 3.06e-10 s                 ; 3.3e-10 s                  ; Yes                       ; Yes                       ;
; magnitude[12]    ; 2.5 V        ; 0 s                 ; 0 s                 ; 2.32 V                       ; 4.44e-09 V                   ; 2.38 V              ; -0.0145 V           ; 0.169 V                              ; 0.026 V                              ; 4.83e-10 s                  ; 4.71e-10 s                  ; Yes                        ; Yes                        ; 2.32 V                      ; 4.44e-09 V                  ; 2.38 V             ; -0.0145 V          ; 0.169 V                             ; 0.026 V                             ; 4.83e-10 s                 ; 4.71e-10 s                 ; Yes                       ; Yes                       ;
; magnitude[13]    ; 2.5 V        ; 0 s                 ; 0 s                 ; 2.32 V                       ; 5.95e-09 V                   ; 2.38 V              ; -0.016 V            ; 0.22 V                               ; 0.025 V                              ; 3.06e-10 s                  ; 3.3e-10 s                   ; Yes                        ; Yes                        ; 2.32 V                      ; 5.95e-09 V                  ; 2.38 V             ; -0.016 V           ; 0.22 V                              ; 0.025 V                             ; 3.06e-10 s                 ; 3.3e-10 s                  ; Yes                       ; Yes                       ;
; magnitude[14]    ; 2.5 V        ; 0 s                 ; 0 s                 ; 2.32 V                       ; 5.95e-09 V                   ; 2.38 V              ; -0.016 V            ; 0.22 V                               ; 0.025 V                              ; 3.06e-10 s                  ; 3.3e-10 s                   ; Yes                        ; Yes                        ; 2.32 V                      ; 5.95e-09 V                  ; 2.38 V             ; -0.016 V           ; 0.22 V                              ; 0.025 V                             ; 3.06e-10 s                 ; 3.3e-10 s                  ; Yes                       ; Yes                       ;
; magnitude[15]    ; 2.5 V        ; 0 s                 ; 0 s                 ; 2.32 V                       ; 4.44e-09 V                   ; 2.38 V              ; -0.0145 V           ; 0.169 V                              ; 0.026 V                              ; 4.83e-10 s                  ; 4.71e-10 s                  ; Yes                        ; Yes                        ; 2.32 V                      ; 4.44e-09 V                  ; 2.38 V             ; -0.0145 V          ; 0.169 V                             ; 0.026 V                             ; 4.83e-10 s                 ; 4.71e-10 s                 ; Yes                       ; Yes                       ;
; magnitude[16]    ; 2.5 V        ; 0 s                 ; 0 s                 ; 2.32 V                       ; 5.95e-09 V                   ; 2.38 V              ; -0.016 V            ; 0.22 V                               ; 0.025 V                              ; 3.06e-10 s                  ; 3.3e-10 s                   ; Yes                        ; Yes                        ; 2.32 V                      ; 5.95e-09 V                  ; 2.38 V             ; -0.016 V           ; 0.22 V                              ; 0.025 V                             ; 3.06e-10 s                 ; 3.3e-10 s                  ; Yes                       ; Yes                       ;
; magnitude[17]    ; 2.5 V        ; 0 s                 ; 0 s                 ; 2.32 V                       ; 5.95e-09 V                   ; 2.38 V              ; -0.016 V            ; 0.22 V                               ; 0.025 V                              ; 3.06e-10 s                  ; 3.3e-10 s                   ; Yes                        ; Yes                        ; 2.32 V                      ; 5.95e-09 V                  ; 2.38 V             ; -0.016 V           ; 0.22 V                              ; 0.025 V                             ; 3.06e-10 s                 ; 3.3e-10 s                  ; Yes                       ; Yes                       ;
; magnitude[18]    ; 2.5 V        ; 0 s                 ; 0 s                 ; 2.32 V                       ; 5.95e-09 V                   ; 2.38 V              ; -0.016 V            ; 0.22 V                               ; 0.025 V                              ; 3.06e-10 s                  ; 3.3e-10 s                   ; Yes                        ; Yes                        ; 2.32 V                      ; 5.95e-09 V                  ; 2.38 V             ; -0.016 V           ; 0.22 V                              ; 0.025 V                             ; 3.06e-10 s                 ; 3.3e-10 s                  ; Yes                       ; Yes                       ;
; magnitude[19]    ; 2.5 V        ; 0 s                 ; 0 s                 ; 2.32 V                       ; 5.95e-09 V                   ; 2.38 V              ; -0.016 V            ; 0.22 V                               ; 0.025 V                              ; 3.06e-10 s                  ; 3.3e-10 s                   ; Yes                        ; Yes                        ; 2.32 V                      ; 5.95e-09 V                  ; 2.38 V             ; -0.016 V           ; 0.22 V                              ; 0.025 V                             ; 3.06e-10 s                 ; 3.3e-10 s                  ; Yes                       ; Yes                       ;
; magnitude[20]    ; 2.5 V        ; 0 s                 ; 0 s                 ; 2.32 V                       ; 5.95e-09 V                   ; 2.38 V              ; -0.016 V            ; 0.22 V                               ; 0.025 V                              ; 3.06e-10 s                  ; 3.3e-10 s                   ; Yes                        ; Yes                        ; 2.32 V                      ; 5.95e-09 V                  ; 2.38 V             ; -0.016 V           ; 0.22 V                              ; 0.025 V                             ; 3.06e-10 s                 ; 3.3e-10 s                  ; Yes                       ; Yes                       ;
; magnitude[21]    ; 2.5 V        ; 0 s                 ; 0 s                 ; 2.32 V                       ; 5.95e-09 V                   ; 2.38 V              ; -0.016 V            ; 0.22 V                               ; 0.025 V                              ; 3.06e-10 s                  ; 3.3e-10 s                   ; Yes                        ; Yes                        ; 2.32 V                      ; 5.95e-09 V                  ; 2.38 V             ; -0.016 V           ; 0.22 V                              ; 0.025 V                             ; 3.06e-10 s                 ; 3.3e-10 s                  ; Yes                       ; Yes                       ;
; magnitude[22]    ; 2.5 V        ; 0 s                 ; 0 s                 ; 2.32 V                       ; 5.95e-09 V                   ; 2.38 V              ; -0.016 V            ; 0.22 V                               ; 0.025 V                              ; 3.06e-10 s                  ; 3.3e-10 s                   ; Yes                        ; Yes                        ; 2.32 V                      ; 5.95e-09 V                  ; 2.38 V             ; -0.016 V           ; 0.22 V                              ; 0.025 V                             ; 3.06e-10 s                 ; 3.3e-10 s                  ; Yes                       ; Yes                       ;
; magnitude[23]    ; 2.5 V        ; 0 s                 ; 0 s                 ; 2.32 V                       ; 5.95e-09 V                   ; 2.38 V              ; -0.016 V            ; 0.22 V                               ; 0.025 V                              ; 3.06e-10 s                  ; 3.3e-10 s                   ; Yes                        ; Yes                        ; 2.32 V                      ; 5.95e-09 V                  ; 2.38 V             ; -0.016 V           ; 0.22 V                              ; 0.025 V                             ; 3.06e-10 s                 ; 3.3e-10 s                  ; Yes                       ; Yes                       ;
; magnitude[24]    ; 2.5 V        ; 0 s                 ; 0 s                 ; 2.32 V                       ; 5.95e-09 V                   ; 2.33 V              ; -0.00616 V          ; 0.191 V                              ; 0.099 V                              ; 2.83e-09 s                  ; 2.56e-09 s                  ; No                         ; Yes                        ; 2.32 V                      ; 5.95e-09 V                  ; 2.33 V             ; -0.00616 V         ; 0.191 V                             ; 0.099 V                             ; 2.83e-09 s                 ; 2.56e-09 s                 ; No                        ; Yes                       ;
; magnitude[25]    ; 2.5 V        ; 0 s                 ; 0 s                 ; 2.32 V                       ; 5.95e-09 V                   ; 2.38 V              ; -0.016 V            ; 0.22 V                               ; 0.025 V                              ; 3.06e-10 s                  ; 3.3e-10 s                   ; Yes                        ; Yes                        ; 2.32 V                      ; 5.95e-09 V                  ; 2.38 V             ; -0.016 V           ; 0.22 V                              ; 0.025 V                             ; 3.06e-10 s                 ; 3.3e-10 s                  ; Yes                       ; Yes                       ;
; magnitude[26]    ; 2.5 V        ; 0 s                 ; 0 s                 ; 2.32 V                       ; 5.95e-09 V                   ; 2.38 V              ; -0.016 V            ; 0.22 V                               ; 0.025 V                              ; 3.06e-10 s                  ; 3.3e-10 s                   ; Yes                        ; Yes                        ; 2.32 V                      ; 5.95e-09 V                  ; 2.38 V             ; -0.016 V           ; 0.22 V                              ; 0.025 V                             ; 3.06e-10 s                 ; 3.3e-10 s                  ; Yes                       ; Yes                       ;
; magnitude[27]    ; 2.5 V        ; 0 s                 ; 0 s                 ; 2.32 V                       ; 5.95e-09 V                   ; 2.38 V              ; -0.016 V            ; 0.22 V                               ; 0.025 V                              ; 3.06e-10 s                  ; 3.3e-10 s                   ; Yes                        ; Yes                        ; 2.32 V                      ; 5.95e-09 V                  ; 2.38 V             ; -0.016 V           ; 0.22 V                              ; 0.025 V                             ; 3.06e-10 s                 ; 3.3e-10 s                  ; Yes                       ; Yes                       ;
; magnitude[28]    ; 2.5 V        ; 0 s                 ; 0 s                 ; 2.32 V                       ; 5.95e-09 V                   ; 2.38 V              ; -0.016 V            ; 0.22 V                               ; 0.025 V                              ; 3.06e-10 s                  ; 3.3e-10 s                   ; Yes                        ; Yes                        ; 2.32 V                      ; 5.95e-09 V                  ; 2.38 V             ; -0.016 V           ; 0.22 V                              ; 0.025 V                             ; 3.06e-10 s                 ; 3.3e-10 s                  ; Yes                       ; Yes                       ;
; magnitude[29]    ; 2.5 V        ; 0 s                 ; 0 s                 ; 2.32 V                       ; 5.95e-09 V                   ; 2.38 V              ; -0.016 V            ; 0.22 V                               ; 0.025 V                              ; 3.06e-10 s                  ; 3.3e-10 s                   ; Yes                        ; Yes                        ; 2.32 V                      ; 5.95e-09 V                  ; 2.38 V             ; -0.016 V           ; 0.22 V                              ; 0.025 V                             ; 3.06e-10 s                 ; 3.3e-10 s                  ; Yes                       ; Yes                       ;
; magnitude[30]    ; 2.5 V        ; 0 s                 ; 0 s                 ; 2.32 V                       ; 5.95e-09 V                   ; 2.38 V              ; -0.016 V            ; 0.22 V                               ; 0.025 V                              ; 3.06e-10 s                  ; 3.3e-10 s                   ; Yes                        ; Yes                        ; 2.32 V                      ; 5.95e-09 V                  ; 2.38 V             ; -0.016 V           ; 0.22 V                              ; 0.025 V                             ; 3.06e-10 s                 ; 3.3e-10 s                  ; Yes                       ; Yes                       ;
; magnitude[31]    ; 2.5 V        ; 0 s                 ; 0 s                 ; 2.32 V                       ; 4.44e-09 V                   ; 2.38 V              ; -0.0145 V           ; 0.169 V                              ; 0.026 V                              ; 4.83e-10 s                  ; 4.71e-10 s                  ; Yes                        ; Yes                        ; 2.32 V                      ; 4.44e-09 V                  ; 2.38 V             ; -0.0145 V          ; 0.169 V                             ; 0.026 V                             ; 4.83e-10 s                 ; 4.71e-10 s                 ; Yes                       ; Yes                       ;
; ~ALTERA_DCLK~    ; 2.5 V        ; 0 s                 ; 0 s                 ; 2.32 V                       ; 3.45e-09 V                   ; 2.38 V              ; -0.0609 V           ; 0.148 V                              ; 0.095 V                              ; 2.82e-10 s                  ; 2.59e-10 s                  ; Yes                        ; Yes                        ; 2.32 V                      ; 3.45e-09 V                  ; 2.38 V             ; -0.0609 V          ; 0.148 V                             ; 0.095 V                             ; 2.82e-10 s                 ; 2.59e-10 s                 ; Yes                       ; Yes                       ;
; ~ALTERA_nCEO~    ; 2.5 V        ; 0 s                 ; 0 s                 ; 2.32 V                       ; 5.61e-09 V                   ; 2.38 V              ; -0.00274 V          ; 0.141 V                              ; 0.006 V                              ; 4.7e-10 s                   ; 6.02e-10 s                  ; Yes                        ; Yes                        ; 2.32 V                      ; 5.61e-09 V                  ; 2.38 V             ; -0.00274 V         ; 0.141 V                             ; 0.006 V                             ; 4.7e-10 s                  ; 6.02e-10 s                 ; Yes                       ; Yes                       ;
+------------------+--------------+---------------------+---------------------+------------------------------+------------------------------+---------------------+---------------------+--------------------------------------+--------------------------------------+-----------------------------+-----------------------------+----------------------------+----------------------------+-----------------------------+-----------------------------+--------------------+--------------------+-------------------------------------+-------------------------------------+----------------------------+----------------------------+---------------------------+---------------------------+


+-----------------------------------------------------------------------------------------------------------------------------------------------------------------------------------------------------------------------------------------------------------------------------------------------------------------------------------------------------------------------------------------------------------------------------------------------------------------------------------------------------------------------------------------------------------------------------------------------------------------------------------------------------------------------------------------------+
; Signal Integrity Metrics (Slow 1200mv 85c Model)                                                                                                                                                                                                                                                                                                                                                                                                                                                                                                                                                                                                                                              ;
+------------------+--------------+---------------------+---------------------+------------------------------+------------------------------+---------------------+---------------------+--------------------------------------+--------------------------------------+-----------------------------+-----------------------------+----------------------------+----------------------------+-----------------------------+-----------------------------+--------------------+--------------------+-------------------------------------+-------------------------------------+----------------------------+----------------------------+---------------------------+---------------------------+
; Pin              ; I/O Standard ; Board Delay on Rise ; Board Delay on Fall ; Steady State Voh at FPGA Pin ; Steady State Vol at FPGA Pin ; Voh Max at FPGA Pin ; Vol Min at FPGA Pin ; Ringback Voltage on Rise at FPGA Pin ; Ringback Voltage on Fall at FPGA Pin ; 10-90 Rise Time at FPGA Pin ; 90-10 Fall Time at FPGA Pin ; Monotonic Rise at FPGA Pin ; Monotonic Fall at FPGA Pin ; Steady State Voh at Far-end ; Steady State Vol at Far-end ; Voh Max at Far-end ; Vol Min at Far-end ; Ringback Voltage on Rise at Far-end ; Ringback Voltage on Fall at Far-end ; 10-90 Rise Time at Far-end ; 90-10 Fall Time at Far-end ; Monotonic Rise at Far-end ; Monotonic Fall at Far-end ;
+------------------+--------------+---------------------+---------------------+------------------------------+------------------------------+---------------------+---------------------+--------------------------------------+--------------------------------------+-----------------------------+-----------------------------+----------------------------+----------------------------+-----------------------------+-----------------------------+--------------------+--------------------+-------------------------------------+-------------------------------------+----------------------------+----------------------------+---------------------------+---------------------------+
; sclk             ; 2.5 V        ; 0 s                 ; 0 s                 ; 2.32 V                       ; 1.06e-06 V                   ; 2.36 V              ; -0.00724 V          ; 0.107 V                              ; 0.02 V                               ; 4.5e-10 s                   ; 4.25e-10 s                  ; Yes                        ; Yes                        ; 2.32 V                      ; 1.06e-06 V                  ; 2.36 V             ; -0.00724 V         ; 0.107 V                             ; 0.02 V                              ; 4.5e-10 s                  ; 4.25e-10 s                 ; Yes                       ; Yes                       ;
; din              ; 2.5 V        ; 0 s                 ; 0 s                 ; 2.32 V                       ; 1.06e-06 V                   ; 2.36 V              ; -0.00724 V          ; 0.107 V                              ; 0.02 V                               ; 4.5e-10 s                   ; 4.25e-10 s                  ; Yes                        ; Yes                        ; 2.32 V                      ; 1.06e-06 V                  ; 2.36 V             ; -0.00724 V         ; 0.107 V                             ; 0.02 V                              ; 4.5e-10 s                  ; 4.25e-10 s                 ; Yes                       ; Yes                       ;
; cs               ; 2.5 V        ; 0 s                 ; 0 s                 ; 2.32 V                       ; 1.06e-06 V                   ; 2.36 V              ; -0.00724 V          ; 0.107 V                              ; 0.02 V                               ; 4.5e-10 s                   ; 4.25e-10 s                  ; Yes                        ; Yes                        ; 2.32 V                      ; 1.06e-06 V                  ; 2.36 V             ; -0.00724 V         ; 0.107 V                             ; 0.02 V                              ; 4.5e-10 s                  ; 4.25e-10 s                 ; Yes                       ; Yes                       ;
; clock_out        ; 2.5 V        ; 0 s                 ; 0 s                 ; 2.32 V                       ; 1.06e-06 V                   ; 2.33 V              ; -0.00344 V          ; 0.134 V                              ; 0.075 V                              ; 3.33e-09 s                  ; 3.16e-09 s                  ; Yes                        ; Yes                        ; 2.32 V                      ; 1.06e-06 V                  ; 2.33 V             ; -0.00344 V         ; 0.134 V                             ; 0.075 V                             ; 3.33e-09 s                 ; 3.16e-09 s                 ; Yes                       ; Yes                       ;
; afe_data[0]      ; 2.5 V        ; 0 s                 ; 0 s                 ; 2.32 V                       ; 7.16e-07 V                   ; 2.33 V              ; -0.00349 V          ; 0.163 V                              ; 0.074 V                              ; 3.33e-09 s                  ; 3.14e-09 s                  ; Yes                        ; Yes                        ; 2.32 V                      ; 7.16e-07 V                  ; 2.33 V             ; -0.00349 V         ; 0.163 V                             ; 0.074 V                             ; 3.33e-09 s                 ; 3.14e-09 s                 ; Yes                       ; Yes                       ;
; afe_data[1]      ; 2.5 V        ; 0 s                 ; 0 s                 ; 2.32 V                       ; 7.16e-07 V                   ; 2.35 V              ; -0.00832 V          ; 0.101 V                              ; 0.024 V                              ; 6.39e-10 s                  ; 6e-10 s                     ; Yes                        ; Yes                        ; 2.32 V                      ; 7.16e-07 V                  ; 2.35 V             ; -0.00832 V         ; 0.101 V                             ; 0.024 V                             ; 6.39e-10 s                 ; 6e-10 s                    ; Yes                       ; Yes                       ;
; afe_data[2]      ; 2.5 V        ; 0 s                 ; 0 s                 ; 2.32 V                       ; 1.06e-06 V                   ; 2.36 V              ; -0.00724 V          ; 0.107 V                              ; 0.02 V                               ; 4.5e-10 s                   ; 4.25e-10 s                  ; Yes                        ; Yes                        ; 2.32 V                      ; 1.06e-06 V                  ; 2.36 V             ; -0.00724 V         ; 0.107 V                             ; 0.02 V                              ; 4.5e-10 s                  ; 4.25e-10 s                 ; Yes                       ; Yes                       ;
; afe_data[3]      ; 2.5 V        ; 0 s                 ; 0 s                 ; 2.32 V                       ; 7.16e-07 V                   ; 2.36 V              ; -0.00476 V          ; 0.096 V                              ; 0.013 V                              ; 4.39e-10 s                  ; 4.15e-10 s                  ; Yes                        ; Yes                        ; 2.32 V                      ; 7.16e-07 V                  ; 2.36 V             ; -0.00476 V         ; 0.096 V                             ; 0.013 V                             ; 4.39e-10 s                 ; 4.15e-10 s                 ; Yes                       ; Yes                       ;
; afe_data[4]      ; 2.5 V        ; 0 s                 ; 0 s                 ; 2.32 V                       ; 1.06e-06 V                   ; 2.36 V              ; -0.00724 V          ; 0.107 V                              ; 0.02 V                               ; 4.5e-10 s                   ; 4.25e-10 s                  ; Yes                        ; Yes                        ; 2.32 V                      ; 1.06e-06 V                  ; 2.36 V             ; -0.00724 V         ; 0.107 V                             ; 0.02 V                              ; 4.5e-10 s                  ; 4.25e-10 s                 ; Yes                       ; Yes                       ;
; afe_data[5]      ; 2.5 V        ; 0 s                 ; 0 s                 ; 2.32 V                       ; 1.06e-06 V                   ; 2.36 V              ; -0.00724 V          ; 0.107 V                              ; 0.02 V                               ; 4.5e-10 s                   ; 4.25e-10 s                  ; Yes                        ; Yes                        ; 2.32 V                      ; 1.06e-06 V                  ; 2.36 V             ; -0.00724 V         ; 0.107 V                             ; 0.02 V                              ; 4.5e-10 s                  ; 4.25e-10 s                 ; Yes                       ; Yes                       ;
; afe_data[6]      ; 2.5 V        ; 0 s                 ; 0 s                 ; 2.32 V                       ; 1.06e-06 V                   ; 2.36 V              ; -0.00724 V          ; 0.107 V                              ; 0.02 V                               ; 4.5e-10 s                   ; 4.25e-10 s                  ; Yes                        ; Yes                        ; 2.32 V                      ; 1.06e-06 V                  ; 2.36 V             ; -0.00724 V         ; 0.107 V                             ; 0.02 V                              ; 4.5e-10 s                  ; 4.25e-10 s                 ; Yes                       ; Yes                       ;
; afe_data[7]      ; 2.5 V        ; 0 s                 ; 0 s                 ; 2.32 V                       ; 1.06e-06 V                   ; 2.36 V              ; -0.00724 V          ; 0.107 V                              ; 0.02 V                               ; 4.5e-10 s                   ; 4.25e-10 s                  ; Yes                        ; Yes                        ; 2.32 V                      ; 1.06e-06 V                  ; 2.36 V             ; -0.00724 V         ; 0.107 V                             ; 0.02 V                              ; 4.5e-10 s                  ; 4.25e-10 s                 ; Yes                       ; Yes                       ;
; afe_data[8]      ; 2.5 V        ; 0 s                 ; 0 s                 ; 2.32 V                       ; 1.06e-06 V                   ; 2.36 V              ; -0.00724 V          ; 0.107 V                              ; 0.02 V                               ; 4.5e-10 s                   ; 4.25e-10 s                  ; Yes                        ; Yes                        ; 2.32 V                      ; 1.06e-06 V                  ; 2.36 V             ; -0.00724 V         ; 0.107 V                             ; 0.02 V                              ; 4.5e-10 s                  ; 4.25e-10 s                 ; Yes                       ; Yes                       ;
; afe_data[9]      ; 2.5 V        ; 0 s                 ; 0 s                 ; 2.32 V                       ; 7.16e-07 V                   ; 2.35 V              ; -0.00832 V          ; 0.101 V                              ; 0.024 V                              ; 6.39e-10 s                  ; 6e-10 s                     ; Yes                        ; Yes                        ; 2.32 V                      ; 7.16e-07 V                  ; 2.35 V             ; -0.00832 V         ; 0.101 V                             ; 0.024 V                             ; 6.39e-10 s                 ; 6e-10 s                    ; Yes                       ; Yes                       ;
; afe_data[10]     ; 2.5 V        ; 0 s                 ; 0 s                 ; 2.32 V                       ; 7.16e-07 V                   ; 2.36 V              ; -0.00476 V          ; 0.096 V                              ; 0.013 V                              ; 4.39e-10 s                  ; 4.15e-10 s                  ; Yes                        ; Yes                        ; 2.32 V                      ; 7.16e-07 V                  ; 2.36 V             ; -0.00476 V         ; 0.096 V                             ; 0.013 V                             ; 4.39e-10 s                 ; 4.15e-10 s                 ; Yes                       ; Yes                       ;
; afe_data[11]     ; 2.5 V        ; 0 s                 ; 0 s                 ; 2.32 V                       ; 1.06e-06 V                   ; 2.36 V              ; -0.00724 V          ; 0.107 V                              ; 0.02 V                               ; 4.5e-10 s                   ; 4.25e-10 s                  ; Yes                        ; Yes                        ; 2.32 V                      ; 1.06e-06 V                  ; 2.36 V             ; -0.00724 V         ; 0.107 V                             ; 0.02 V                              ; 4.5e-10 s                  ; 4.25e-10 s                 ; Yes                       ; Yes                       ;
; N_sample_out[0]  ; 2.5 V        ; 0 s                 ; 0 s                 ; 2.32 V                       ; 1.06e-06 V                   ; 2.36 V              ; -0.00724 V          ; 0.107 V                              ; 0.02 V                               ; 4.5e-10 s                   ; 4.25e-10 s                  ; Yes                        ; Yes                        ; 2.32 V                      ; 1.06e-06 V                  ; 2.36 V             ; -0.00724 V         ; 0.107 V                             ; 0.02 V                              ; 4.5e-10 s                  ; 4.25e-10 s                 ; Yes                       ; Yes                       ;
; N_sample_out[1]  ; 2.5 V        ; 0 s                 ; 0 s                 ; 2.32 V                       ; 1.06e-06 V                   ; 2.36 V              ; -0.00724 V          ; 0.107 V                              ; 0.02 V                               ; 4.5e-10 s                   ; 4.25e-10 s                  ; Yes                        ; Yes                        ; 2.32 V                      ; 1.06e-06 V                  ; 2.36 V             ; -0.00724 V         ; 0.107 V                             ; 0.02 V                              ; 4.5e-10 s                  ; 4.25e-10 s                 ; Yes                       ; Yes                       ;
; N_sample_out[2]  ; 2.5 V        ; 0 s                 ; 0 s                 ; 2.32 V                       ; 1.06e-06 V                   ; 2.36 V              ; -0.00724 V          ; 0.107 V                              ; 0.02 V                               ; 4.5e-10 s                   ; 4.25e-10 s                  ; Yes                        ; Yes                        ; 2.32 V                      ; 1.06e-06 V                  ; 2.36 V             ; -0.00724 V         ; 0.107 V                             ; 0.02 V                              ; 4.5e-10 s                  ; 4.25e-10 s                 ; Yes                       ; Yes                       ;
; N_sample_out[3]  ; 2.5 V        ; 0 s                 ; 0 s                 ; 2.32 V                       ; 1.06e-06 V                   ; 2.36 V              ; -0.00724 V          ; 0.107 V                              ; 0.02 V                               ; 4.5e-10 s                   ; 4.25e-10 s                  ; Yes                        ; Yes                        ; 2.32 V                      ; 1.06e-06 V                  ; 2.36 V             ; -0.00724 V         ; 0.107 V                             ; 0.02 V                              ; 4.5e-10 s                  ; 4.25e-10 s                 ; Yes                       ; Yes                       ;
; N_sample_out[4]  ; 2.5 V        ; 0 s                 ; 0 s                 ; 2.32 V                       ; 1.06e-06 V                   ; 2.36 V              ; -0.00724 V          ; 0.107 V                              ; 0.02 V                               ; 4.5e-10 s                   ; 4.25e-10 s                  ; Yes                        ; Yes                        ; 2.32 V                      ; 1.06e-06 V                  ; 2.36 V             ; -0.00724 V         ; 0.107 V                             ; 0.02 V                              ; 4.5e-10 s                  ; 4.25e-10 s                 ; Yes                       ; Yes                       ;
; N_sample_out[5]  ; 2.5 V        ; 0 s                 ; 0 s                 ; 2.32 V                       ; 7.16e-07 V                   ; 2.35 V              ; -0.00832 V          ; 0.101 V                              ; 0.024 V                              ; 6.39e-10 s                  ; 6e-10 s                     ; Yes                        ; Yes                        ; 2.32 V                      ; 7.16e-07 V                  ; 2.35 V             ; -0.00832 V         ; 0.101 V                             ; 0.024 V                             ; 6.39e-10 s                 ; 6e-10 s                    ; Yes                       ; Yes                       ;
; N_sample_out[6]  ; 2.5 V        ; 0 s                 ; 0 s                 ; 2.32 V                       ; 7.16e-07 V                   ; 2.35 V              ; -0.00832 V          ; 0.101 V                              ; 0.024 V                              ; 6.39e-10 s                  ; 6e-10 s                     ; Yes                        ; Yes                        ; 2.32 V                      ; 7.16e-07 V                  ; 2.35 V             ; -0.00832 V         ; 0.101 V                             ; 0.024 V                             ; 6.39e-10 s                 ; 6e-10 s                    ; Yes                       ; Yes                       ;
; N_sample_out[7]  ; 2.5 V        ; 0 s                 ; 0 s                 ; 2.32 V                       ; 7.16e-07 V                   ; 2.36 V              ; -0.00476 V          ; 0.096 V                              ; 0.013 V                              ; 4.39e-10 s                  ; 4.15e-10 s                  ; Yes                        ; Yes                        ; 2.32 V                      ; 7.16e-07 V                  ; 2.36 V             ; -0.00476 V         ; 0.096 V                             ; 0.013 V                             ; 4.39e-10 s                 ; 4.15e-10 s                 ; Yes                       ; Yes                       ;
; N_sample_out[8]  ; 2.5 V        ; 0 s                 ; 0 s                 ; 2.32 V                       ; 1.06e-06 V                   ; 2.36 V              ; -0.00724 V          ; 0.107 V                              ; 0.02 V                               ; 4.5e-10 s                   ; 4.25e-10 s                  ; Yes                        ; Yes                        ; 2.32 V                      ; 1.06e-06 V                  ; 2.36 V             ; -0.00724 V         ; 0.107 V                             ; 0.02 V                              ; 4.5e-10 s                  ; 4.25e-10 s                 ; Yes                       ; Yes                       ;
; N_sample_out[9]  ; 2.5 V        ; 0 s                 ; 0 s                 ; 2.32 V                       ; 1.06e-06 V                   ; 2.36 V              ; -0.00724 V          ; 0.107 V                              ; 0.02 V                               ; 4.5e-10 s                   ; 4.25e-10 s                  ; Yes                        ; Yes                        ; 2.32 V                      ; 1.06e-06 V                  ; 2.36 V             ; -0.00724 V         ; 0.107 V                             ; 0.02 V                              ; 4.5e-10 s                  ; 4.25e-10 s                 ; Yes                       ; Yes                       ;
; N_sample_out[10] ; 2.5 V        ; 0 s                 ; 0 s                 ; 2.32 V                       ; 7.16e-07 V                   ; 2.35 V              ; -0.00832 V          ; 0.101 V                              ; 0.024 V                              ; 6.39e-10 s                  ; 6e-10 s                     ; Yes                        ; Yes                        ; 2.32 V                      ; 7.16e-07 V                  ; 2.35 V             ; -0.00832 V         ; 0.101 V                             ; 0.024 V                             ; 6.39e-10 s                 ; 6e-10 s                    ; Yes                       ; Yes                       ;
; N_sample_out[11] ; 2.5 V        ; 0 s                 ; 0 s                 ; 2.32 V                       ; 7.16e-07 V                   ; 2.35 V              ; -0.00832 V          ; 0.101 V                              ; 0.024 V                              ; 6.39e-10 s                  ; 6e-10 s                     ; Yes                        ; Yes                        ; 2.32 V                      ; 7.16e-07 V                  ; 2.35 V             ; -0.00832 V         ; 0.101 V                             ; 0.024 V                             ; 6.39e-10 s                 ; 6e-10 s                    ; Yes                       ; Yes                       ;
; N_sample_out[12] ; 2.5 V        ; 0 s                 ; 0 s                 ; 2.32 V                       ; 7.16e-07 V                   ; 2.36 V              ; -0.00476 V          ; 0.096 V                              ; 0.013 V                              ; 4.39e-10 s                  ; 4.15e-10 s                  ; Yes                        ; Yes                        ; 2.32 V                      ; 7.16e-07 V                  ; 2.36 V             ; -0.00476 V         ; 0.096 V                             ; 0.013 V                             ; 4.39e-10 s                 ; 4.15e-10 s                 ; Yes                       ; Yes                       ;
; N_sample_out[13] ; 2.5 V        ; 0 s                 ; 0 s                 ; 2.32 V                       ; 7.16e-07 V                   ; 2.35 V              ; -0.00832 V          ; 0.101 V                              ; 0.024 V                              ; 6.39e-10 s                  ; 6e-10 s                     ; Yes                        ; Yes                        ; 2.32 V                      ; 7.16e-07 V                  ; 2.35 V             ; -0.00832 V         ; 0.101 V                             ; 0.024 V                             ; 6.39e-10 s                 ; 6e-10 s                    ; Yes                       ; Yes                       ;
; N_sample_out[14] ; 2.5 V        ; 0 s                 ; 0 s                 ; 2.32 V                       ; 7.16e-07 V                   ; 2.35 V              ; -0.00832 V          ; 0.101 V                              ; 0.024 V                              ; 6.39e-10 s                  ; 6e-10 s                     ; Yes                        ; Yes                        ; 2.32 V                      ; 7.16e-07 V                  ; 2.35 V             ; -0.00832 V         ; 0.101 V                             ; 0.024 V                             ; 6.39e-10 s                 ; 6e-10 s                    ; Yes                       ; Yes                       ;
; N_sample_out[15] ; 2.5 V        ; 0 s                 ; 0 s                 ; 2.32 V                       ; 7.16e-07 V                   ; 2.35 V              ; -0.00832 V          ; 0.101 V                              ; 0.024 V                              ; 6.39e-10 s                  ; 6e-10 s                     ; Yes                        ; Yes                        ; 2.32 V                      ; 7.16e-07 V                  ; 2.35 V             ; -0.00832 V         ; 0.101 V                             ; 0.024 V                             ; 6.39e-10 s                 ; 6e-10 s                    ; Yes                       ; Yes                       ;
; N_sample_out[16] ; 2.5 V        ; 0 s                 ; 0 s                 ; 2.32 V                       ; 7.16e-07 V                   ; 2.36 V              ; -0.00476 V          ; 0.096 V                              ; 0.013 V                              ; 4.39e-10 s                  ; 4.15e-10 s                  ; Yes                        ; Yes                        ; 2.32 V                      ; 7.16e-07 V                  ; 2.36 V             ; -0.00476 V         ; 0.096 V                             ; 0.013 V                             ; 4.39e-10 s                 ; 4.15e-10 s                 ; Yes                       ; Yes                       ;
; N_sample_out[17] ; 2.5 V        ; 0 s                 ; 0 s                 ; 2.32 V                       ; 7.16e-07 V                   ; 2.35 V              ; -0.00832 V          ; 0.101 V                              ; 0.024 V                              ; 6.39e-10 s                  ; 6e-10 s                     ; Yes                        ; Yes                        ; 2.32 V                      ; 7.16e-07 V                  ; 2.35 V             ; -0.00832 V         ; 0.101 V                             ; 0.024 V                             ; 6.39e-10 s                 ; 6e-10 s                    ; Yes                       ; Yes                       ;
; N_sample_out[18] ; 2.5 V        ; 0 s                 ; 0 s                 ; 2.32 V                       ; 7.16e-07 V                   ; 2.35 V              ; -0.00832 V          ; 0.101 V                              ; 0.024 V                              ; 6.39e-10 s                  ; 6e-10 s                     ; Yes                        ; Yes                        ; 2.32 V                      ; 7.16e-07 V                  ; 2.35 V             ; -0.00832 V         ; 0.101 V                             ; 0.024 V                             ; 6.39e-10 s                 ; 6e-10 s                    ; Yes                       ; Yes                       ;
; N_sample_out[19] ; 2.5 V        ; 0 s                 ; 0 s                 ; 2.32 V                       ; 7.16e-07 V                   ; 2.35 V              ; -0.00832 V          ; 0.101 V                              ; 0.024 V                              ; 6.39e-10 s                  ; 6e-10 s                     ; Yes                        ; Yes                        ; 2.32 V                      ; 7.16e-07 V                  ; 2.35 V             ; -0.00832 V         ; 0.101 V                             ; 0.024 V                             ; 6.39e-10 s                 ; 6e-10 s                    ; Yes                       ; Yes                       ;
; N_sample_out[20] ; 2.5 V        ; 0 s                 ; 0 s                 ; 2.32 V                       ; 7.16e-07 V                   ; 2.35 V              ; -0.00832 V          ; 0.101 V                              ; 0.024 V                              ; 6.39e-10 s                  ; 6e-10 s                     ; Yes                        ; Yes                        ; 2.32 V                      ; 7.16e-07 V                  ; 2.35 V             ; -0.00832 V         ; 0.101 V                             ; 0.024 V                             ; 6.39e-10 s                 ; 6e-10 s                    ; Yes                       ; Yes                       ;
; N_sample_out[21] ; 2.5 V        ; 0 s                 ; 0 s                 ; 2.32 V                       ; 1.06e-06 V                   ; 2.36 V              ; -0.00724 V          ; 0.107 V                              ; 0.02 V                               ; 4.5e-10 s                   ; 4.25e-10 s                  ; Yes                        ; Yes                        ; 2.32 V                      ; 1.06e-06 V                  ; 2.36 V             ; -0.00724 V         ; 0.107 V                             ; 0.02 V                              ; 4.5e-10 s                  ; 4.25e-10 s                 ; Yes                       ; Yes                       ;
; N_sample_out[22] ; 2.5 V        ; 0 s                 ; 0 s                 ; 2.32 V                       ; 7.16e-07 V                   ; 2.35 V              ; -0.00832 V          ; 0.101 V                              ; 0.024 V                              ; 6.39e-10 s                  ; 6e-10 s                     ; Yes                        ; Yes                        ; 2.32 V                      ; 7.16e-07 V                  ; 2.35 V             ; -0.00832 V         ; 0.101 V                             ; 0.024 V                             ; 6.39e-10 s                 ; 6e-10 s                    ; Yes                       ; Yes                       ;
; N_sample_out[23] ; 2.5 V        ; 0 s                 ; 0 s                 ; 2.32 V                       ; 1.06e-06 V                   ; 2.36 V              ; -0.00724 V          ; 0.107 V                              ; 0.02 V                               ; 4.5e-10 s                   ; 4.25e-10 s                  ; Yes                        ; Yes                        ; 2.32 V                      ; 1.06e-06 V                  ; 2.36 V             ; -0.00724 V         ; 0.107 V                             ; 0.02 V                              ; 4.5e-10 s                  ; 4.25e-10 s                 ; Yes                       ; Yes                       ;
; N_sample_out[24] ; 2.5 V        ; 0 s                 ; 0 s                 ; 2.32 V                       ; 1.06e-06 V                   ; 2.36 V              ; -0.00724 V          ; 0.107 V                              ; 0.02 V                               ; 4.5e-10 s                   ; 4.25e-10 s                  ; Yes                        ; Yes                        ; 2.32 V                      ; 1.06e-06 V                  ; 2.36 V             ; -0.00724 V         ; 0.107 V                             ; 0.02 V                              ; 4.5e-10 s                  ; 4.25e-10 s                 ; Yes                       ; Yes                       ;
; N_sample_out[25] ; 2.5 V        ; 0 s                 ; 0 s                 ; 2.32 V                       ; 7.16e-07 V                   ; 2.33 V              ; -0.00349 V          ; 0.163 V                              ; 0.074 V                              ; 3.33e-09 s                  ; 3.14e-09 s                  ; Yes                        ; Yes                        ; 2.32 V                      ; 7.16e-07 V                  ; 2.33 V             ; -0.00349 V         ; 0.163 V                             ; 0.074 V                             ; 3.33e-09 s                 ; 3.14e-09 s                 ; Yes                       ; Yes                       ;
; N_sample_out[26] ; 2.5 V        ; 0 s                 ; 0 s                 ; 2.32 V                       ; 7.16e-07 V                   ; 2.35 V              ; -0.00832 V          ; 0.101 V                              ; 0.024 V                              ; 6.39e-10 s                  ; 6e-10 s                     ; Yes                        ; Yes                        ; 2.32 V                      ; 7.16e-07 V                  ; 2.35 V             ; -0.00832 V         ; 0.101 V                             ; 0.024 V                             ; 6.39e-10 s                 ; 6e-10 s                    ; Yes                       ; Yes                       ;
; N_sample_out[27] ; 2.5 V        ; 0 s                 ; 0 s                 ; 2.32 V                       ; 1.06e-06 V                   ; 2.36 V              ; -0.00724 V          ; 0.107 V                              ; 0.02 V                               ; 4.5e-10 s                   ; 4.25e-10 s                  ; Yes                        ; Yes                        ; 2.32 V                      ; 1.06e-06 V                  ; 2.36 V             ; -0.00724 V         ; 0.107 V                             ; 0.02 V                              ; 4.5e-10 s                  ; 4.25e-10 s                 ; Yes                       ; Yes                       ;
; N_sample_out[28] ; 2.5 V        ; 0 s                 ; 0 s                 ; 2.32 V                       ; 1.06e-06 V                   ; 2.36 V              ; -0.00724 V          ; 0.107 V                              ; 0.02 V                               ; 4.5e-10 s                   ; 4.25e-10 s                  ; Yes                        ; Yes                        ; 2.32 V                      ; 1.06e-06 V                  ; 2.36 V             ; -0.00724 V         ; 0.107 V                             ; 0.02 V                              ; 4.5e-10 s                  ; 4.25e-10 s                 ; Yes                       ; Yes                       ;
; N_sample_out[29] ; 2.5 V        ; 0 s                 ; 0 s                 ; 2.32 V                       ; 1.06e-06 V                   ; 2.36 V              ; -0.00724 V          ; 0.107 V                              ; 0.02 V                               ; 4.5e-10 s                   ; 4.25e-10 s                  ; Yes                        ; Yes                        ; 2.32 V                      ; 1.06e-06 V                  ; 2.36 V             ; -0.00724 V         ; 0.107 V                             ; 0.02 V                              ; 4.5e-10 s                  ; 4.25e-10 s                 ; Yes                       ; Yes                       ;
; N_sample_out[30] ; 2.5 V        ; 0 s                 ; 0 s                 ; 2.32 V                       ; 7.16e-07 V                   ; 2.35 V              ; -0.00832 V          ; 0.101 V                              ; 0.024 V                              ; 6.39e-10 s                  ; 6e-10 s                     ; Yes                        ; Yes                        ; 2.32 V                      ; 7.16e-07 V                  ; 2.35 V             ; -0.00832 V         ; 0.101 V                             ; 0.024 V                             ; 6.39e-10 s                 ; 6e-10 s                    ; Yes                       ; Yes                       ;
; N_sample_out[31] ; 2.5 V        ; 0 s                 ; 0 s                 ; 2.32 V                       ; 1.06e-06 V                   ; 2.36 V              ; -0.00724 V          ; 0.107 V                              ; 0.02 V                               ; 4.5e-10 s                   ; 4.25e-10 s                  ; Yes                        ; Yes                        ; 2.32 V                      ; 1.06e-06 V                  ; 2.36 V             ; -0.00724 V         ; 0.107 V                             ; 0.02 V                              ; 4.5e-10 s                  ; 4.25e-10 s                 ; Yes                       ; Yes                       ;
; phase[0]         ; 2.5 V        ; 0 s                 ; 0 s                 ; 2.32 V                       ; 1.06e-06 V                   ; 2.36 V              ; -0.00724 V          ; 0.107 V                              ; 0.02 V                               ; 4.5e-10 s                   ; 4.25e-10 s                  ; Yes                        ; Yes                        ; 2.32 V                      ; 1.06e-06 V                  ; 2.36 V             ; -0.00724 V         ; 0.107 V                             ; 0.02 V                              ; 4.5e-10 s                  ; 4.25e-10 s                 ; Yes                       ; Yes                       ;
; phase[1]         ; 2.5 V        ; 0 s                 ; 0 s                 ; 2.32 V                       ; 1.06e-06 V                   ; 2.36 V              ; -0.00724 V          ; 0.107 V                              ; 0.02 V                               ; 4.5e-10 s                   ; 4.25e-10 s                  ; Yes                        ; Yes                        ; 2.32 V                      ; 1.06e-06 V                  ; 2.36 V             ; -0.00724 V         ; 0.107 V                             ; 0.02 V                              ; 4.5e-10 s                  ; 4.25e-10 s                 ; Yes                       ; Yes                       ;
; phase[2]         ; 2.5 V        ; 0 s                 ; 0 s                 ; 2.32 V                       ; 1.06e-06 V                   ; 2.36 V              ; -0.00724 V          ; 0.107 V                              ; 0.02 V                               ; 4.5e-10 s                   ; 4.25e-10 s                  ; Yes                        ; Yes                        ; 2.32 V                      ; 1.06e-06 V                  ; 2.36 V             ; -0.00724 V         ; 0.107 V                             ; 0.02 V                              ; 4.5e-10 s                  ; 4.25e-10 s                 ; Yes                       ; Yes                       ;
; phase[3]         ; 2.5 V        ; 0 s                 ; 0 s                 ; 2.32 V                       ; 1.06e-06 V                   ; 2.36 V              ; -0.00724 V          ; 0.107 V                              ; 0.02 V                               ; 4.5e-10 s                   ; 4.25e-10 s                  ; Yes                        ; Yes                        ; 2.32 V                      ; 1.06e-06 V                  ; 2.36 V             ; -0.00724 V         ; 0.107 V                             ; 0.02 V                              ; 4.5e-10 s                  ; 4.25e-10 s                 ; Yes                       ; Yes                       ;
; phase[4]         ; 2.5 V        ; 0 s                 ; 0 s                 ; 2.32 V                       ; 1.06e-06 V                   ; 2.36 V              ; -0.00724 V          ; 0.107 V                              ; 0.02 V                               ; 4.5e-10 s                   ; 4.25e-10 s                  ; Yes                        ; Yes                        ; 2.32 V                      ; 1.06e-06 V                  ; 2.36 V             ; -0.00724 V         ; 0.107 V                             ; 0.02 V                              ; 4.5e-10 s                  ; 4.25e-10 s                 ; Yes                       ; Yes                       ;
; phase[5]         ; 2.5 V        ; 0 s                 ; 0 s                 ; 2.32 V                       ; 1.06e-06 V                   ; 2.36 V              ; -0.00724 V          ; 0.107 V                              ; 0.02 V                               ; 4.5e-10 s                   ; 4.25e-10 s                  ; Yes                        ; Yes                        ; 2.32 V                      ; 1.06e-06 V                  ; 2.36 V             ; -0.00724 V         ; 0.107 V                             ; 0.02 V                              ; 4.5e-10 s                  ; 4.25e-10 s                 ; Yes                       ; Yes                       ;
; phase[6]         ; 2.5 V        ; 0 s                 ; 0 s                 ; 2.32 V                       ; 1.06e-06 V                   ; 2.36 V              ; -0.00724 V          ; 0.107 V                              ; 0.02 V                               ; 4.5e-10 s                   ; 4.25e-10 s                  ; Yes                        ; Yes                        ; 2.32 V                      ; 1.06e-06 V                  ; 2.36 V             ; -0.00724 V         ; 0.107 V                             ; 0.02 V                              ; 4.5e-10 s                  ; 4.25e-10 s                 ; Yes                       ; Yes                       ;
; phase[7]         ; 2.5 V        ; 0 s                 ; 0 s                 ; 2.32 V                       ; 1.06e-06 V                   ; 2.36 V              ; -0.00724 V          ; 0.107 V                              ; 0.02 V                               ; 4.5e-10 s                   ; 4.25e-10 s                  ; Yes                        ; Yes                        ; 2.32 V                      ; 1.06e-06 V                  ; 2.36 V             ; -0.00724 V         ; 0.107 V                             ; 0.02 V                              ; 4.5e-10 s                  ; 4.25e-10 s                 ; Yes                       ; Yes                       ;
; phase[8]         ; 2.5 V        ; 0 s                 ; 0 s                 ; 2.32 V                       ; 1.06e-06 V                   ; 2.36 V              ; -0.00724 V          ; 0.107 V                              ; 0.02 V                               ; 4.5e-10 s                   ; 4.25e-10 s                  ; Yes                        ; Yes                        ; 2.32 V                      ; 1.06e-06 V                  ; 2.36 V             ; -0.00724 V         ; 0.107 V                             ; 0.02 V                              ; 4.5e-10 s                  ; 4.25e-10 s                 ; Yes                       ; Yes                       ;
; phase[9]         ; 2.5 V        ; 0 s                 ; 0 s                 ; 2.32 V                       ; 1.06e-06 V                   ; 2.36 V              ; -0.00724 V          ; 0.107 V                              ; 0.02 V                               ; 4.5e-10 s                   ; 4.25e-10 s                  ; Yes                        ; Yes                        ; 2.32 V                      ; 1.06e-06 V                  ; 2.36 V             ; -0.00724 V         ; 0.107 V                             ; 0.02 V                              ; 4.5e-10 s                  ; 4.25e-10 s                 ; Yes                       ; Yes                       ;
; phase[10]        ; 2.5 V        ; 0 s                 ; 0 s                 ; 2.32 V                       ; 1.06e-06 V                   ; 2.36 V              ; -0.00724 V          ; 0.107 V                              ; 0.02 V                               ; 4.5e-10 s                   ; 4.25e-10 s                  ; Yes                        ; Yes                        ; 2.32 V                      ; 1.06e-06 V                  ; 2.36 V             ; -0.00724 V         ; 0.107 V                             ; 0.02 V                              ; 4.5e-10 s                  ; 4.25e-10 s                 ; Yes                       ; Yes                       ;
; phase[11]        ; 2.5 V        ; 0 s                 ; 0 s                 ; 2.32 V                       ; 1.06e-06 V                   ; 2.36 V              ; -0.00724 V          ; 0.107 V                              ; 0.02 V                               ; 4.5e-10 s                   ; 4.25e-10 s                  ; Yes                        ; Yes                        ; 2.32 V                      ; 1.06e-06 V                  ; 2.36 V             ; -0.00724 V         ; 0.107 V                             ; 0.02 V                              ; 4.5e-10 s                  ; 4.25e-10 s                 ; Yes                       ; Yes                       ;
; phase[12]        ; 2.5 V        ; 0 s                 ; 0 s                 ; 2.32 V                       ; 1.06e-06 V                   ; 2.33 V              ; -0.00344 V          ; 0.134 V                              ; 0.075 V                              ; 3.33e-09 s                  ; 3.16e-09 s                  ; Yes                        ; Yes                        ; 2.32 V                      ; 1.06e-06 V                  ; 2.33 V             ; -0.00344 V         ; 0.134 V                             ; 0.075 V                             ; 3.33e-09 s                 ; 3.16e-09 s                 ; Yes                       ; Yes                       ;
; phase[13]        ; 2.5 V        ; 0 s                 ; 0 s                 ; 2.32 V                       ; 1.06e-06 V                   ; 2.36 V              ; -0.00724 V          ; 0.107 V                              ; 0.02 V                               ; 4.5e-10 s                   ; 4.25e-10 s                  ; Yes                        ; Yes                        ; 2.32 V                      ; 1.06e-06 V                  ; 2.36 V             ; -0.00724 V         ; 0.107 V                             ; 0.02 V                              ; 4.5e-10 s                  ; 4.25e-10 s                 ; Yes                       ; Yes                       ;
; phase[14]        ; 2.5 V        ; 0 s                 ; 0 s                 ; 2.32 V                       ; 1.06e-06 V                   ; 2.36 V              ; -0.00724 V          ; 0.107 V                              ; 0.02 V                               ; 4.5e-10 s                   ; 4.25e-10 s                  ; Yes                        ; Yes                        ; 2.32 V                      ; 1.06e-06 V                  ; 2.36 V             ; -0.00724 V         ; 0.107 V                             ; 0.02 V                              ; 4.5e-10 s                  ; 4.25e-10 s                 ; Yes                       ; Yes                       ;
; phase[15]        ; 2.5 V        ; 0 s                 ; 0 s                 ; 2.32 V                       ; 1.06e-06 V                   ; 2.33 V              ; -0.00344 V          ; 0.134 V                              ; 0.075 V                              ; 3.33e-09 s                  ; 3.16e-09 s                  ; Yes                        ; Yes                        ; 2.32 V                      ; 1.06e-06 V                  ; 2.33 V             ; -0.00344 V         ; 0.134 V                             ; 0.075 V                             ; 3.33e-09 s                 ; 3.16e-09 s                 ; Yes                       ; Yes                       ;
; phase[16]        ; 2.5 V        ; 0 s                 ; 0 s                 ; 2.32 V                       ; 7.16e-07 V                   ; 2.36 V              ; -0.00476 V          ; 0.096 V                              ; 0.013 V                              ; 4.39e-10 s                  ; 4.15e-10 s                  ; Yes                        ; Yes                        ; 2.32 V                      ; 7.16e-07 V                  ; 2.36 V             ; -0.00476 V         ; 0.096 V                             ; 0.013 V                             ; 4.39e-10 s                 ; 4.15e-10 s                 ; Yes                       ; Yes                       ;
; phase[17]        ; 2.5 V        ; 0 s                 ; 0 s                 ; 2.32 V                       ; 1.06e-06 V                   ; 2.36 V              ; -0.00724 V          ; 0.107 V                              ; 0.02 V                               ; 4.5e-10 s                   ; 4.25e-10 s                  ; Yes                        ; Yes                        ; 2.32 V                      ; 1.06e-06 V                  ; 2.36 V             ; -0.00724 V         ; 0.107 V                             ; 0.02 V                              ; 4.5e-10 s                  ; 4.25e-10 s                 ; Yes                       ; Yes                       ;
; phase[18]        ; 2.5 V        ; 0 s                 ; 0 s                 ; 2.32 V                       ; 1.06e-06 V                   ; 2.36 V              ; -0.00724 V          ; 0.107 V                              ; 0.02 V                               ; 4.5e-10 s                   ; 4.25e-10 s                  ; Yes                        ; Yes                        ; 2.32 V                      ; 1.06e-06 V                  ; 2.36 V             ; -0.00724 V         ; 0.107 V                             ; 0.02 V                              ; 4.5e-10 s                  ; 4.25e-10 s                 ; Yes                       ; Yes                       ;
; phase[19]        ; 2.5 V        ; 0 s                 ; 0 s                 ; 2.32 V                       ; 1.06e-06 V                   ; 2.36 V              ; -0.00724 V          ; 0.107 V                              ; 0.02 V                               ; 4.5e-10 s                   ; 4.25e-10 s                  ; Yes                        ; Yes                        ; 2.32 V                      ; 1.06e-06 V                  ; 2.36 V             ; -0.00724 V         ; 0.107 V                             ; 0.02 V                              ; 4.5e-10 s                  ; 4.25e-10 s                 ; Yes                       ; Yes                       ;
; phase[20]        ; 2.5 V        ; 0 s                 ; 0 s                 ; 2.32 V                       ; 1.06e-06 V                   ; 2.36 V              ; -0.00724 V          ; 0.107 V                              ; 0.02 V                               ; 4.5e-10 s                   ; 4.25e-10 s                  ; Yes                        ; Yes                        ; 2.32 V                      ; 1.06e-06 V                  ; 2.36 V             ; -0.00724 V         ; 0.107 V                             ; 0.02 V                              ; 4.5e-10 s                  ; 4.25e-10 s                 ; Yes                       ; Yes                       ;
; phase[21]        ; 2.5 V        ; 0 s                 ; 0 s                 ; 2.32 V                       ; 1.06e-06 V                   ; 2.36 V              ; -0.00724 V          ; 0.107 V                              ; 0.02 V                               ; 4.5e-10 s                   ; 4.25e-10 s                  ; Yes                        ; Yes                        ; 2.32 V                      ; 1.06e-06 V                  ; 2.36 V             ; -0.00724 V         ; 0.107 V                             ; 0.02 V                              ; 4.5e-10 s                  ; 4.25e-10 s                 ; Yes                       ; Yes                       ;
; phase[22]        ; 2.5 V        ; 0 s                 ; 0 s                 ; 2.32 V                       ; 1.06e-06 V                   ; 2.36 V              ; -0.00724 V          ; 0.107 V                              ; 0.02 V                               ; 4.5e-10 s                   ; 4.25e-10 s                  ; Yes                        ; Yes                        ; 2.32 V                      ; 1.06e-06 V                  ; 2.36 V             ; -0.00724 V         ; 0.107 V                             ; 0.02 V                              ; 4.5e-10 s                  ; 4.25e-10 s                 ; Yes                       ; Yes                       ;
; phase[23]        ; 2.5 V        ; 0 s                 ; 0 s                 ; 2.32 V                       ; 1.06e-06 V                   ; 2.36 V              ; -0.00724 V          ; 0.107 V                              ; 0.02 V                               ; 4.5e-10 s                   ; 4.25e-10 s                  ; Yes                        ; Yes                        ; 2.32 V                      ; 1.06e-06 V                  ; 2.36 V             ; -0.00724 V         ; 0.107 V                             ; 0.02 V                              ; 4.5e-10 s                  ; 4.25e-10 s                 ; Yes                       ; Yes                       ;
; phase[24]        ; 2.5 V        ; 0 s                 ; 0 s                 ; 2.32 V                       ; 1.06e-06 V                   ; 2.36 V              ; -0.00724 V          ; 0.107 V                              ; 0.02 V                               ; 4.5e-10 s                   ; 4.25e-10 s                  ; Yes                        ; Yes                        ; 2.32 V                      ; 1.06e-06 V                  ; 2.36 V             ; -0.00724 V         ; 0.107 V                             ; 0.02 V                              ; 4.5e-10 s                  ; 4.25e-10 s                 ; Yes                       ; Yes                       ;
; phase[25]        ; 2.5 V        ; 0 s                 ; 0 s                 ; 2.32 V                       ; 7.16e-07 V                   ; 2.35 V              ; -0.00832 V          ; 0.101 V                              ; 0.024 V                              ; 6.39e-10 s                  ; 6e-10 s                     ; Yes                        ; Yes                        ; 2.32 V                      ; 7.16e-07 V                  ; 2.35 V             ; -0.00832 V         ; 0.101 V                             ; 0.024 V                             ; 6.39e-10 s                 ; 6e-10 s                    ; Yes                       ; Yes                       ;
; phase[26]        ; 2.5 V        ; 0 s                 ; 0 s                 ; 2.32 V                       ; 1.06e-06 V                   ; 2.36 V              ; -0.00724 V          ; 0.107 V                              ; 0.02 V                               ; 4.5e-10 s                   ; 4.25e-10 s                  ; Yes                        ; Yes                        ; 2.32 V                      ; 1.06e-06 V                  ; 2.36 V             ; -0.00724 V         ; 0.107 V                             ; 0.02 V                              ; 4.5e-10 s                  ; 4.25e-10 s                 ; Yes                       ; Yes                       ;
; phase[27]        ; 2.5 V        ; 0 s                 ; 0 s                 ; 2.32 V                       ; 1.06e-06 V                   ; 2.36 V              ; -0.00724 V          ; 0.107 V                              ; 0.02 V                               ; 4.5e-10 s                   ; 4.25e-10 s                  ; Yes                        ; Yes                        ; 2.32 V                      ; 1.06e-06 V                  ; 2.36 V             ; -0.00724 V         ; 0.107 V                             ; 0.02 V                              ; 4.5e-10 s                  ; 4.25e-10 s                 ; Yes                       ; Yes                       ;
; phase[28]        ; 2.5 V        ; 0 s                 ; 0 s                 ; 2.32 V                       ; 1.06e-06 V                   ; 2.36 V              ; -0.00724 V          ; 0.107 V                              ; 0.02 V                               ; 4.5e-10 s                   ; 4.25e-10 s                  ; Yes                        ; Yes                        ; 2.32 V                      ; 1.06e-06 V                  ; 2.36 V             ; -0.00724 V         ; 0.107 V                             ; 0.02 V                              ; 4.5e-10 s                  ; 4.25e-10 s                 ; Yes                       ; Yes                       ;
; phase[29]        ; 2.5 V        ; 0 s                 ; 0 s                 ; 2.32 V                       ; 1.06e-06 V                   ; 2.36 V              ; -0.00724 V          ; 0.107 V                              ; 0.02 V                               ; 4.5e-10 s                   ; 4.25e-10 s                  ; Yes                        ; Yes                        ; 2.32 V                      ; 1.06e-06 V                  ; 2.36 V             ; -0.00724 V         ; 0.107 V                             ; 0.02 V                              ; 4.5e-10 s                  ; 4.25e-10 s                 ; Yes                       ; Yes                       ;
; phase[30]        ; 2.5 V        ; 0 s                 ; 0 s                 ; 2.32 V                       ; 1.06e-06 V                   ; 2.36 V              ; -0.00724 V          ; 0.107 V                              ; 0.02 V                               ; 4.5e-10 s                   ; 4.25e-10 s                  ; Yes                        ; Yes                        ; 2.32 V                      ; 1.06e-06 V                  ; 2.36 V             ; -0.00724 V         ; 0.107 V                             ; 0.02 V                              ; 4.5e-10 s                  ; 4.25e-10 s                 ; Yes                       ; Yes                       ;
; phase[31]        ; 2.5 V        ; 0 s                 ; 0 s                 ; 2.32 V                       ; 7.16e-07 V                   ; 2.35 V              ; -0.00832 V          ; 0.101 V                              ; 0.024 V                              ; 6.39e-10 s                  ; 6e-10 s                     ; Yes                        ; Yes                        ; 2.32 V                      ; 7.16e-07 V                  ; 2.35 V             ; -0.00832 V         ; 0.101 V                             ; 0.024 V                             ; 6.39e-10 s                 ; 6e-10 s                    ; Yes                       ; Yes                       ;
; magnitude[0]     ; 2.5 V        ; 0 s                 ; 0 s                 ; 2.32 V                       ; 7.16e-07 V                   ; 2.35 V              ; -0.00832 V          ; 0.101 V                              ; 0.024 V                              ; 6.39e-10 s                  ; 6e-10 s                     ; Yes                        ; Yes                        ; 2.32 V                      ; 7.16e-07 V                  ; 2.35 V             ; -0.00832 V         ; 0.101 V                             ; 0.024 V                             ; 6.39e-10 s                 ; 6e-10 s                    ; Yes                       ; Yes                       ;
; magnitude[1]     ; 2.5 V        ; 0 s                 ; 0 s                 ; 2.32 V                       ; 7.16e-07 V                   ; 2.35 V              ; -0.00832 V          ; 0.101 V                              ; 0.024 V                              ; 6.39e-10 s                  ; 6e-10 s                     ; Yes                        ; Yes                        ; 2.32 V                      ; 7.16e-07 V                  ; 2.35 V             ; -0.00832 V         ; 0.101 V                             ; 0.024 V                             ; 6.39e-10 s                 ; 6e-10 s                    ; Yes                       ; Yes                       ;
; magnitude[2]     ; 2.5 V        ; 0 s                 ; 0 s                 ; 2.32 V                       ; 7.16e-07 V                   ; 2.33 V              ; -0.00349 V          ; 0.163 V                              ; 0.074 V                              ; 3.33e-09 s                  ; 3.14e-09 s                  ; Yes                        ; Yes                        ; 2.32 V                      ; 7.16e-07 V                  ; 2.33 V             ; -0.00349 V         ; 0.163 V                             ; 0.074 V                             ; 3.33e-09 s                 ; 3.14e-09 s                 ; Yes                       ; Yes                       ;
; magnitude[3]     ; 2.5 V        ; 0 s                 ; 0 s                 ; 2.32 V                       ; 7.16e-07 V                   ; 2.36 V              ; -0.00476 V          ; 0.096 V                              ; 0.013 V                              ; 4.39e-10 s                  ; 4.15e-10 s                  ; Yes                        ; Yes                        ; 2.32 V                      ; 7.16e-07 V                  ; 2.36 V             ; -0.00476 V         ; 0.096 V                             ; 0.013 V                             ; 4.39e-10 s                 ; 4.15e-10 s                 ; Yes                       ; Yes                       ;
; magnitude[4]     ; 2.5 V        ; 0 s                 ; 0 s                 ; 2.32 V                       ; 7.16e-07 V                   ; 2.36 V              ; -0.00476 V          ; 0.096 V                              ; 0.013 V                              ; 4.39e-10 s                  ; 4.15e-10 s                  ; Yes                        ; Yes                        ; 2.32 V                      ; 7.16e-07 V                  ; 2.36 V             ; -0.00476 V         ; 0.096 V                             ; 0.013 V                             ; 4.39e-10 s                 ; 4.15e-10 s                 ; Yes                       ; Yes                       ;
; magnitude[5]     ; 2.5 V        ; 0 s                 ; 0 s                 ; 2.32 V                       ; 7.16e-07 V                   ; 2.35 V              ; -0.00832 V          ; 0.101 V                              ; 0.024 V                              ; 6.39e-10 s                  ; 6e-10 s                     ; Yes                        ; Yes                        ; 2.32 V                      ; 7.16e-07 V                  ; 2.35 V             ; -0.00832 V         ; 0.101 V                             ; 0.024 V                             ; 6.39e-10 s                 ; 6e-10 s                    ; Yes                       ; Yes                       ;
; magnitude[6]     ; 2.5 V        ; 0 s                 ; 0 s                 ; 2.32 V                       ; 7.16e-07 V                   ; 2.35 V              ; -0.00832 V          ; 0.101 V                              ; 0.024 V                              ; 6.39e-10 s                  ; 6e-10 s                     ; Yes                        ; Yes                        ; 2.32 V                      ; 7.16e-07 V                  ; 2.35 V             ; -0.00832 V         ; 0.101 V                             ; 0.024 V                             ; 6.39e-10 s                 ; 6e-10 s                    ; Yes                       ; Yes                       ;
; magnitude[7]     ; 2.5 V        ; 0 s                 ; 0 s                 ; 2.32 V                       ; 1.06e-06 V                   ; 2.36 V              ; -0.00724 V          ; 0.107 V                              ; 0.02 V                               ; 4.5e-10 s                   ; 4.25e-10 s                  ; Yes                        ; Yes                        ; 2.32 V                      ; 1.06e-06 V                  ; 2.36 V             ; -0.00724 V         ; 0.107 V                             ; 0.02 V                              ; 4.5e-10 s                  ; 4.25e-10 s                 ; Yes                       ; Yes                       ;
; magnitude[8]     ; 2.5 V        ; 0 s                 ; 0 s                 ; 2.32 V                       ; 1.06e-06 V                   ; 2.36 V              ; -0.00724 V          ; 0.107 V                              ; 0.02 V                               ; 4.5e-10 s                   ; 4.25e-10 s                  ; Yes                        ; Yes                        ; 2.32 V                      ; 1.06e-06 V                  ; 2.36 V             ; -0.00724 V         ; 0.107 V                             ; 0.02 V                              ; 4.5e-10 s                  ; 4.25e-10 s                 ; Yes                       ; Yes                       ;
; magnitude[9]     ; 2.5 V        ; 0 s                 ; 0 s                 ; 2.32 V                       ; 1.06e-06 V                   ; 2.36 V              ; -0.00724 V          ; 0.107 V                              ; 0.02 V                               ; 4.5e-10 s                   ; 4.25e-10 s                  ; Yes                        ; Yes                        ; 2.32 V                      ; 1.06e-06 V                  ; 2.36 V             ; -0.00724 V         ; 0.107 V                             ; 0.02 V                              ; 4.5e-10 s                  ; 4.25e-10 s                 ; Yes                       ; Yes                       ;
; magnitude[10]    ; 2.5 V        ; 0 s                 ; 0 s                 ; 2.32 V                       ; 1.06e-06 V                   ; 2.36 V              ; -0.00724 V          ; 0.107 V                              ; 0.02 V                               ; 4.5e-10 s                   ; 4.25e-10 s                  ; Yes                        ; Yes                        ; 2.32 V                      ; 1.06e-06 V                  ; 2.36 V             ; -0.00724 V         ; 0.107 V                             ; 0.02 V                              ; 4.5e-10 s                  ; 4.25e-10 s                 ; Yes                       ; Yes                       ;
; magnitude[11]    ; 2.5 V        ; 0 s                 ; 0 s                 ; 2.32 V                       ; 1.06e-06 V                   ; 2.36 V              ; -0.00724 V          ; 0.107 V                              ; 0.02 V                               ; 4.5e-10 s                   ; 4.25e-10 s                  ; Yes                        ; Yes                        ; 2.32 V                      ; 1.06e-06 V                  ; 2.36 V             ; -0.00724 V         ; 0.107 V                             ; 0.02 V                              ; 4.5e-10 s                  ; 4.25e-10 s                 ; Yes                       ; Yes                       ;
; magnitude[12]    ; 2.5 V        ; 0 s                 ; 0 s                 ; 2.32 V                       ; 7.16e-07 V                   ; 2.35 V              ; -0.00832 V          ; 0.101 V                              ; 0.024 V                              ; 6.39e-10 s                  ; 6e-10 s                     ; Yes                        ; Yes                        ; 2.32 V                      ; 7.16e-07 V                  ; 2.35 V             ; -0.00832 V         ; 0.101 V                             ; 0.024 V                             ; 6.39e-10 s                 ; 6e-10 s                    ; Yes                       ; Yes                       ;
; magnitude[13]    ; 2.5 V        ; 0 s                 ; 0 s                 ; 2.32 V                       ; 1.06e-06 V                   ; 2.36 V              ; -0.00724 V          ; 0.107 V                              ; 0.02 V                               ; 4.5e-10 s                   ; 4.25e-10 s                  ; Yes                        ; Yes                        ; 2.32 V                      ; 1.06e-06 V                  ; 2.36 V             ; -0.00724 V         ; 0.107 V                             ; 0.02 V                              ; 4.5e-10 s                  ; 4.25e-10 s                 ; Yes                       ; Yes                       ;
; magnitude[14]    ; 2.5 V        ; 0 s                 ; 0 s                 ; 2.32 V                       ; 1.06e-06 V                   ; 2.36 V              ; -0.00724 V          ; 0.107 V                              ; 0.02 V                               ; 4.5e-10 s                   ; 4.25e-10 s                  ; Yes                        ; Yes                        ; 2.32 V                      ; 1.06e-06 V                  ; 2.36 V             ; -0.00724 V         ; 0.107 V                             ; 0.02 V                              ; 4.5e-10 s                  ; 4.25e-10 s                 ; Yes                       ; Yes                       ;
; magnitude[15]    ; 2.5 V        ; 0 s                 ; 0 s                 ; 2.32 V                       ; 7.16e-07 V                   ; 2.35 V              ; -0.00832 V          ; 0.101 V                              ; 0.024 V                              ; 6.39e-10 s                  ; 6e-10 s                     ; Yes                        ; Yes                        ; 2.32 V                      ; 7.16e-07 V                  ; 2.35 V             ; -0.00832 V         ; 0.101 V                             ; 0.024 V                             ; 6.39e-10 s                 ; 6e-10 s                    ; Yes                       ; Yes                       ;
; magnitude[16]    ; 2.5 V        ; 0 s                 ; 0 s                 ; 2.32 V                       ; 1.06e-06 V                   ; 2.36 V              ; -0.00724 V          ; 0.107 V                              ; 0.02 V                               ; 4.5e-10 s                   ; 4.25e-10 s                  ; Yes                        ; Yes                        ; 2.32 V                      ; 1.06e-06 V                  ; 2.36 V             ; -0.00724 V         ; 0.107 V                             ; 0.02 V                              ; 4.5e-10 s                  ; 4.25e-10 s                 ; Yes                       ; Yes                       ;
; magnitude[17]    ; 2.5 V        ; 0 s                 ; 0 s                 ; 2.32 V                       ; 1.06e-06 V                   ; 2.36 V              ; -0.00724 V          ; 0.107 V                              ; 0.02 V                               ; 4.5e-10 s                   ; 4.25e-10 s                  ; Yes                        ; Yes                        ; 2.32 V                      ; 1.06e-06 V                  ; 2.36 V             ; -0.00724 V         ; 0.107 V                             ; 0.02 V                              ; 4.5e-10 s                  ; 4.25e-10 s                 ; Yes                       ; Yes                       ;
; magnitude[18]    ; 2.5 V        ; 0 s                 ; 0 s                 ; 2.32 V                       ; 1.06e-06 V                   ; 2.36 V              ; -0.00724 V          ; 0.107 V                              ; 0.02 V                               ; 4.5e-10 s                   ; 4.25e-10 s                  ; Yes                        ; Yes                        ; 2.32 V                      ; 1.06e-06 V                  ; 2.36 V             ; -0.00724 V         ; 0.107 V                             ; 0.02 V                              ; 4.5e-10 s                  ; 4.25e-10 s                 ; Yes                       ; Yes                       ;
; magnitude[19]    ; 2.5 V        ; 0 s                 ; 0 s                 ; 2.32 V                       ; 1.06e-06 V                   ; 2.36 V              ; -0.00724 V          ; 0.107 V                              ; 0.02 V                               ; 4.5e-10 s                   ; 4.25e-10 s                  ; Yes                        ; Yes                        ; 2.32 V                      ; 1.06e-06 V                  ; 2.36 V             ; -0.00724 V         ; 0.107 V                             ; 0.02 V                              ; 4.5e-10 s                  ; 4.25e-10 s                 ; Yes                       ; Yes                       ;
; magnitude[20]    ; 2.5 V        ; 0 s                 ; 0 s                 ; 2.32 V                       ; 1.06e-06 V                   ; 2.36 V              ; -0.00724 V          ; 0.107 V                              ; 0.02 V                               ; 4.5e-10 s                   ; 4.25e-10 s                  ; Yes                        ; Yes                        ; 2.32 V                      ; 1.06e-06 V                  ; 2.36 V             ; -0.00724 V         ; 0.107 V                             ; 0.02 V                              ; 4.5e-10 s                  ; 4.25e-10 s                 ; Yes                       ; Yes                       ;
; magnitude[21]    ; 2.5 V        ; 0 s                 ; 0 s                 ; 2.32 V                       ; 1.06e-06 V                   ; 2.36 V              ; -0.00724 V          ; 0.107 V                              ; 0.02 V                               ; 4.5e-10 s                   ; 4.25e-10 s                  ; Yes                        ; Yes                        ; 2.32 V                      ; 1.06e-06 V                  ; 2.36 V             ; -0.00724 V         ; 0.107 V                             ; 0.02 V                              ; 4.5e-10 s                  ; 4.25e-10 s                 ; Yes                       ; Yes                       ;
; magnitude[22]    ; 2.5 V        ; 0 s                 ; 0 s                 ; 2.32 V                       ; 1.06e-06 V                   ; 2.36 V              ; -0.00724 V          ; 0.107 V                              ; 0.02 V                               ; 4.5e-10 s                   ; 4.25e-10 s                  ; Yes                        ; Yes                        ; 2.32 V                      ; 1.06e-06 V                  ; 2.36 V             ; -0.00724 V         ; 0.107 V                             ; 0.02 V                              ; 4.5e-10 s                  ; 4.25e-10 s                 ; Yes                       ; Yes                       ;
; magnitude[23]    ; 2.5 V        ; 0 s                 ; 0 s                 ; 2.32 V                       ; 1.06e-06 V                   ; 2.36 V              ; -0.00724 V          ; 0.107 V                              ; 0.02 V                               ; 4.5e-10 s                   ; 4.25e-10 s                  ; Yes                        ; Yes                        ; 2.32 V                      ; 1.06e-06 V                  ; 2.36 V             ; -0.00724 V         ; 0.107 V                             ; 0.02 V                              ; 4.5e-10 s                  ; 4.25e-10 s                 ; Yes                       ; Yes                       ;
; magnitude[24]    ; 2.5 V        ; 0 s                 ; 0 s                 ; 2.32 V                       ; 1.06e-06 V                   ; 2.33 V              ; -0.00344 V          ; 0.134 V                              ; 0.075 V                              ; 3.33e-09 s                  ; 3.16e-09 s                  ; Yes                        ; Yes                        ; 2.32 V                      ; 1.06e-06 V                  ; 2.33 V             ; -0.00344 V         ; 0.134 V                             ; 0.075 V                             ; 3.33e-09 s                 ; 3.16e-09 s                 ; Yes                       ; Yes                       ;
; magnitude[25]    ; 2.5 V        ; 0 s                 ; 0 s                 ; 2.32 V                       ; 1.06e-06 V                   ; 2.36 V              ; -0.00724 V          ; 0.107 V                              ; 0.02 V                               ; 4.5e-10 s                   ; 4.25e-10 s                  ; Yes                        ; Yes                        ; 2.32 V                      ; 1.06e-06 V                  ; 2.36 V             ; -0.00724 V         ; 0.107 V                             ; 0.02 V                              ; 4.5e-10 s                  ; 4.25e-10 s                 ; Yes                       ; Yes                       ;
; magnitude[26]    ; 2.5 V        ; 0 s                 ; 0 s                 ; 2.32 V                       ; 1.06e-06 V                   ; 2.36 V              ; -0.00724 V          ; 0.107 V                              ; 0.02 V                               ; 4.5e-10 s                   ; 4.25e-10 s                  ; Yes                        ; Yes                        ; 2.32 V                      ; 1.06e-06 V                  ; 2.36 V             ; -0.00724 V         ; 0.107 V                             ; 0.02 V                              ; 4.5e-10 s                  ; 4.25e-10 s                 ; Yes                       ; Yes                       ;
; magnitude[27]    ; 2.5 V        ; 0 s                 ; 0 s                 ; 2.32 V                       ; 1.06e-06 V                   ; 2.36 V              ; -0.00724 V          ; 0.107 V                              ; 0.02 V                               ; 4.5e-10 s                   ; 4.25e-10 s                  ; Yes                        ; Yes                        ; 2.32 V                      ; 1.06e-06 V                  ; 2.36 V             ; -0.00724 V         ; 0.107 V                             ; 0.02 V                              ; 4.5e-10 s                  ; 4.25e-10 s                 ; Yes                       ; Yes                       ;
; magnitude[28]    ; 2.5 V        ; 0 s                 ; 0 s                 ; 2.32 V                       ; 1.06e-06 V                   ; 2.36 V              ; -0.00724 V          ; 0.107 V                              ; 0.02 V                               ; 4.5e-10 s                   ; 4.25e-10 s                  ; Yes                        ; Yes                        ; 2.32 V                      ; 1.06e-06 V                  ; 2.36 V             ; -0.00724 V         ; 0.107 V                             ; 0.02 V                              ; 4.5e-10 s                  ; 4.25e-10 s                 ; Yes                       ; Yes                       ;
; magnitude[29]    ; 2.5 V        ; 0 s                 ; 0 s                 ; 2.32 V                       ; 1.06e-06 V                   ; 2.36 V              ; -0.00724 V          ; 0.107 V                              ; 0.02 V                               ; 4.5e-10 s                   ; 4.25e-10 s                  ; Yes                        ; Yes                        ; 2.32 V                      ; 1.06e-06 V                  ; 2.36 V             ; -0.00724 V         ; 0.107 V                             ; 0.02 V                              ; 4.5e-10 s                  ; 4.25e-10 s                 ; Yes                       ; Yes                       ;
; magnitude[30]    ; 2.5 V        ; 0 s                 ; 0 s                 ; 2.32 V                       ; 1.06e-06 V                   ; 2.36 V              ; -0.00724 V          ; 0.107 V                              ; 0.02 V                               ; 4.5e-10 s                   ; 4.25e-10 s                  ; Yes                        ; Yes                        ; 2.32 V                      ; 1.06e-06 V                  ; 2.36 V             ; -0.00724 V         ; 0.107 V                             ; 0.02 V                              ; 4.5e-10 s                  ; 4.25e-10 s                 ; Yes                       ; Yes                       ;
; magnitude[31]    ; 2.5 V        ; 0 s                 ; 0 s                 ; 2.32 V                       ; 7.16e-07 V                   ; 2.35 V              ; -0.00832 V          ; 0.101 V                              ; 0.024 V                              ; 6.39e-10 s                  ; 6e-10 s                     ; Yes                        ; Yes                        ; 2.32 V                      ; 7.16e-07 V                  ; 2.35 V             ; -0.00832 V         ; 0.101 V                             ; 0.024 V                             ; 6.39e-10 s                 ; 6e-10 s                    ; Yes                       ; Yes                       ;
; ~ALTERA_DCLK~    ; 2.5 V        ; 0 s                 ; 0 s                 ; 2.32 V                       ; 5.74e-07 V                   ; 2.36 V              ; -0.0201 V           ; 0.072 V                              ; 0.033 V                              ; 4.04e-10 s                  ; 3.29e-10 s                  ; Yes                        ; Yes                        ; 2.32 V                      ; 5.74e-07 V                  ; 2.36 V             ; -0.0201 V          ; 0.072 V                             ; 0.033 V                             ; 4.04e-10 s                 ; 3.29e-10 s                 ; Yes                       ; Yes                       ;
; ~ALTERA_nCEO~    ; 2.5 V        ; 0 s                 ; 0 s                 ; 2.32 V                       ; 9.45e-07 V                   ; 2.35 V              ; -0.00643 V          ; 0.081 V                              ; 0.031 V                              ; 5.31e-10 s                  ; 7.59e-10 s                  ; Yes                        ; Yes                        ; 2.32 V                      ; 9.45e-07 V                  ; 2.35 V             ; -0.00643 V         ; 0.081 V                             ; 0.031 V                             ; 5.31e-10 s                 ; 7.59e-10 s                 ; Yes                       ; Yes                       ;
+------------------+--------------+---------------------+---------------------+------------------------------+------------------------------+---------------------+---------------------+--------------------------------------+--------------------------------------+-----------------------------+-----------------------------+----------------------------+----------------------------+-----------------------------+-----------------------------+--------------------+--------------------+-------------------------------------+-------------------------------------+----------------------------+----------------------------+---------------------------+---------------------------+


+-----------------------------------------------------------------------------------------------------------------------------------------------------------------------------------------------------------------------------------------------------------------------------------------------------------------------------------------------------------------------------------------------------------------------------------------------------------------------------------------------------------------------------------------------------------------------------------------------------------------------------------------------------------------------------------------------+
; Signal Integrity Metrics (Fast 1200mv 0c Model)                                                                                                                                                                                                                                                                                                                                                                                                                                                                                                                                                                                                                                               ;
+------------------+--------------+---------------------+---------------------+------------------------------+------------------------------+---------------------+---------------------+--------------------------------------+--------------------------------------+-----------------------------+-----------------------------+----------------------------+----------------------------+-----------------------------+-----------------------------+--------------------+--------------------+-------------------------------------+-------------------------------------+----------------------------+----------------------------+---------------------------+---------------------------+
; Pin              ; I/O Standard ; Board Delay on Rise ; Board Delay on Fall ; Steady State Voh at FPGA Pin ; Steady State Vol at FPGA Pin ; Voh Max at FPGA Pin ; Vol Min at FPGA Pin ; Ringback Voltage on Rise at FPGA Pin ; Ringback Voltage on Fall at FPGA Pin ; 10-90 Rise Time at FPGA Pin ; 90-10 Fall Time at FPGA Pin ; Monotonic Rise at FPGA Pin ; Monotonic Fall at FPGA Pin ; Steady State Voh at Far-end ; Steady State Vol at Far-end ; Voh Max at Far-end ; Vol Min at Far-end ; Ringback Voltage on Rise at Far-end ; Ringback Voltage on Fall at Far-end ; 10-90 Rise Time at Far-end ; 90-10 Fall Time at Far-end ; Monotonic Rise at Far-end ; Monotonic Fall at Far-end ;
+------------------+--------------+---------------------+---------------------+------------------------------+------------------------------+---------------------+---------------------+--------------------------------------+--------------------------------------+-----------------------------+-----------------------------+----------------------------+----------------------------+-----------------------------+-----------------------------+--------------------+--------------------+-------------------------------------+-------------------------------------+----------------------------+----------------------------+---------------------------+---------------------------+
; sclk             ; 2.5 V        ; 0 s                 ; 0 s                 ; 2.62 V                       ; 4.05e-08 V                   ; 2.72 V              ; -0.0349 V           ; 0.173 V                              ; 0.1 V                                ; 2.72e-10 s                  ; 2.69e-10 s                  ; Yes                        ; Yes                        ; 2.62 V                      ; 4.05e-08 V                  ; 2.72 V             ; -0.0349 V          ; 0.173 V                             ; 0.1 V                               ; 2.72e-10 s                 ; 2.69e-10 s                 ; Yes                       ; Yes                       ;
; din              ; 2.5 V        ; 0 s                 ; 0 s                 ; 2.62 V                       ; 4.05e-08 V                   ; 2.72 V              ; -0.0349 V           ; 0.173 V                              ; 0.1 V                                ; 2.72e-10 s                  ; 2.69e-10 s                  ; Yes                        ; Yes                        ; 2.62 V                      ; 4.05e-08 V                  ; 2.72 V             ; -0.0349 V          ; 0.173 V                             ; 0.1 V                               ; 2.72e-10 s                 ; 2.69e-10 s                 ; Yes                       ; Yes                       ;
; cs               ; 2.5 V        ; 0 s                 ; 0 s                 ; 2.62 V                       ; 4.05e-08 V                   ; 2.72 V              ; -0.0349 V           ; 0.173 V                              ; 0.1 V                                ; 2.72e-10 s                  ; 2.69e-10 s                  ; Yes                        ; Yes                        ; 2.62 V                      ; 4.05e-08 V                  ; 2.72 V             ; -0.0349 V          ; 0.173 V                             ; 0.1 V                               ; 2.72e-10 s                 ; 2.69e-10 s                 ; Yes                       ; Yes                       ;
; clock_out        ; 2.5 V        ; 0 s                 ; 0 s                 ; 2.62 V                       ; 4.05e-08 V                   ; 2.64 V              ; -0.0113 V           ; 0.208 V                              ; 0.179 V                              ; 2.38e-09 s                  ; 2.23e-09 s                  ; No                         ; Yes                        ; 2.62 V                      ; 4.05e-08 V                  ; 2.64 V             ; -0.0113 V          ; 0.208 V                             ; 0.179 V                             ; 2.38e-09 s                 ; 2.23e-09 s                 ; No                        ; Yes                       ;
; afe_data[0]      ; 2.5 V        ; 0 s                 ; 0 s                 ; 2.62 V                       ; 2.74e-08 V                   ; 2.64 V              ; -0.0117 V           ; 0.202 V                              ; 0.176 V                              ; 2.38e-09 s                  ; 2.22e-09 s                  ; No                         ; Yes                        ; 2.62 V                      ; 2.74e-08 V                  ; 2.64 V             ; -0.0117 V          ; 0.202 V                             ; 0.176 V                             ; 2.38e-09 s                 ; 2.22e-09 s                 ; No                        ; Yes                       ;
; afe_data[1]      ; 2.5 V        ; 0 s                 ; 0 s                 ; 2.62 V                       ; 2.74e-08 V                   ; 2.71 V              ; -0.0317 V           ; 0.148 V                              ; 0.064 V                              ; 4.51e-10 s                  ; 4.15e-10 s                  ; No                         ; Yes                        ; 2.62 V                      ; 2.74e-08 V                  ; 2.71 V             ; -0.0317 V          ; 0.148 V                             ; 0.064 V                             ; 4.51e-10 s                 ; 4.15e-10 s                 ; No                        ; Yes                       ;
; afe_data[2]      ; 2.5 V        ; 0 s                 ; 0 s                 ; 2.62 V                       ; 4.05e-08 V                   ; 2.72 V              ; -0.0349 V           ; 0.173 V                              ; 0.1 V                                ; 2.72e-10 s                  ; 2.69e-10 s                  ; Yes                        ; Yes                        ; 2.62 V                      ; 4.05e-08 V                  ; 2.72 V             ; -0.0349 V          ; 0.173 V                             ; 0.1 V                               ; 2.72e-10 s                 ; 2.69e-10 s                 ; Yes                       ; Yes                       ;
; afe_data[3]      ; 2.5 V        ; 0 s                 ; 0 s                 ; 2.62 V                       ; 2.74e-08 V                   ; 2.73 V              ; -0.0384 V           ; 0.169 V                              ; 0.089 V                              ; 2.7e-10 s                   ; 2.62e-10 s                  ; Yes                        ; Yes                        ; 2.62 V                      ; 2.74e-08 V                  ; 2.73 V             ; -0.0384 V          ; 0.169 V                             ; 0.089 V                             ; 2.7e-10 s                  ; 2.62e-10 s                 ; Yes                       ; Yes                       ;
; afe_data[4]      ; 2.5 V        ; 0 s                 ; 0 s                 ; 2.62 V                       ; 4.05e-08 V                   ; 2.72 V              ; -0.0349 V           ; 0.173 V                              ; 0.1 V                                ; 2.72e-10 s                  ; 2.69e-10 s                  ; Yes                        ; Yes                        ; 2.62 V                      ; 4.05e-08 V                  ; 2.72 V             ; -0.0349 V          ; 0.173 V                             ; 0.1 V                               ; 2.72e-10 s                 ; 2.69e-10 s                 ; Yes                       ; Yes                       ;
; afe_data[5]      ; 2.5 V        ; 0 s                 ; 0 s                 ; 2.62 V                       ; 4.05e-08 V                   ; 2.72 V              ; -0.0349 V           ; 0.173 V                              ; 0.1 V                                ; 2.72e-10 s                  ; 2.69e-10 s                  ; Yes                        ; Yes                        ; 2.62 V                      ; 4.05e-08 V                  ; 2.72 V             ; -0.0349 V          ; 0.173 V                             ; 0.1 V                               ; 2.72e-10 s                 ; 2.69e-10 s                 ; Yes                       ; Yes                       ;
; afe_data[6]      ; 2.5 V        ; 0 s                 ; 0 s                 ; 2.62 V                       ; 4.05e-08 V                   ; 2.72 V              ; -0.0349 V           ; 0.173 V                              ; 0.1 V                                ; 2.72e-10 s                  ; 2.69e-10 s                  ; Yes                        ; Yes                        ; 2.62 V                      ; 4.05e-08 V                  ; 2.72 V             ; -0.0349 V          ; 0.173 V                             ; 0.1 V                               ; 2.72e-10 s                 ; 2.69e-10 s                 ; Yes                       ; Yes                       ;
; afe_data[7]      ; 2.5 V        ; 0 s                 ; 0 s                 ; 2.62 V                       ; 4.05e-08 V                   ; 2.72 V              ; -0.0349 V           ; 0.173 V                              ; 0.1 V                                ; 2.72e-10 s                  ; 2.69e-10 s                  ; Yes                        ; Yes                        ; 2.62 V                      ; 4.05e-08 V                  ; 2.72 V             ; -0.0349 V          ; 0.173 V                             ; 0.1 V                               ; 2.72e-10 s                 ; 2.69e-10 s                 ; Yes                       ; Yes                       ;
; afe_data[8]      ; 2.5 V        ; 0 s                 ; 0 s                 ; 2.62 V                       ; 4.05e-08 V                   ; 2.72 V              ; -0.0349 V           ; 0.173 V                              ; 0.1 V                                ; 2.72e-10 s                  ; 2.69e-10 s                  ; Yes                        ; Yes                        ; 2.62 V                      ; 4.05e-08 V                  ; 2.72 V             ; -0.0349 V          ; 0.173 V                             ; 0.1 V                               ; 2.72e-10 s                 ; 2.69e-10 s                 ; Yes                       ; Yes                       ;
; afe_data[9]      ; 2.5 V        ; 0 s                 ; 0 s                 ; 2.62 V                       ; 2.74e-08 V                   ; 2.71 V              ; -0.0317 V           ; 0.148 V                              ; 0.064 V                              ; 4.51e-10 s                  ; 4.15e-10 s                  ; No                         ; Yes                        ; 2.62 V                      ; 2.74e-08 V                  ; 2.71 V             ; -0.0317 V          ; 0.148 V                             ; 0.064 V                             ; 4.51e-10 s                 ; 4.15e-10 s                 ; No                        ; Yes                       ;
; afe_data[10]     ; 2.5 V        ; 0 s                 ; 0 s                 ; 2.62 V                       ; 2.74e-08 V                   ; 2.73 V              ; -0.0384 V           ; 0.169 V                              ; 0.089 V                              ; 2.7e-10 s                   ; 2.62e-10 s                  ; Yes                        ; Yes                        ; 2.62 V                      ; 2.74e-08 V                  ; 2.73 V             ; -0.0384 V          ; 0.169 V                             ; 0.089 V                             ; 2.7e-10 s                  ; 2.62e-10 s                 ; Yes                       ; Yes                       ;
; afe_data[11]     ; 2.5 V        ; 0 s                 ; 0 s                 ; 2.62 V                       ; 4.05e-08 V                   ; 2.72 V              ; -0.0349 V           ; 0.173 V                              ; 0.1 V                                ; 2.72e-10 s                  ; 2.69e-10 s                  ; Yes                        ; Yes                        ; 2.62 V                      ; 4.05e-08 V                  ; 2.72 V             ; -0.0349 V          ; 0.173 V                             ; 0.1 V                               ; 2.72e-10 s                 ; 2.69e-10 s                 ; Yes                       ; Yes                       ;
; N_sample_out[0]  ; 2.5 V        ; 0 s                 ; 0 s                 ; 2.62 V                       ; 4.05e-08 V                   ; 2.72 V              ; -0.0349 V           ; 0.173 V                              ; 0.1 V                                ; 2.72e-10 s                  ; 2.69e-10 s                  ; Yes                        ; Yes                        ; 2.62 V                      ; 4.05e-08 V                  ; 2.72 V             ; -0.0349 V          ; 0.173 V                             ; 0.1 V                               ; 2.72e-10 s                 ; 2.69e-10 s                 ; Yes                       ; Yes                       ;
; N_sample_out[1]  ; 2.5 V        ; 0 s                 ; 0 s                 ; 2.62 V                       ; 4.05e-08 V                   ; 2.72 V              ; -0.0349 V           ; 0.173 V                              ; 0.1 V                                ; 2.72e-10 s                  ; 2.69e-10 s                  ; Yes                        ; Yes                        ; 2.62 V                      ; 4.05e-08 V                  ; 2.72 V             ; -0.0349 V          ; 0.173 V                             ; 0.1 V                               ; 2.72e-10 s                 ; 2.69e-10 s                 ; Yes                       ; Yes                       ;
; N_sample_out[2]  ; 2.5 V        ; 0 s                 ; 0 s                 ; 2.62 V                       ; 4.05e-08 V                   ; 2.72 V              ; -0.0349 V           ; 0.173 V                              ; 0.1 V                                ; 2.72e-10 s                  ; 2.69e-10 s                  ; Yes                        ; Yes                        ; 2.62 V                      ; 4.05e-08 V                  ; 2.72 V             ; -0.0349 V          ; 0.173 V                             ; 0.1 V                               ; 2.72e-10 s                 ; 2.69e-10 s                 ; Yes                       ; Yes                       ;
; N_sample_out[3]  ; 2.5 V        ; 0 s                 ; 0 s                 ; 2.62 V                       ; 4.05e-08 V                   ; 2.72 V              ; -0.0349 V           ; 0.173 V                              ; 0.1 V                                ; 2.72e-10 s                  ; 2.69e-10 s                  ; Yes                        ; Yes                        ; 2.62 V                      ; 4.05e-08 V                  ; 2.72 V             ; -0.0349 V          ; 0.173 V                             ; 0.1 V                               ; 2.72e-10 s                 ; 2.69e-10 s                 ; Yes                       ; Yes                       ;
; N_sample_out[4]  ; 2.5 V        ; 0 s                 ; 0 s                 ; 2.62 V                       ; 4.05e-08 V                   ; 2.72 V              ; -0.0349 V           ; 0.173 V                              ; 0.1 V                                ; 2.72e-10 s                  ; 2.69e-10 s                  ; Yes                        ; Yes                        ; 2.62 V                      ; 4.05e-08 V                  ; 2.72 V             ; -0.0349 V          ; 0.173 V                             ; 0.1 V                               ; 2.72e-10 s                 ; 2.69e-10 s                 ; Yes                       ; Yes                       ;
; N_sample_out[5]  ; 2.5 V        ; 0 s                 ; 0 s                 ; 2.62 V                       ; 2.74e-08 V                   ; 2.71 V              ; -0.0317 V           ; 0.148 V                              ; 0.064 V                              ; 4.51e-10 s                  ; 4.15e-10 s                  ; No                         ; Yes                        ; 2.62 V                      ; 2.74e-08 V                  ; 2.71 V             ; -0.0317 V          ; 0.148 V                             ; 0.064 V                             ; 4.51e-10 s                 ; 4.15e-10 s                 ; No                        ; Yes                       ;
; N_sample_out[6]  ; 2.5 V        ; 0 s                 ; 0 s                 ; 2.62 V                       ; 2.74e-08 V                   ; 2.71 V              ; -0.0317 V           ; 0.148 V                              ; 0.064 V                              ; 4.51e-10 s                  ; 4.15e-10 s                  ; No                         ; Yes                        ; 2.62 V                      ; 2.74e-08 V                  ; 2.71 V             ; -0.0317 V          ; 0.148 V                             ; 0.064 V                             ; 4.51e-10 s                 ; 4.15e-10 s                 ; No                        ; Yes                       ;
; N_sample_out[7]  ; 2.5 V        ; 0 s                 ; 0 s                 ; 2.62 V                       ; 2.74e-08 V                   ; 2.73 V              ; -0.0384 V           ; 0.169 V                              ; 0.089 V                              ; 2.7e-10 s                   ; 2.62e-10 s                  ; Yes                        ; Yes                        ; 2.62 V                      ; 2.74e-08 V                  ; 2.73 V             ; -0.0384 V          ; 0.169 V                             ; 0.089 V                             ; 2.7e-10 s                  ; 2.62e-10 s                 ; Yes                       ; Yes                       ;
; N_sample_out[8]  ; 2.5 V        ; 0 s                 ; 0 s                 ; 2.62 V                       ; 4.05e-08 V                   ; 2.72 V              ; -0.0349 V           ; 0.173 V                              ; 0.1 V                                ; 2.72e-10 s                  ; 2.69e-10 s                  ; Yes                        ; Yes                        ; 2.62 V                      ; 4.05e-08 V                  ; 2.72 V             ; -0.0349 V          ; 0.173 V                             ; 0.1 V                               ; 2.72e-10 s                 ; 2.69e-10 s                 ; Yes                       ; Yes                       ;
; N_sample_out[9]  ; 2.5 V        ; 0 s                 ; 0 s                 ; 2.62 V                       ; 4.05e-08 V                   ; 2.72 V              ; -0.0349 V           ; 0.173 V                              ; 0.1 V                                ; 2.72e-10 s                  ; 2.69e-10 s                  ; Yes                        ; Yes                        ; 2.62 V                      ; 4.05e-08 V                  ; 2.72 V             ; -0.0349 V          ; 0.173 V                             ; 0.1 V                               ; 2.72e-10 s                 ; 2.69e-10 s                 ; Yes                       ; Yes                       ;
; N_sample_out[10] ; 2.5 V        ; 0 s                 ; 0 s                 ; 2.62 V                       ; 2.74e-08 V                   ; 2.71 V              ; -0.0317 V           ; 0.148 V                              ; 0.064 V                              ; 4.51e-10 s                  ; 4.15e-10 s                  ; No                         ; Yes                        ; 2.62 V                      ; 2.74e-08 V                  ; 2.71 V             ; -0.0317 V          ; 0.148 V                             ; 0.064 V                             ; 4.51e-10 s                 ; 4.15e-10 s                 ; No                        ; Yes                       ;
; N_sample_out[11] ; 2.5 V        ; 0 s                 ; 0 s                 ; 2.62 V                       ; 2.74e-08 V                   ; 2.71 V              ; -0.0317 V           ; 0.148 V                              ; 0.064 V                              ; 4.51e-10 s                  ; 4.15e-10 s                  ; No                         ; Yes                        ; 2.62 V                      ; 2.74e-08 V                  ; 2.71 V             ; -0.0317 V          ; 0.148 V                             ; 0.064 V                             ; 4.51e-10 s                 ; 4.15e-10 s                 ; No                        ; Yes                       ;
; N_sample_out[12] ; 2.5 V        ; 0 s                 ; 0 s                 ; 2.62 V                       ; 2.74e-08 V                   ; 2.73 V              ; -0.0384 V           ; 0.169 V                              ; 0.089 V                              ; 2.7e-10 s                   ; 2.62e-10 s                  ; Yes                        ; Yes                        ; 2.62 V                      ; 2.74e-08 V                  ; 2.73 V             ; -0.0384 V          ; 0.169 V                             ; 0.089 V                             ; 2.7e-10 s                  ; 2.62e-10 s                 ; Yes                       ; Yes                       ;
; N_sample_out[13] ; 2.5 V        ; 0 s                 ; 0 s                 ; 2.62 V                       ; 2.74e-08 V                   ; 2.71 V              ; -0.0317 V           ; 0.148 V                              ; 0.064 V                              ; 4.51e-10 s                  ; 4.15e-10 s                  ; No                         ; Yes                        ; 2.62 V                      ; 2.74e-08 V                  ; 2.71 V             ; -0.0317 V          ; 0.148 V                             ; 0.064 V                             ; 4.51e-10 s                 ; 4.15e-10 s                 ; No                        ; Yes                       ;
; N_sample_out[14] ; 2.5 V        ; 0 s                 ; 0 s                 ; 2.62 V                       ; 2.74e-08 V                   ; 2.71 V              ; -0.0317 V           ; 0.148 V                              ; 0.064 V                              ; 4.51e-10 s                  ; 4.15e-10 s                  ; No                         ; Yes                        ; 2.62 V                      ; 2.74e-08 V                  ; 2.71 V             ; -0.0317 V          ; 0.148 V                             ; 0.064 V                             ; 4.51e-10 s                 ; 4.15e-10 s                 ; No                        ; Yes                       ;
; N_sample_out[15] ; 2.5 V        ; 0 s                 ; 0 s                 ; 2.62 V                       ; 2.74e-08 V                   ; 2.71 V              ; -0.0317 V           ; 0.148 V                              ; 0.064 V                              ; 4.51e-10 s                  ; 4.15e-10 s                  ; No                         ; Yes                        ; 2.62 V                      ; 2.74e-08 V                  ; 2.71 V             ; -0.0317 V          ; 0.148 V                             ; 0.064 V                             ; 4.51e-10 s                 ; 4.15e-10 s                 ; No                        ; Yes                       ;
; N_sample_out[16] ; 2.5 V        ; 0 s                 ; 0 s                 ; 2.62 V                       ; 2.74e-08 V                   ; 2.73 V              ; -0.0384 V           ; 0.169 V                              ; 0.089 V                              ; 2.7e-10 s                   ; 2.62e-10 s                  ; Yes                        ; Yes                        ; 2.62 V                      ; 2.74e-08 V                  ; 2.73 V             ; -0.0384 V          ; 0.169 V                             ; 0.089 V                             ; 2.7e-10 s                  ; 2.62e-10 s                 ; Yes                       ; Yes                       ;
; N_sample_out[17] ; 2.5 V        ; 0 s                 ; 0 s                 ; 2.62 V                       ; 2.74e-08 V                   ; 2.71 V              ; -0.0317 V           ; 0.148 V                              ; 0.064 V                              ; 4.51e-10 s                  ; 4.15e-10 s                  ; No                         ; Yes                        ; 2.62 V                      ; 2.74e-08 V                  ; 2.71 V             ; -0.0317 V          ; 0.148 V                             ; 0.064 V                             ; 4.51e-10 s                 ; 4.15e-10 s                 ; No                        ; Yes                       ;
; N_sample_out[18] ; 2.5 V        ; 0 s                 ; 0 s                 ; 2.62 V                       ; 2.74e-08 V                   ; 2.71 V              ; -0.0317 V           ; 0.148 V                              ; 0.064 V                              ; 4.51e-10 s                  ; 4.15e-10 s                  ; No                         ; Yes                        ; 2.62 V                      ; 2.74e-08 V                  ; 2.71 V             ; -0.0317 V          ; 0.148 V                             ; 0.064 V                             ; 4.51e-10 s                 ; 4.15e-10 s                 ; No                        ; Yes                       ;
; N_sample_out[19] ; 2.5 V        ; 0 s                 ; 0 s                 ; 2.62 V                       ; 2.74e-08 V                   ; 2.71 V              ; -0.0317 V           ; 0.148 V                              ; 0.064 V                              ; 4.51e-10 s                  ; 4.15e-10 s                  ; No                         ; Yes                        ; 2.62 V                      ; 2.74e-08 V                  ; 2.71 V             ; -0.0317 V          ; 0.148 V                             ; 0.064 V                             ; 4.51e-10 s                 ; 4.15e-10 s                 ; No                        ; Yes                       ;
; N_sample_out[20] ; 2.5 V        ; 0 s                 ; 0 s                 ; 2.62 V                       ; 2.74e-08 V                   ; 2.71 V              ; -0.0317 V           ; 0.148 V                              ; 0.064 V                              ; 4.51e-10 s                  ; 4.15e-10 s                  ; No                         ; Yes                        ; 2.62 V                      ; 2.74e-08 V                  ; 2.71 V             ; -0.0317 V          ; 0.148 V                             ; 0.064 V                             ; 4.51e-10 s                 ; 4.15e-10 s                 ; No                        ; Yes                       ;
; N_sample_out[21] ; 2.5 V        ; 0 s                 ; 0 s                 ; 2.62 V                       ; 4.05e-08 V                   ; 2.72 V              ; -0.0349 V           ; 0.173 V                              ; 0.1 V                                ; 2.72e-10 s                  ; 2.69e-10 s                  ; Yes                        ; Yes                        ; 2.62 V                      ; 4.05e-08 V                  ; 2.72 V             ; -0.0349 V          ; 0.173 V                             ; 0.1 V                               ; 2.72e-10 s                 ; 2.69e-10 s                 ; Yes                       ; Yes                       ;
; N_sample_out[22] ; 2.5 V        ; 0 s                 ; 0 s                 ; 2.62 V                       ; 2.74e-08 V                   ; 2.71 V              ; -0.0317 V           ; 0.148 V                              ; 0.064 V                              ; 4.51e-10 s                  ; 4.15e-10 s                  ; No                         ; Yes                        ; 2.62 V                      ; 2.74e-08 V                  ; 2.71 V             ; -0.0317 V          ; 0.148 V                             ; 0.064 V                             ; 4.51e-10 s                 ; 4.15e-10 s                 ; No                        ; Yes                       ;
; N_sample_out[23] ; 2.5 V        ; 0 s                 ; 0 s                 ; 2.62 V                       ; 4.05e-08 V                   ; 2.72 V              ; -0.0349 V           ; 0.173 V                              ; 0.1 V                                ; 2.72e-10 s                  ; 2.69e-10 s                  ; Yes                        ; Yes                        ; 2.62 V                      ; 4.05e-08 V                  ; 2.72 V             ; -0.0349 V          ; 0.173 V                             ; 0.1 V                               ; 2.72e-10 s                 ; 2.69e-10 s                 ; Yes                       ; Yes                       ;
; N_sample_out[24] ; 2.5 V        ; 0 s                 ; 0 s                 ; 2.62 V                       ; 4.05e-08 V                   ; 2.72 V              ; -0.0349 V           ; 0.173 V                              ; 0.1 V                                ; 2.72e-10 s                  ; 2.69e-10 s                  ; Yes                        ; Yes                        ; 2.62 V                      ; 4.05e-08 V                  ; 2.72 V             ; -0.0349 V          ; 0.173 V                             ; 0.1 V                               ; 2.72e-10 s                 ; 2.69e-10 s                 ; Yes                       ; Yes                       ;
; N_sample_out[25] ; 2.5 V        ; 0 s                 ; 0 s                 ; 2.62 V                       ; 2.74e-08 V                   ; 2.64 V              ; -0.0117 V           ; 0.202 V                              ; 0.176 V                              ; 2.38e-09 s                  ; 2.22e-09 s                  ; No                         ; Yes                        ; 2.62 V                      ; 2.74e-08 V                  ; 2.64 V             ; -0.0117 V          ; 0.202 V                             ; 0.176 V                             ; 2.38e-09 s                 ; 2.22e-09 s                 ; No                        ; Yes                       ;
; N_sample_out[26] ; 2.5 V        ; 0 s                 ; 0 s                 ; 2.62 V                       ; 2.74e-08 V                   ; 2.71 V              ; -0.0317 V           ; 0.148 V                              ; 0.064 V                              ; 4.51e-10 s                  ; 4.15e-10 s                  ; No                         ; Yes                        ; 2.62 V                      ; 2.74e-08 V                  ; 2.71 V             ; -0.0317 V          ; 0.148 V                             ; 0.064 V                             ; 4.51e-10 s                 ; 4.15e-10 s                 ; No                        ; Yes                       ;
; N_sample_out[27] ; 2.5 V        ; 0 s                 ; 0 s                 ; 2.62 V                       ; 4.05e-08 V                   ; 2.72 V              ; -0.0349 V           ; 0.173 V                              ; 0.1 V                                ; 2.72e-10 s                  ; 2.69e-10 s                  ; Yes                        ; Yes                        ; 2.62 V                      ; 4.05e-08 V                  ; 2.72 V             ; -0.0349 V          ; 0.173 V                             ; 0.1 V                               ; 2.72e-10 s                 ; 2.69e-10 s                 ; Yes                       ; Yes                       ;
; N_sample_out[28] ; 2.5 V        ; 0 s                 ; 0 s                 ; 2.62 V                       ; 4.05e-08 V                   ; 2.72 V              ; -0.0349 V           ; 0.173 V                              ; 0.1 V                                ; 2.72e-10 s                  ; 2.69e-10 s                  ; Yes                        ; Yes                        ; 2.62 V                      ; 4.05e-08 V                  ; 2.72 V             ; -0.0349 V          ; 0.173 V                             ; 0.1 V                               ; 2.72e-10 s                 ; 2.69e-10 s                 ; Yes                       ; Yes                       ;
; N_sample_out[29] ; 2.5 V        ; 0 s                 ; 0 s                 ; 2.62 V                       ; 4.05e-08 V                   ; 2.72 V              ; -0.0349 V           ; 0.173 V                              ; 0.1 V                                ; 2.72e-10 s                  ; 2.69e-10 s                  ; Yes                        ; Yes                        ; 2.62 V                      ; 4.05e-08 V                  ; 2.72 V             ; -0.0349 V          ; 0.173 V                             ; 0.1 V                               ; 2.72e-10 s                 ; 2.69e-10 s                 ; Yes                       ; Yes                       ;
; N_sample_out[30] ; 2.5 V        ; 0 s                 ; 0 s                 ; 2.62 V                       ; 2.74e-08 V                   ; 2.71 V              ; -0.0317 V           ; 0.148 V                              ; 0.064 V                              ; 4.51e-10 s                  ; 4.15e-10 s                  ; No                         ; Yes                        ; 2.62 V                      ; 2.74e-08 V                  ; 2.71 V             ; -0.0317 V          ; 0.148 V                             ; 0.064 V                             ; 4.51e-10 s                 ; 4.15e-10 s                 ; No                        ; Yes                       ;
; N_sample_out[31] ; 2.5 V        ; 0 s                 ; 0 s                 ; 2.62 V                       ; 4.05e-08 V                   ; 2.72 V              ; -0.0349 V           ; 0.173 V                              ; 0.1 V                                ; 2.72e-10 s                  ; 2.69e-10 s                  ; Yes                        ; Yes                        ; 2.62 V                      ; 4.05e-08 V                  ; 2.72 V             ; -0.0349 V          ; 0.173 V                             ; 0.1 V                               ; 2.72e-10 s                 ; 2.69e-10 s                 ; Yes                       ; Yes                       ;
; phase[0]         ; 2.5 V        ; 0 s                 ; 0 s                 ; 2.62 V                       ; 4.05e-08 V                   ; 2.72 V              ; -0.0349 V           ; 0.173 V                              ; 0.1 V                                ; 2.72e-10 s                  ; 2.69e-10 s                  ; Yes                        ; Yes                        ; 2.62 V                      ; 4.05e-08 V                  ; 2.72 V             ; -0.0349 V          ; 0.173 V                             ; 0.1 V                               ; 2.72e-10 s                 ; 2.69e-10 s                 ; Yes                       ; Yes                       ;
; phase[1]         ; 2.5 V        ; 0 s                 ; 0 s                 ; 2.62 V                       ; 4.05e-08 V                   ; 2.72 V              ; -0.0349 V           ; 0.173 V                              ; 0.1 V                                ; 2.72e-10 s                  ; 2.69e-10 s                  ; Yes                        ; Yes                        ; 2.62 V                      ; 4.05e-08 V                  ; 2.72 V             ; -0.0349 V          ; 0.173 V                             ; 0.1 V                               ; 2.72e-10 s                 ; 2.69e-10 s                 ; Yes                       ; Yes                       ;
; phase[2]         ; 2.5 V        ; 0 s                 ; 0 s                 ; 2.62 V                       ; 4.05e-08 V                   ; 2.72 V              ; -0.0349 V           ; 0.173 V                              ; 0.1 V                                ; 2.72e-10 s                  ; 2.69e-10 s                  ; Yes                        ; Yes                        ; 2.62 V                      ; 4.05e-08 V                  ; 2.72 V             ; -0.0349 V          ; 0.173 V                             ; 0.1 V                               ; 2.72e-10 s                 ; 2.69e-10 s                 ; Yes                       ; Yes                       ;
; phase[3]         ; 2.5 V        ; 0 s                 ; 0 s                 ; 2.62 V                       ; 4.05e-08 V                   ; 2.72 V              ; -0.0349 V           ; 0.173 V                              ; 0.1 V                                ; 2.72e-10 s                  ; 2.69e-10 s                  ; Yes                        ; Yes                        ; 2.62 V                      ; 4.05e-08 V                  ; 2.72 V             ; -0.0349 V          ; 0.173 V                             ; 0.1 V                               ; 2.72e-10 s                 ; 2.69e-10 s                 ; Yes                       ; Yes                       ;
; phase[4]         ; 2.5 V        ; 0 s                 ; 0 s                 ; 2.62 V                       ; 4.05e-08 V                   ; 2.72 V              ; -0.0349 V           ; 0.173 V                              ; 0.1 V                                ; 2.72e-10 s                  ; 2.69e-10 s                  ; Yes                        ; Yes                        ; 2.62 V                      ; 4.05e-08 V                  ; 2.72 V             ; -0.0349 V          ; 0.173 V                             ; 0.1 V                               ; 2.72e-10 s                 ; 2.69e-10 s                 ; Yes                       ; Yes                       ;
; phase[5]         ; 2.5 V        ; 0 s                 ; 0 s                 ; 2.62 V                       ; 4.05e-08 V                   ; 2.72 V              ; -0.0349 V           ; 0.173 V                              ; 0.1 V                                ; 2.72e-10 s                  ; 2.69e-10 s                  ; Yes                        ; Yes                        ; 2.62 V                      ; 4.05e-08 V                  ; 2.72 V             ; -0.0349 V          ; 0.173 V                             ; 0.1 V                               ; 2.72e-10 s                 ; 2.69e-10 s                 ; Yes                       ; Yes                       ;
; phase[6]         ; 2.5 V        ; 0 s                 ; 0 s                 ; 2.62 V                       ; 4.05e-08 V                   ; 2.72 V              ; -0.0349 V           ; 0.173 V                              ; 0.1 V                                ; 2.72e-10 s                  ; 2.69e-10 s                  ; Yes                        ; Yes                        ; 2.62 V                      ; 4.05e-08 V                  ; 2.72 V             ; -0.0349 V          ; 0.173 V                             ; 0.1 V                               ; 2.72e-10 s                 ; 2.69e-10 s                 ; Yes                       ; Yes                       ;
; phase[7]         ; 2.5 V        ; 0 s                 ; 0 s                 ; 2.62 V                       ; 4.05e-08 V                   ; 2.72 V              ; -0.0349 V           ; 0.173 V                              ; 0.1 V                                ; 2.72e-10 s                  ; 2.69e-10 s                  ; Yes                        ; Yes                        ; 2.62 V                      ; 4.05e-08 V                  ; 2.72 V             ; -0.0349 V          ; 0.173 V                             ; 0.1 V                               ; 2.72e-10 s                 ; 2.69e-10 s                 ; Yes                       ; Yes                       ;
; phase[8]         ; 2.5 V        ; 0 s                 ; 0 s                 ; 2.62 V                       ; 4.05e-08 V                   ; 2.72 V              ; -0.0349 V           ; 0.173 V                              ; 0.1 V                                ; 2.72e-10 s                  ; 2.69e-10 s                  ; Yes                        ; Yes                        ; 2.62 V                      ; 4.05e-08 V                  ; 2.72 V             ; -0.0349 V          ; 0.173 V                             ; 0.1 V                               ; 2.72e-10 s                 ; 2.69e-10 s                 ; Yes                       ; Yes                       ;
; phase[9]         ; 2.5 V        ; 0 s                 ; 0 s                 ; 2.62 V                       ; 4.05e-08 V                   ; 2.72 V              ; -0.0349 V           ; 0.173 V                              ; 0.1 V                                ; 2.72e-10 s                  ; 2.69e-10 s                  ; Yes                        ; Yes                        ; 2.62 V                      ; 4.05e-08 V                  ; 2.72 V             ; -0.0349 V          ; 0.173 V                             ; 0.1 V                               ; 2.72e-10 s                 ; 2.69e-10 s                 ; Yes                       ; Yes                       ;
; phase[10]        ; 2.5 V        ; 0 s                 ; 0 s                 ; 2.62 V                       ; 4.05e-08 V                   ; 2.72 V              ; -0.0349 V           ; 0.173 V                              ; 0.1 V                                ; 2.72e-10 s                  ; 2.69e-10 s                  ; Yes                        ; Yes                        ; 2.62 V                      ; 4.05e-08 V                  ; 2.72 V             ; -0.0349 V          ; 0.173 V                             ; 0.1 V                               ; 2.72e-10 s                 ; 2.69e-10 s                 ; Yes                       ; Yes                       ;
; phase[11]        ; 2.5 V        ; 0 s                 ; 0 s                 ; 2.62 V                       ; 4.05e-08 V                   ; 2.72 V              ; -0.0349 V           ; 0.173 V                              ; 0.1 V                                ; 2.72e-10 s                  ; 2.69e-10 s                  ; Yes                        ; Yes                        ; 2.62 V                      ; 4.05e-08 V                  ; 2.72 V             ; -0.0349 V          ; 0.173 V                             ; 0.1 V                               ; 2.72e-10 s                 ; 2.69e-10 s                 ; Yes                       ; Yes                       ;
; phase[12]        ; 2.5 V        ; 0 s                 ; 0 s                 ; 2.62 V                       ; 4.05e-08 V                   ; 2.64 V              ; -0.0113 V           ; 0.208 V                              ; 0.179 V                              ; 2.38e-09 s                  ; 2.23e-09 s                  ; No                         ; Yes                        ; 2.62 V                      ; 4.05e-08 V                  ; 2.64 V             ; -0.0113 V          ; 0.208 V                             ; 0.179 V                             ; 2.38e-09 s                 ; 2.23e-09 s                 ; No                        ; Yes                       ;
; phase[13]        ; 2.5 V        ; 0 s                 ; 0 s                 ; 2.62 V                       ; 4.05e-08 V                   ; 2.72 V              ; -0.0349 V           ; 0.173 V                              ; 0.1 V                                ; 2.72e-10 s                  ; 2.69e-10 s                  ; Yes                        ; Yes                        ; 2.62 V                      ; 4.05e-08 V                  ; 2.72 V             ; -0.0349 V          ; 0.173 V                             ; 0.1 V                               ; 2.72e-10 s                 ; 2.69e-10 s                 ; Yes                       ; Yes                       ;
; phase[14]        ; 2.5 V        ; 0 s                 ; 0 s                 ; 2.62 V                       ; 4.05e-08 V                   ; 2.72 V              ; -0.0349 V           ; 0.173 V                              ; 0.1 V                                ; 2.72e-10 s                  ; 2.69e-10 s                  ; Yes                        ; Yes                        ; 2.62 V                      ; 4.05e-08 V                  ; 2.72 V             ; -0.0349 V          ; 0.173 V                             ; 0.1 V                               ; 2.72e-10 s                 ; 2.69e-10 s                 ; Yes                       ; Yes                       ;
; phase[15]        ; 2.5 V        ; 0 s                 ; 0 s                 ; 2.62 V                       ; 4.05e-08 V                   ; 2.64 V              ; -0.0113 V           ; 0.208 V                              ; 0.179 V                              ; 2.38e-09 s                  ; 2.23e-09 s                  ; No                         ; Yes                        ; 2.62 V                      ; 4.05e-08 V                  ; 2.64 V             ; -0.0113 V          ; 0.208 V                             ; 0.179 V                             ; 2.38e-09 s                 ; 2.23e-09 s                 ; No                        ; Yes                       ;
; phase[16]        ; 2.5 V        ; 0 s                 ; 0 s                 ; 2.62 V                       ; 2.74e-08 V                   ; 2.73 V              ; -0.0384 V           ; 0.169 V                              ; 0.089 V                              ; 2.7e-10 s                   ; 2.62e-10 s                  ; Yes                        ; Yes                        ; 2.62 V                      ; 2.74e-08 V                  ; 2.73 V             ; -0.0384 V          ; 0.169 V                             ; 0.089 V                             ; 2.7e-10 s                  ; 2.62e-10 s                 ; Yes                       ; Yes                       ;
; phase[17]        ; 2.5 V        ; 0 s                 ; 0 s                 ; 2.62 V                       ; 4.05e-08 V                   ; 2.72 V              ; -0.0349 V           ; 0.173 V                              ; 0.1 V                                ; 2.72e-10 s                  ; 2.69e-10 s                  ; Yes                        ; Yes                        ; 2.62 V                      ; 4.05e-08 V                  ; 2.72 V             ; -0.0349 V          ; 0.173 V                             ; 0.1 V                               ; 2.72e-10 s                 ; 2.69e-10 s                 ; Yes                       ; Yes                       ;
; phase[18]        ; 2.5 V        ; 0 s                 ; 0 s                 ; 2.62 V                       ; 4.05e-08 V                   ; 2.72 V              ; -0.0349 V           ; 0.173 V                              ; 0.1 V                                ; 2.72e-10 s                  ; 2.69e-10 s                  ; Yes                        ; Yes                        ; 2.62 V                      ; 4.05e-08 V                  ; 2.72 V             ; -0.0349 V          ; 0.173 V                             ; 0.1 V                               ; 2.72e-10 s                 ; 2.69e-10 s                 ; Yes                       ; Yes                       ;
; phase[19]        ; 2.5 V        ; 0 s                 ; 0 s                 ; 2.62 V                       ; 4.05e-08 V                   ; 2.72 V              ; -0.0349 V           ; 0.173 V                              ; 0.1 V                                ; 2.72e-10 s                  ; 2.69e-10 s                  ; Yes                        ; Yes                        ; 2.62 V                      ; 4.05e-08 V                  ; 2.72 V             ; -0.0349 V          ; 0.173 V                             ; 0.1 V                               ; 2.72e-10 s                 ; 2.69e-10 s                 ; Yes                       ; Yes                       ;
; phase[20]        ; 2.5 V        ; 0 s                 ; 0 s                 ; 2.62 V                       ; 4.05e-08 V                   ; 2.72 V              ; -0.0349 V           ; 0.173 V                              ; 0.1 V                                ; 2.72e-10 s                  ; 2.69e-10 s                  ; Yes                        ; Yes                        ; 2.62 V                      ; 4.05e-08 V                  ; 2.72 V             ; -0.0349 V          ; 0.173 V                             ; 0.1 V                               ; 2.72e-10 s                 ; 2.69e-10 s                 ; Yes                       ; Yes                       ;
; phase[21]        ; 2.5 V        ; 0 s                 ; 0 s                 ; 2.62 V                       ; 4.05e-08 V                   ; 2.72 V              ; -0.0349 V           ; 0.173 V                              ; 0.1 V                                ; 2.72e-10 s                  ; 2.69e-10 s                  ; Yes                        ; Yes                        ; 2.62 V                      ; 4.05e-08 V                  ; 2.72 V             ; -0.0349 V          ; 0.173 V                             ; 0.1 V                               ; 2.72e-10 s                 ; 2.69e-10 s                 ; Yes                       ; Yes                       ;
; phase[22]        ; 2.5 V        ; 0 s                 ; 0 s                 ; 2.62 V                       ; 4.05e-08 V                   ; 2.72 V              ; -0.0349 V           ; 0.173 V                              ; 0.1 V                                ; 2.72e-10 s                  ; 2.69e-10 s                  ; Yes                        ; Yes                        ; 2.62 V                      ; 4.05e-08 V                  ; 2.72 V             ; -0.0349 V          ; 0.173 V                             ; 0.1 V                               ; 2.72e-10 s                 ; 2.69e-10 s                 ; Yes                       ; Yes                       ;
; phase[23]        ; 2.5 V        ; 0 s                 ; 0 s                 ; 2.62 V                       ; 4.05e-08 V                   ; 2.72 V              ; -0.0349 V           ; 0.173 V                              ; 0.1 V                                ; 2.72e-10 s                  ; 2.69e-10 s                  ; Yes                        ; Yes                        ; 2.62 V                      ; 4.05e-08 V                  ; 2.72 V             ; -0.0349 V          ; 0.173 V                             ; 0.1 V                               ; 2.72e-10 s                 ; 2.69e-10 s                 ; Yes                       ; Yes                       ;
; phase[24]        ; 2.5 V        ; 0 s                 ; 0 s                 ; 2.62 V                       ; 4.05e-08 V                   ; 2.72 V              ; -0.0349 V           ; 0.173 V                              ; 0.1 V                                ; 2.72e-10 s                  ; 2.69e-10 s                  ; Yes                        ; Yes                        ; 2.62 V                      ; 4.05e-08 V                  ; 2.72 V             ; -0.0349 V          ; 0.173 V                             ; 0.1 V                               ; 2.72e-10 s                 ; 2.69e-10 s                 ; Yes                       ; Yes                       ;
; phase[25]        ; 2.5 V        ; 0 s                 ; 0 s                 ; 2.62 V                       ; 2.74e-08 V                   ; 2.71 V              ; -0.0317 V           ; 0.148 V                              ; 0.064 V                              ; 4.51e-10 s                  ; 4.15e-10 s                  ; No                         ; Yes                        ; 2.62 V                      ; 2.74e-08 V                  ; 2.71 V             ; -0.0317 V          ; 0.148 V                             ; 0.064 V                             ; 4.51e-10 s                 ; 4.15e-10 s                 ; No                        ; Yes                       ;
; phase[26]        ; 2.5 V        ; 0 s                 ; 0 s                 ; 2.62 V                       ; 4.05e-08 V                   ; 2.72 V              ; -0.0349 V           ; 0.173 V                              ; 0.1 V                                ; 2.72e-10 s                  ; 2.69e-10 s                  ; Yes                        ; Yes                        ; 2.62 V                      ; 4.05e-08 V                  ; 2.72 V             ; -0.0349 V          ; 0.173 V                             ; 0.1 V                               ; 2.72e-10 s                 ; 2.69e-10 s                 ; Yes                       ; Yes                       ;
; phase[27]        ; 2.5 V        ; 0 s                 ; 0 s                 ; 2.62 V                       ; 4.05e-08 V                   ; 2.72 V              ; -0.0349 V           ; 0.173 V                              ; 0.1 V                                ; 2.72e-10 s                  ; 2.69e-10 s                  ; Yes                        ; Yes                        ; 2.62 V                      ; 4.05e-08 V                  ; 2.72 V             ; -0.0349 V          ; 0.173 V                             ; 0.1 V                               ; 2.72e-10 s                 ; 2.69e-10 s                 ; Yes                       ; Yes                       ;
; phase[28]        ; 2.5 V        ; 0 s                 ; 0 s                 ; 2.62 V                       ; 4.05e-08 V                   ; 2.72 V              ; -0.0349 V           ; 0.173 V                              ; 0.1 V                                ; 2.72e-10 s                  ; 2.69e-10 s                  ; Yes                        ; Yes                        ; 2.62 V                      ; 4.05e-08 V                  ; 2.72 V             ; -0.0349 V          ; 0.173 V                             ; 0.1 V                               ; 2.72e-10 s                 ; 2.69e-10 s                 ; Yes                       ; Yes                       ;
; phase[29]        ; 2.5 V        ; 0 s                 ; 0 s                 ; 2.62 V                       ; 4.05e-08 V                   ; 2.72 V              ; -0.0349 V           ; 0.173 V                              ; 0.1 V                                ; 2.72e-10 s                  ; 2.69e-10 s                  ; Yes                        ; Yes                        ; 2.62 V                      ; 4.05e-08 V                  ; 2.72 V             ; -0.0349 V          ; 0.173 V                             ; 0.1 V                               ; 2.72e-10 s                 ; 2.69e-10 s                 ; Yes                       ; Yes                       ;
; phase[30]        ; 2.5 V        ; 0 s                 ; 0 s                 ; 2.62 V                       ; 4.05e-08 V                   ; 2.72 V              ; -0.0349 V           ; 0.173 V                              ; 0.1 V                                ; 2.72e-10 s                  ; 2.69e-10 s                  ; Yes                        ; Yes                        ; 2.62 V                      ; 4.05e-08 V                  ; 2.72 V             ; -0.0349 V          ; 0.173 V                             ; 0.1 V                               ; 2.72e-10 s                 ; 2.69e-10 s                 ; Yes                       ; Yes                       ;
; phase[31]        ; 2.5 V        ; 0 s                 ; 0 s                 ; 2.62 V                       ; 2.74e-08 V                   ; 2.71 V              ; -0.0317 V           ; 0.148 V                              ; 0.064 V                              ; 4.51e-10 s                  ; 4.15e-10 s                  ; No                         ; Yes                        ; 2.62 V                      ; 2.74e-08 V                  ; 2.71 V             ; -0.0317 V          ; 0.148 V                             ; 0.064 V                             ; 4.51e-10 s                 ; 4.15e-10 s                 ; No                        ; Yes                       ;
; magnitude[0]     ; 2.5 V        ; 0 s                 ; 0 s                 ; 2.62 V                       ; 2.74e-08 V                   ; 2.71 V              ; -0.0317 V           ; 0.148 V                              ; 0.064 V                              ; 4.51e-10 s                  ; 4.15e-10 s                  ; No                         ; Yes                        ; 2.62 V                      ; 2.74e-08 V                  ; 2.71 V             ; -0.0317 V          ; 0.148 V                             ; 0.064 V                             ; 4.51e-10 s                 ; 4.15e-10 s                 ; No                        ; Yes                       ;
; magnitude[1]     ; 2.5 V        ; 0 s                 ; 0 s                 ; 2.62 V                       ; 2.74e-08 V                   ; 2.71 V              ; -0.0317 V           ; 0.148 V                              ; 0.064 V                              ; 4.51e-10 s                  ; 4.15e-10 s                  ; No                         ; Yes                        ; 2.62 V                      ; 2.74e-08 V                  ; 2.71 V             ; -0.0317 V          ; 0.148 V                             ; 0.064 V                             ; 4.51e-10 s                 ; 4.15e-10 s                 ; No                        ; Yes                       ;
; magnitude[2]     ; 2.5 V        ; 0 s                 ; 0 s                 ; 2.62 V                       ; 2.74e-08 V                   ; 2.64 V              ; -0.0117 V           ; 0.202 V                              ; 0.176 V                              ; 2.38e-09 s                  ; 2.22e-09 s                  ; No                         ; Yes                        ; 2.62 V                      ; 2.74e-08 V                  ; 2.64 V             ; -0.0117 V          ; 0.202 V                             ; 0.176 V                             ; 2.38e-09 s                 ; 2.22e-09 s                 ; No                        ; Yes                       ;
; magnitude[3]     ; 2.5 V        ; 0 s                 ; 0 s                 ; 2.62 V                       ; 2.74e-08 V                   ; 2.73 V              ; -0.0384 V           ; 0.169 V                              ; 0.089 V                              ; 2.7e-10 s                   ; 2.62e-10 s                  ; Yes                        ; Yes                        ; 2.62 V                      ; 2.74e-08 V                  ; 2.73 V             ; -0.0384 V          ; 0.169 V                             ; 0.089 V                             ; 2.7e-10 s                  ; 2.62e-10 s                 ; Yes                       ; Yes                       ;
; magnitude[4]     ; 2.5 V        ; 0 s                 ; 0 s                 ; 2.62 V                       ; 2.74e-08 V                   ; 2.73 V              ; -0.0384 V           ; 0.169 V                              ; 0.089 V                              ; 2.7e-10 s                   ; 2.62e-10 s                  ; Yes                        ; Yes                        ; 2.62 V                      ; 2.74e-08 V                  ; 2.73 V             ; -0.0384 V          ; 0.169 V                             ; 0.089 V                             ; 2.7e-10 s                  ; 2.62e-10 s                 ; Yes                       ; Yes                       ;
; magnitude[5]     ; 2.5 V        ; 0 s                 ; 0 s                 ; 2.62 V                       ; 2.74e-08 V                   ; 2.71 V              ; -0.0317 V           ; 0.148 V                              ; 0.064 V                              ; 4.51e-10 s                  ; 4.15e-10 s                  ; No                         ; Yes                        ; 2.62 V                      ; 2.74e-08 V                  ; 2.71 V             ; -0.0317 V          ; 0.148 V                             ; 0.064 V                             ; 4.51e-10 s                 ; 4.15e-10 s                 ; No                        ; Yes                       ;
; magnitude[6]     ; 2.5 V        ; 0 s                 ; 0 s                 ; 2.62 V                       ; 2.74e-08 V                   ; 2.71 V              ; -0.0317 V           ; 0.148 V                              ; 0.064 V                              ; 4.51e-10 s                  ; 4.15e-10 s                  ; No                         ; Yes                        ; 2.62 V                      ; 2.74e-08 V                  ; 2.71 V             ; -0.0317 V          ; 0.148 V                             ; 0.064 V                             ; 4.51e-10 s                 ; 4.15e-10 s                 ; No                        ; Yes                       ;
; magnitude[7]     ; 2.5 V        ; 0 s                 ; 0 s                 ; 2.62 V                       ; 4.05e-08 V                   ; 2.72 V              ; -0.0349 V           ; 0.173 V                              ; 0.1 V                                ; 2.72e-10 s                  ; 2.69e-10 s                  ; Yes                        ; Yes                        ; 2.62 V                      ; 4.05e-08 V                  ; 2.72 V             ; -0.0349 V          ; 0.173 V                             ; 0.1 V                               ; 2.72e-10 s                 ; 2.69e-10 s                 ; Yes                       ; Yes                       ;
; magnitude[8]     ; 2.5 V        ; 0 s                 ; 0 s                 ; 2.62 V                       ; 4.05e-08 V                   ; 2.72 V              ; -0.0349 V           ; 0.173 V                              ; 0.1 V                                ; 2.72e-10 s                  ; 2.69e-10 s                  ; Yes                        ; Yes                        ; 2.62 V                      ; 4.05e-08 V                  ; 2.72 V             ; -0.0349 V          ; 0.173 V                             ; 0.1 V                               ; 2.72e-10 s                 ; 2.69e-10 s                 ; Yes                       ; Yes                       ;
; magnitude[9]     ; 2.5 V        ; 0 s                 ; 0 s                 ; 2.62 V                       ; 4.05e-08 V                   ; 2.72 V              ; -0.0349 V           ; 0.173 V                              ; 0.1 V                                ; 2.72e-10 s                  ; 2.69e-10 s                  ; Yes                        ; Yes                        ; 2.62 V                      ; 4.05e-08 V                  ; 2.72 V             ; -0.0349 V          ; 0.173 V                             ; 0.1 V                               ; 2.72e-10 s                 ; 2.69e-10 s                 ; Yes                       ; Yes                       ;
; magnitude[10]    ; 2.5 V        ; 0 s                 ; 0 s                 ; 2.62 V                       ; 4.05e-08 V                   ; 2.72 V              ; -0.0349 V           ; 0.173 V                              ; 0.1 V                                ; 2.72e-10 s                  ; 2.69e-10 s                  ; Yes                        ; Yes                        ; 2.62 V                      ; 4.05e-08 V                  ; 2.72 V             ; -0.0349 V          ; 0.173 V                             ; 0.1 V                               ; 2.72e-10 s                 ; 2.69e-10 s                 ; Yes                       ; Yes                       ;
; magnitude[11]    ; 2.5 V        ; 0 s                 ; 0 s                 ; 2.62 V                       ; 4.05e-08 V                   ; 2.72 V              ; -0.0349 V           ; 0.173 V                              ; 0.1 V                                ; 2.72e-10 s                  ; 2.69e-10 s                  ; Yes                        ; Yes                        ; 2.62 V                      ; 4.05e-08 V                  ; 2.72 V             ; -0.0349 V          ; 0.173 V                             ; 0.1 V                               ; 2.72e-10 s                 ; 2.69e-10 s                 ; Yes                       ; Yes                       ;
; magnitude[12]    ; 2.5 V        ; 0 s                 ; 0 s                 ; 2.62 V                       ; 2.74e-08 V                   ; 2.71 V              ; -0.0317 V           ; 0.148 V                              ; 0.064 V                              ; 4.51e-10 s                  ; 4.15e-10 s                  ; No                         ; Yes                        ; 2.62 V                      ; 2.74e-08 V                  ; 2.71 V             ; -0.0317 V          ; 0.148 V                             ; 0.064 V                             ; 4.51e-10 s                 ; 4.15e-10 s                 ; No                        ; Yes                       ;
; magnitude[13]    ; 2.5 V        ; 0 s                 ; 0 s                 ; 2.62 V                       ; 4.05e-08 V                   ; 2.72 V              ; -0.0349 V           ; 0.173 V                              ; 0.1 V                                ; 2.72e-10 s                  ; 2.69e-10 s                  ; Yes                        ; Yes                        ; 2.62 V                      ; 4.05e-08 V                  ; 2.72 V             ; -0.0349 V          ; 0.173 V                             ; 0.1 V                               ; 2.72e-10 s                 ; 2.69e-10 s                 ; Yes                       ; Yes                       ;
; magnitude[14]    ; 2.5 V        ; 0 s                 ; 0 s                 ; 2.62 V                       ; 4.05e-08 V                   ; 2.72 V              ; -0.0349 V           ; 0.173 V                              ; 0.1 V                                ; 2.72e-10 s                  ; 2.69e-10 s                  ; Yes                        ; Yes                        ; 2.62 V                      ; 4.05e-08 V                  ; 2.72 V             ; -0.0349 V          ; 0.173 V                             ; 0.1 V                               ; 2.72e-10 s                 ; 2.69e-10 s                 ; Yes                       ; Yes                       ;
; magnitude[15]    ; 2.5 V        ; 0 s                 ; 0 s                 ; 2.62 V                       ; 2.74e-08 V                   ; 2.71 V              ; -0.0317 V           ; 0.148 V                              ; 0.064 V                              ; 4.51e-10 s                  ; 4.15e-10 s                  ; No                         ; Yes                        ; 2.62 V                      ; 2.74e-08 V                  ; 2.71 V             ; -0.0317 V          ; 0.148 V                             ; 0.064 V                             ; 4.51e-10 s                 ; 4.15e-10 s                 ; No                        ; Yes                       ;
; magnitude[16]    ; 2.5 V        ; 0 s                 ; 0 s                 ; 2.62 V                       ; 4.05e-08 V                   ; 2.72 V              ; -0.0349 V           ; 0.173 V                              ; 0.1 V                                ; 2.72e-10 s                  ; 2.69e-10 s                  ; Yes                        ; Yes                        ; 2.62 V                      ; 4.05e-08 V                  ; 2.72 V             ; -0.0349 V          ; 0.173 V                             ; 0.1 V                               ; 2.72e-10 s                 ; 2.69e-10 s                 ; Yes                       ; Yes                       ;
; magnitude[17]    ; 2.5 V        ; 0 s                 ; 0 s                 ; 2.62 V                       ; 4.05e-08 V                   ; 2.72 V              ; -0.0349 V           ; 0.173 V                              ; 0.1 V                                ; 2.72e-10 s                  ; 2.69e-10 s                  ; Yes                        ; Yes                        ; 2.62 V                      ; 4.05e-08 V                  ; 2.72 V             ; -0.0349 V          ; 0.173 V                             ; 0.1 V                               ; 2.72e-10 s                 ; 2.69e-10 s                 ; Yes                       ; Yes                       ;
; magnitude[18]    ; 2.5 V        ; 0 s                 ; 0 s                 ; 2.62 V                       ; 4.05e-08 V                   ; 2.72 V              ; -0.0349 V           ; 0.173 V                              ; 0.1 V                                ; 2.72e-10 s                  ; 2.69e-10 s                  ; Yes                        ; Yes                        ; 2.62 V                      ; 4.05e-08 V                  ; 2.72 V             ; -0.0349 V          ; 0.173 V                             ; 0.1 V                               ; 2.72e-10 s                 ; 2.69e-10 s                 ; Yes                       ; Yes                       ;
; magnitude[19]    ; 2.5 V        ; 0 s                 ; 0 s                 ; 2.62 V                       ; 4.05e-08 V                   ; 2.72 V              ; -0.0349 V           ; 0.173 V                              ; 0.1 V                                ; 2.72e-10 s                  ; 2.69e-10 s                  ; Yes                        ; Yes                        ; 2.62 V                      ; 4.05e-08 V                  ; 2.72 V             ; -0.0349 V          ; 0.173 V                             ; 0.1 V                               ; 2.72e-10 s                 ; 2.69e-10 s                 ; Yes                       ; Yes                       ;
; magnitude[20]    ; 2.5 V        ; 0 s                 ; 0 s                 ; 2.62 V                       ; 4.05e-08 V                   ; 2.72 V              ; -0.0349 V           ; 0.173 V                              ; 0.1 V                                ; 2.72e-10 s                  ; 2.69e-10 s                  ; Yes                        ; Yes                        ; 2.62 V                      ; 4.05e-08 V                  ; 2.72 V             ; -0.0349 V          ; 0.173 V                             ; 0.1 V                               ; 2.72e-10 s                 ; 2.69e-10 s                 ; Yes                       ; Yes                       ;
; magnitude[21]    ; 2.5 V        ; 0 s                 ; 0 s                 ; 2.62 V                       ; 4.05e-08 V                   ; 2.72 V              ; -0.0349 V           ; 0.173 V                              ; 0.1 V                                ; 2.72e-10 s                  ; 2.69e-10 s                  ; Yes                        ; Yes                        ; 2.62 V                      ; 4.05e-08 V                  ; 2.72 V             ; -0.0349 V          ; 0.173 V                             ; 0.1 V                               ; 2.72e-10 s                 ; 2.69e-10 s                 ; Yes                       ; Yes                       ;
; magnitude[22]    ; 2.5 V        ; 0 s                 ; 0 s                 ; 2.62 V                       ; 4.05e-08 V                   ; 2.72 V              ; -0.0349 V           ; 0.173 V                              ; 0.1 V                                ; 2.72e-10 s                  ; 2.69e-10 s                  ; Yes                        ; Yes                        ; 2.62 V                      ; 4.05e-08 V                  ; 2.72 V             ; -0.0349 V          ; 0.173 V                             ; 0.1 V                               ; 2.72e-10 s                 ; 2.69e-10 s                 ; Yes                       ; Yes                       ;
; magnitude[23]    ; 2.5 V        ; 0 s                 ; 0 s                 ; 2.62 V                       ; 4.05e-08 V                   ; 2.72 V              ; -0.0349 V           ; 0.173 V                              ; 0.1 V                                ; 2.72e-10 s                  ; 2.69e-10 s                  ; Yes                        ; Yes                        ; 2.62 V                      ; 4.05e-08 V                  ; 2.72 V             ; -0.0349 V          ; 0.173 V                             ; 0.1 V                               ; 2.72e-10 s                 ; 2.69e-10 s                 ; Yes                       ; Yes                       ;
; magnitude[24]    ; 2.5 V        ; 0 s                 ; 0 s                 ; 2.62 V                       ; 4.05e-08 V                   ; 2.64 V              ; -0.0113 V           ; 0.208 V                              ; 0.179 V                              ; 2.38e-09 s                  ; 2.23e-09 s                  ; No                         ; Yes                        ; 2.62 V                      ; 4.05e-08 V                  ; 2.64 V             ; -0.0113 V          ; 0.208 V                             ; 0.179 V                             ; 2.38e-09 s                 ; 2.23e-09 s                 ; No                        ; Yes                       ;
; magnitude[25]    ; 2.5 V        ; 0 s                 ; 0 s                 ; 2.62 V                       ; 4.05e-08 V                   ; 2.72 V              ; -0.0349 V           ; 0.173 V                              ; 0.1 V                                ; 2.72e-10 s                  ; 2.69e-10 s                  ; Yes                        ; Yes                        ; 2.62 V                      ; 4.05e-08 V                  ; 2.72 V             ; -0.0349 V          ; 0.173 V                             ; 0.1 V                               ; 2.72e-10 s                 ; 2.69e-10 s                 ; Yes                       ; Yes                       ;
; magnitude[26]    ; 2.5 V        ; 0 s                 ; 0 s                 ; 2.62 V                       ; 4.05e-08 V                   ; 2.72 V              ; -0.0349 V           ; 0.173 V                              ; 0.1 V                                ; 2.72e-10 s                  ; 2.69e-10 s                  ; Yes                        ; Yes                        ; 2.62 V                      ; 4.05e-08 V                  ; 2.72 V             ; -0.0349 V          ; 0.173 V                             ; 0.1 V                               ; 2.72e-10 s                 ; 2.69e-10 s                 ; Yes                       ; Yes                       ;
; magnitude[27]    ; 2.5 V        ; 0 s                 ; 0 s                 ; 2.62 V                       ; 4.05e-08 V                   ; 2.72 V              ; -0.0349 V           ; 0.173 V                              ; 0.1 V                                ; 2.72e-10 s                  ; 2.69e-10 s                  ; Yes                        ; Yes                        ; 2.62 V                      ; 4.05e-08 V                  ; 2.72 V             ; -0.0349 V          ; 0.173 V                             ; 0.1 V                               ; 2.72e-10 s                 ; 2.69e-10 s                 ; Yes                       ; Yes                       ;
; magnitude[28]    ; 2.5 V        ; 0 s                 ; 0 s                 ; 2.62 V                       ; 4.05e-08 V                   ; 2.72 V              ; -0.0349 V           ; 0.173 V                              ; 0.1 V                                ; 2.72e-10 s                  ; 2.69e-10 s                  ; Yes                        ; Yes                        ; 2.62 V                      ; 4.05e-08 V                  ; 2.72 V             ; -0.0349 V          ; 0.173 V                             ; 0.1 V                               ; 2.72e-10 s                 ; 2.69e-10 s                 ; Yes                       ; Yes                       ;
; magnitude[29]    ; 2.5 V        ; 0 s                 ; 0 s                 ; 2.62 V                       ; 4.05e-08 V                   ; 2.72 V              ; -0.0349 V           ; 0.173 V                              ; 0.1 V                                ; 2.72e-10 s                  ; 2.69e-10 s                  ; Yes                        ; Yes                        ; 2.62 V                      ; 4.05e-08 V                  ; 2.72 V             ; -0.0349 V          ; 0.173 V                             ; 0.1 V                               ; 2.72e-10 s                 ; 2.69e-10 s                 ; Yes                       ; Yes                       ;
; magnitude[30]    ; 2.5 V        ; 0 s                 ; 0 s                 ; 2.62 V                       ; 4.05e-08 V                   ; 2.72 V              ; -0.0349 V           ; 0.173 V                              ; 0.1 V                                ; 2.72e-10 s                  ; 2.69e-10 s                  ; Yes                        ; Yes                        ; 2.62 V                      ; 4.05e-08 V                  ; 2.72 V             ; -0.0349 V          ; 0.173 V                             ; 0.1 V                               ; 2.72e-10 s                 ; 2.69e-10 s                 ; Yes                       ; Yes                       ;
; magnitude[31]    ; 2.5 V        ; 0 s                 ; 0 s                 ; 2.62 V                       ; 2.74e-08 V                   ; 2.71 V              ; -0.0317 V           ; 0.148 V                              ; 0.064 V                              ; 4.51e-10 s                  ; 4.15e-10 s                  ; No                         ; Yes                        ; 2.62 V                      ; 2.74e-08 V                  ; 2.71 V             ; -0.0317 V          ; 0.148 V                             ; 0.064 V                             ; 4.51e-10 s                 ; 4.15e-10 s                 ; No                        ; Yes                       ;
; ~ALTERA_DCLK~    ; 2.5 V        ; 0 s                 ; 0 s                 ; 2.62 V                       ; 2.22e-08 V                   ; 2.74 V              ; -0.06 V             ; 0.158 V                              ; 0.08 V                               ; 2.68e-10 s                  ; 2.19e-10 s                  ; Yes                        ; Yes                        ; 2.62 V                      ; 2.22e-08 V                  ; 2.74 V             ; -0.06 V            ; 0.158 V                             ; 0.08 V                              ; 2.68e-10 s                 ; 2.19e-10 s                 ; Yes                       ; Yes                       ;
; ~ALTERA_nCEO~    ; 2.5 V        ; 0 s                 ; 0 s                 ; 2.62 V                       ; 3.54e-08 V                   ; 2.7 V               ; -0.00943 V          ; 0.276 V                              ; 0.035 V                              ; 3.19e-10 s                  ; 4.99e-10 s                  ; No                         ; Yes                        ; 2.62 V                      ; 3.54e-08 V                  ; 2.7 V              ; -0.00943 V         ; 0.276 V                             ; 0.035 V                             ; 3.19e-10 s                 ; 4.99e-10 s                 ; No                        ; Yes                       ;
+------------------+--------------+---------------------+---------------------+------------------------------+------------------------------+---------------------+---------------------+--------------------------------------+--------------------------------------+-----------------------------+-----------------------------+----------------------------+----------------------------+-----------------------------+-----------------------------+--------------------+--------------------+-------------------------------------+-------------------------------------+----------------------------+----------------------------+---------------------------+---------------------------+


+-------------------------------------------------------------------------------------------------------------------------------------------------+
; Setup Transfers                                                                                                                                 ;
+--------------------------------------------------+--------------------------------------------------+----------+----------+----------+----------+
; From Clock                                       ; To Clock                                         ; RR Paths ; FR Paths ; RF Paths ; FF Paths ;
+--------------------------------------------------+--------------------------------------------------+----------+----------+----------+----------+
; clk                                              ; clk                                              ; 150592   ; 0        ; 0        ; 0        ;
; p_ll|altpll_component|auto_generated|pll1|clk[0] ; clk                                              ; 13       ; 0        ; 0        ; 0        ;
; p_ll|altpll_component|auto_generated|pll1|clk[0] ; p_ll|altpll_component|auto_generated|pll1|clk[0] ; 173      ; 0        ; 4        ; 0        ;
+--------------------------------------------------+--------------------------------------------------+----------+----------+----------+----------+
Entries labeled "false path" only account for clock-to-clock false paths and not path-based false paths. As a result, actual path counts may be lower than reported.


+-------------------------------------------------------------------------------------------------------------------------------------------------+
; Hold Transfers                                                                                                                                  ;
+--------------------------------------------------+--------------------------------------------------+----------+----------+----------+----------+
; From Clock                                       ; To Clock                                         ; RR Paths ; FR Paths ; RF Paths ; FF Paths ;
+--------------------------------------------------+--------------------------------------------------+----------+----------+----------+----------+
; clk                                              ; clk                                              ; 150592   ; 0        ; 0        ; 0        ;
; p_ll|altpll_component|auto_generated|pll1|clk[0] ; clk                                              ; 13       ; 0        ; 0        ; 0        ;
; p_ll|altpll_component|auto_generated|pll1|clk[0] ; p_ll|altpll_component|auto_generated|pll1|clk[0] ; 173      ; 0        ; 4        ; 0        ;
+--------------------------------------------------+--------------------------------------------------+----------+----------+----------+----------+
Entries labeled "false path" only account for clock-to-clock false paths and not path-based false paths. As a result, actual path counts may be lower than reported.


---------------
; Report TCCS ;
---------------
No dedicated SERDES Transmitter circuitry present in device or used in design


---------------
; Report RSKM ;
---------------
No dedicated SERDES Receiver circuitry present in device or used in design


+------------------------------------------------+
; Unconstrained Paths                            ;
+---------------------------------+-------+------+
; Property                        ; Setup ; Hold ;
+---------------------------------+-------+------+
; Illegal Clocks                  ; 0     ; 0    ;
; Unconstrained Clocks            ; 0     ; 0    ;
; Unconstrained Input Ports       ; 2     ; 2    ;
; Unconstrained Input Port Paths  ; 13    ; 13   ;
; Unconstrained Output Ports      ; 111   ; 111  ;
; Unconstrained Output Port Paths ; 112   ; 112  ;
+---------------------------------+-------+------+


+------------------------------------+
; TimeQuest Timing Analyzer Messages ;
+------------------------------------+
Info: *******************************************************************
Info: Running Quartus II 64-Bit TimeQuest Timing Analyzer
    Info: Version 13.0.1 Build 232 06/12/2013 Service Pack 1 SJ Web Edition
    Info: Processing started: Thu Jun 25 17:58:04 2026
Info: Command: quartus_sta DLIA -c DLIA
Info: qsta_default_script.tcl version: #1
Info (11104): Parallel Compilation has detected 8 hyper-threaded processors. However, the extra hyper-threaded processors will not be used by default. Parallel Compilation will use 4 of the 4 physical processors detected instead.
Info (21077): Low junction temperature is 0 degrees C
Info (21077): High junction temperature is 85 degrees C
Critical Warning (332012): Synopsys Design Constraints File file not found: 'DLIA.sdc'. A Synopsys Design Constraints File is required by the TimeQuest Timing Analyzer to get proper timing constraints. Without it, the Compiler will not properly optimize the design.
Info (332142): No user constrained generated clocks found in the design. Calling "derive_pll_clocks -create_base_clocks"
Info (332110): Deriving PLL clocks
    Info (332110): create_clock -period 20.000 -waveform {0.000 10.000} -name clk clk
    Info (332110): create_generated_clock -source {p_ll|altpll_component|auto_generated|pll1|inclk[0]} -divide_by 125 -multiply_by 8 -duty_cycle 50.00 -name {p_ll|altpll_component|auto_generated|pll1|clk[0]} {p_ll|altpll_component|auto_generated|pll1|clk[0]}
Info (332142): No user constrained base clocks found in the design. Calling "derive_clocks -period 1.0"
Info (332096): The command derive_clocks did not find any clocks to derive.  No clocks were created or changed.
Info (332143): No user constrained clock uncertainty found in the design. Calling "derive_clock_uncertainty"
Info (332123): Deriving Clock Uncertainty. Please refer to report_sdc in TimeQuest to see clock uncertainties.
Info: Found TIMEQUEST_REPORT_SCRIPT_INCLUDE_DEFAULT_ANALYSIS = ON
Info: Analyzing Slow 1200mV 85C Model
Info (332146): Worst-case setup slack is 0.259
    Info (332119):     Slack End Point TNS Clock 
    Info (332119): ========= ============= =====================
    Info (332119):     0.259         0.000 clk 
    Info (332119):   154.839         0.000 p_ll|altpll_component|auto_generated|pll1|clk[0] 
Info (332146): Worst-case hold slack is 0.353
    Info (332119):     Slack End Point TNS Clock 
    Info (332119): ========= ============= =====================
    Info (332119):     0.353         0.000 clk 
    Info (332119):     0.358         0.000 p_ll|altpll_component|auto_generated|pll1|clk[0] 
Info (332140): No Recovery paths to report
Info (332140): No Removal paths to report
Info (332146): Worst-case minimum pulse width slack is 9.494
    Info (332119):     Slack End Point TNS Clock 
    Info (332119): ========= ============= =====================
    Info (332119):     9.494         0.000 clk 
    Info (332119):   155.996         0.000 p_ll|altpll_component|auto_generated|pll1|clk[0] 
Info: Analyzing Slow 1200mV 0C Model
Info (334003): Started post-fitting delay annotation
Info (334004): Delay annotation completed successfully
Info (332123): Deriving Clock Uncertainty. Please refer to report_sdc in TimeQuest to see clock uncertainties.
Info (332146): Worst-case setup slack is 0.419
    Info (332119):     Slack End Point TNS Clock 
    Info (332119): ========= ============= =====================
    Info (332119):     0.419         0.000 clk 
    Info (332119):   154.997         0.000 p_ll|altpll_component|auto_generated|pll1|clk[0] 
Info (332146): Worst-case hold slack is 0.312
    Info (332119):     Slack End Point TNS Clock 
    Info (332119): ========= ============= =====================
    Info (332119):     0.312         0.000 p_ll|altpll_component|auto_generated|pll1|clk[0] 
    Info (332119):     0.338         0.000 clk 
Info (332140): No Recovery paths to report
Info (332140): No Removal paths to report
Info (332146): Worst-case minimum pulse width slack is 9.534
    Info (332119):     Slack End Point TNS Clock 
    Info (332119): ========= ============= =====================
    Info (332119):     9.534         0.000 clk 
    Info (332119):   155.993         0.000 p_ll|altpll_component|auto_generated|pll1|clk[0] 
Info: Analyzing Fast 1200mV 0C Model
Info (332123): Deriving Clock Uncertainty. Please refer to report_sdc in TimeQuest to see clock uncertainties.
Info (332146): Worst-case setup slack is 0.980
    Info (332119):     Slack End Point TNS Clock 
    Info (332119): ========= ============= =====================
    Info (332119):     0.980         0.000 clk 
    Info (332119):   155.461         0.000 p_ll|altpll_component|auto_generated|pll1|clk[0] 
Info (332146): Worst-case hold slack is 0.186
    Info (332119):     Slack End Point TNS Clock 
    Info (332119): ========= ============= =====================
    Info (332119):     0.186         0.000 p_ll|altpll_component|auto_generated|pll1|clk[0] 
    Info (332119):     0.193         0.000 clk 
Info (332140): No Recovery paths to report
Info (332140): No Removal paths to report
Info (332146): Worst-case minimum pulse width slack is 9.378
    Info (332119):     Slack End Point TNS Clock 
    Info (332119): ========= ============= =====================
    Info (332119):     9.378         0.000 clk 
    Info (332119):   156.024         0.000 p_ll|altpll_component|auto_generated|pll1|clk[0] 
Info (332102): Design is not fully constrained for setup requirements
Info (332102): Design is not fully constrained for hold requirements
Info: Quartus II 64-Bit TimeQuest Timing Analyzer was successful. 0 errors, 1 warning
    Info: Peak virtual memory: 4725 megabytes
    Info: Processing ended: Thu Jun 25 17:58:08 2026
    Info: Elapsed time: 00:00:04
    Info: Total CPU time (on all processors): 00:00:05


