Fitter report for DLIA
Thu Jun 25 17:58:00 2026
Quartus II 64-Bit Version 13.0.1 Build 232 06/12/2013 Service Pack 1 SJ Web Edition


---------------------
; Table of Contents ;
---------------------
  1. Legal Notice
  2. Fitter Summary
  3. Fitter Settings
  4. Parallel Compilation
  5. I/O Assignment Warnings
  6. Fitter Netlist Optimizations
  7. Incremental Compilation Preservation Summary
  8. Incremental Compilation Partition Settings
  9. Incremental Compilation Placement Preservation
 10. Pin-Out File
 11. Fitter Resource Usage Summary
 12. Fitter Partition Statistics
 13. Input Pins
 14. Output Pins
 15. Dual Purpose and Dedicated Pins
 16. I/O Bank Usage
 17. All Package Pins
 18. PLL Summary
 19. PLL Usage
 20. Fitter Resource Utilization by Entity
 21. Delay Chain Summary
 22. Pad To Core Delay Chain Fanout
 23. Control Signals
 24. Global & Other Fast Signals
 25. Non-Global High Fan-Out Signals
 26. Fitter RAM Summary
 27. |DLIA|lut_sincos:dds|altsyncram:sine_lut_rtl_0|altsyncram_1sq1:auto_generated|ALTSYNCRAM
 28. Fitter DSP Block Usage Summary
 29. DSP Block Details
 30. Other Routing Usage Summary
 31. LAB Logic Elements
 32. LAB-wide Signals
 33. LAB Signals Sourced
 34. LAB Signals Sourced Out
 35. LAB Distinct Inputs
 36. I/O Rules Summary
 37. I/O Rules Details
 38. I/O Rules Matrix
 39. Fitter Device Options
 40. Operating Settings and Conditions
 41. Estimated Delay Added for Hold Timing Summary
 42. Estimated Delay Added for Hold Timing Details
 43. Fitter Messages
 44. Fitter Suppressed Messages



----------------
; Legal Notice ;
----------------
Copyright (C) 1991-2013 Altera Corporation
Your use of Altera Corporation's design tools, logic functions 
and other software and tools, and its AMPP partner logic 
functions, and any output files from any of the foregoing 
(including device programming or simulation files), and any 
associated documentation or information are expressly subject 
to the terms and conditions of the Altera Program License 
Subscription Agreement, Altera MegaCore Function License 
Agreement, or other applicable license agreement, including, 
without limitation, that your use is for the sole purpose of 
programming logic devices manufactured by Altera and sold by 
Altera or its authorized distributors.  Please refer to the 
applicable agreement for further details.



+--------------------------------------------------------------------------------------+
; Fitter Summary                                                                       ;
+------------------------------------+-------------------------------------------------+
; Fitter Status                      ; Successful - Thu Jun 25 17:58:00 2026           ;
; Quartus II 64-Bit Version          ; 13.0.1 Build 232 06/12/2013 SP 1 SJ Web Edition ;
; Revision Name                      ; DLIA                                            ;
; Top-level Entity Name              ; DLIA                                            ;
; Family                             ; Cyclone IV E                                    ;
; Device                             ; EP4CE22F17C6                                    ;
; Timing Models                      ; Final                                           ;
; Total logic elements               ; 4,745 / 22,320 ( 21 % )                         ;
;     Total combinational functions  ; 4,626 / 22,320 ( 21 % )                         ;
;     Dedicated logic registers      ; 3,087 / 22,320 ( 14 % )                         ;
; Total registers                    ; 3087                                            ;
; Total pins                         ; 116 / 154 ( 75 % )                              ;
; Total virtual pins                 ; 0                                               ;
; Total memory bits                  ; 12,288 / 608,256 ( 2 % )                        ;
; Embedded Multiplier 9-bit elements ; 4 / 132 ( 3 % )                                 ;
; Total PLLs                         ; 1 / 4 ( 25 % )                                  ;
+------------------------------------+-------------------------------------------------+


+------------------------------------------------------------------------------------------------------------------------------------------------------------+
; Fitter Settings                                                                                                                                            ;
+----------------------------------------------------------------------------+---------------------------------------+---------------------------------------+
; Option                                                                     ; Setting                               ; Default Value                         ;
+----------------------------------------------------------------------------+---------------------------------------+---------------------------------------+
; Device                                                                     ; EP4CE22F17C6                          ;                                       ;
; Minimum Core Junction Temperature                                          ; 0                                     ;                                       ;
; Maximum Core Junction Temperature                                          ; 85                                    ;                                       ;
; Fit Attempts to Skip                                                       ; 0                                     ; 0.0                                   ;
; Device I/O Standard                                                        ; 2.5 V                                 ;                                       ;
; Use smart compilation                                                      ; Off                                   ; Off                                   ;
; Enable parallel Assembler and TimeQuest Timing Analyzer during compilation ; On                                    ; On                                    ;
; Enable compact report table                                                ; Off                                   ; Off                                   ;
; Auto Merge PLLs                                                            ; On                                    ; On                                    ;
; Router Timing Optimization Level                                           ; Normal                                ; Normal                                ;
; Perform Clocking Topology Analysis During Routing                          ; Off                                   ; Off                                   ;
; Placement Effort Multiplier                                                ; 1.0                                   ; 1.0                                   ;
; Router Effort Multiplier                                                   ; 1.0                                   ; 1.0                                   ;
; Optimize Hold Timing                                                       ; All Paths                             ; All Paths                             ;
; Optimize Multi-Corner Timing                                               ; On                                    ; On                                    ;
; PowerPlay Power Optimization                                               ; Normal compilation                    ; Normal compilation                    ;
; SSN Optimization                                                           ; Off                                   ; Off                                   ;
; Optimize Timing                                                            ; Normal compilation                    ; Normal compilation                    ;
; Optimize Timing for ECOs                                                   ; Off                                   ; Off                                   ;
; Regenerate full fit report during ECO compiles                             ; Off                                   ; Off                                   ;
; Optimize IOC Register Placement for Timing                                 ; Normal                                ; Normal                                ;
; Limit to One Fitting Attempt                                               ; Off                                   ; Off                                   ;
; Final Placement Optimizations                                              ; Automatically                         ; Automatically                         ;
; Fitter Aggressive Routability Optimizations                                ; Automatically                         ; Automatically                         ;
; Fitter Initial Placement Seed                                              ; 1                                     ; 1                                     ;
; PCI I/O                                                                    ; Off                                   ; Off                                   ;
; Weak Pull-Up Resistor                                                      ; Off                                   ; Off                                   ;
; Enable Bus-Hold Circuitry                                                  ; Off                                   ; Off                                   ;
; Auto Packed Registers                                                      ; Auto                                  ; Auto                                  ;
; Auto Delay Chains                                                          ; On                                    ; On                                    ;
; Auto Delay Chains for High Fanout Input Pins                               ; Off                                   ; Off                                   ;
; Allow Single-ended Buffer for Differential-XSTL Input                      ; Off                                   ; Off                                   ;
; Treat Bidirectional Pin as Output Pin                                      ; Off                                   ; Off                                   ;
; Perform Physical Synthesis for Combinational Logic for Fitting             ; Off                                   ; Off                                   ;
; Perform Physical Synthesis for Combinational Logic for Performance         ; Off                                   ; Off                                   ;
; Perform Register Duplication for Performance                               ; Off                                   ; Off                                   ;
; Perform Logic to Memory Mapping for Fitting                                ; Off                                   ; Off                                   ;
; Perform Register Retiming for Performance                                  ; Off                                   ; Off                                   ;
; Perform Asynchronous Signal Pipelining                                     ; Off                                   ; Off                                   ;
; Fitter Effort                                                              ; Auto Fit                              ; Auto Fit                              ;
; Physical Synthesis Effort Level                                            ; Normal                                ; Normal                                ;
; Logic Cell Insertion - Logic Duplication                                   ; Auto                                  ; Auto                                  ;
; Auto Register Duplication                                                  ; Auto                                  ; Auto                                  ;
; Auto Global Clock                                                          ; On                                    ; On                                    ;
; Auto Global Register Control Signals                                       ; On                                    ; On                                    ;
; Reserve all unused pins                                                    ; As input tri-stated with weak pull-up ; As input tri-stated with weak pull-up ;
; Synchronizer Identification                                                ; Off                                   ; Off                                   ;
; Enable Beneficial Skew Optimization                                        ; On                                    ; On                                    ;
; Optimize Design for Metastability                                          ; On                                    ; On                                    ;
; Force Fitter to Avoid Periphery Placement Warnings                         ; Off                                   ; Off                                   ;
; Enable input tri-state on active configuration pins in user mode           ; Off                                   ; Off                                   ;
+----------------------------------------------------------------------------+---------------------------------------+---------------------------------------+


+------------------------------------------+
; Parallel Compilation                     ;
+----------------------------+-------------+
; Processors                 ; Number      ;
+----------------------------+-------------+
; Number detected on machine ; 8           ;
; Maximum allowed            ; 4           ;
;                            ;             ;
; Average used               ; 2.00        ;
; Maximum used               ; 4           ;
;                            ;             ;
; Usage by Processor         ; % Time Used ;
;     Processor 1            ; 100.0%      ;
;     Processors 2-4         ;  33.3%      ;
;     Processors 5-8         ;   0.0%      ;
+----------------------------+-------------+


+---------------------------------------------------------+
; I/O Assignment Warnings                                 ;
+------------------+--------------------------------------+
; Pin Name         ; Reason                               ;
+------------------+--------------------------------------+
; sclk             ; Missing drive strength and slew rate ;
; din              ; Missing drive strength and slew rate ;
; cs               ; Missing drive strength and slew rate ;
; clock_out        ; Missing drive strength and slew rate ;
; afe_data[0]      ; Missing drive strength and slew rate ;
; afe_data[1]      ; Missing drive strength and slew rate ;
; afe_data[2]      ; Missing drive strength and slew rate ;
; afe_data[3]      ; Missing drive strength and slew rate ;
; afe_data[4]      ; Missing drive strength and slew rate ;
; afe_data[5]      ; Missing drive strength and slew rate ;
; afe_data[6]      ; Missing drive strength and slew rate ;
; afe_data[7]      ; Missing drive strength and slew rate ;
; afe_data[8]      ; Missing drive strength and slew rate ;
; afe_data[9]      ; Missing drive strength and slew rate ;
; afe_data[10]     ; Missing drive strength and slew rate ;
; afe_data[11]     ; Missing drive strength and slew rate ;
; N_sample_out[0]  ; Missing drive strength and slew rate ;
; N_sample_out[1]  ; Missing drive strength and slew rate ;
; N_sample_out[2]  ; Missing drive strength and slew rate ;
; N_sample_out[3]  ; Missing drive strength and slew rate ;
; N_sample_out[4]  ; Missing drive strength and slew rate ;
; N_sample_out[5]  ; Missing drive strength and slew rate ;
; N_sample_out[6]  ; Missing drive strength and slew rate ;
; N_sample_out[7]  ; Missing drive strength and slew rate ;
; N_sample_out[8]  ; Missing drive strength and slew rate ;
; N_sample_out[9]  ; Missing drive strength and slew rate ;
; N_sample_out[10] ; Missing drive strength and slew rate ;
; N_sample_out[11] ; Missing drive strength and slew rate ;
; N_sample_out[12] ; Missing drive strength and slew rate ;
; N_sample_out[13] ; Missing drive strength and slew rate ;
; N_sample_out[14] ; Missing drive strength and slew rate ;
; N_sample_out[15] ; Missing drive strength and slew rate ;
; N_sample_out[16] ; Missing drive strength and slew rate ;
; N_sample_out[17] ; Missing drive strength and slew rate ;
; N_sample_out[18] ; Missing drive strength and slew rate ;
; N_sample_out[19] ; Missing drive strength and slew rate ;
; N_sample_out[20] ; Missing drive strength and slew rate ;
; N_sample_out[21] ; Missing drive strength and slew rate ;
; N_sample_out[22] ; Missing drive strength and slew rate ;
; N_sample_out[23] ; Missing drive strength and slew rate ;
; N_sample_out[24] ; Missing drive strength and slew rate ;
; N_sample_out[25] ; Missing drive strength and slew rate ;
; N_sample_out[26] ; Missing drive strength and slew rate ;
; N_sample_out[27] ; Missing drive strength and slew rate ;
; N_sample_out[28] ; Missing drive strength and slew rate ;
; N_sample_out[29] ; Missing drive strength and slew rate ;
; N_sample_out[30] ; Missing drive strength and slew rate ;
; N_sample_out[31] ; Missing drive strength and slew rate ;
; phase[0]         ; Missing drive strength and slew rate ;
; phase[1]         ; Missing drive strength and slew rate ;
; phase[2]         ; Missing drive strength and slew rate ;
; phase[3]         ; Missing drive strength and slew rate ;
; phase[4]         ; Missing drive strength and slew rate ;
; phase[5]         ; Missing drive strength and slew rate ;
; phase[6]         ; Missing drive strength and slew rate ;
; phase[7]         ; Missing drive strength and slew rate ;
; phase[8]         ; Missing drive strength and slew rate ;
; phase[9]         ; Missing drive strength and slew rate ;
; phase[10]        ; Missing drive strength and slew rate ;
; phase[11]        ; Missing drive strength and slew rate ;
; phase[12]        ; Missing drive strength and slew rate ;
; phase[13]        ; Missing drive strength and slew rate ;
; phase[14]        ; Missing drive strength and slew rate ;
; phase[15]        ; Missing drive strength and slew rate ;
; phase[16]        ; Missing drive strength and slew rate ;
; phase[17]        ; Missing drive strength and slew rate ;
; phase[18]        ; Missing drive strength and slew rate ;
; phase[19]        ; Missing drive strength and slew rate ;
; phase[20]        ; Missing drive strength and slew rate ;
; phase[21]        ; Missing drive strength and slew rate ;
; phase[22]        ; Missing drive strength and slew rate ;
; phase[23]        ; Missing drive strength and slew rate ;
; phase[24]        ; Missing drive strength and slew rate ;
; phase[25]        ; Missing drive strength and slew rate ;
; phase[26]        ; Missing drive strength and slew rate ;
; phase[27]        ; Missing drive strength and slew rate ;
; phase[28]        ; Missing drive strength and slew rate ;
; phase[29]        ; Missing drive strength and slew rate ;
; phase[30]        ; Missing drive strength and slew rate ;
; phase[31]        ; Missing drive strength and slew rate ;
; magnitude[0]     ; Missing drive strength and slew rate ;
; magnitude[1]     ; Missing drive strength and slew rate ;
; magnitude[2]     ; Missing drive strength and slew rate ;
; magnitude[3]     ; Missing drive strength and slew rate ;
; magnitude[4]     ; Missing drive strength and slew rate ;
; magnitude[5]     ; Missing drive strength and slew rate ;
; magnitude[6]     ; Missing drive strength and slew rate ;
; magnitude[7]     ; Missing drive strength and slew rate ;
; magnitude[8]     ; Missing drive strength and slew rate ;
; magnitude[9]     ; Missing drive strength and slew rate ;
; magnitude[10]    ; Missing drive strength and slew rate ;
; magnitude[11]    ; Missing drive strength and slew rate ;
; magnitude[12]    ; Missing drive strength and slew rate ;
; magnitude[13]    ; Missing drive strength and slew rate ;
; magnitude[14]    ; Missing drive strength and slew rate ;
; magnitude[15]    ; Missing drive strength and slew rate ;
; magnitude[16]    ; Missing drive strength and slew rate ;
; magnitude[17]    ; Missing drive strength and slew rate ;
; magnitude[18]    ; Missing drive strength and slew rate ;
; magnitude[19]    ; Missing drive strength and slew rate ;
; magnitude[20]    ; Missing drive strength and slew rate ;
; magnitude[21]    ; Missing drive strength and slew rate ;
; magnitude[22]    ; Missing drive strength and slew rate ;
; magnitude[23]    ; Missing drive strength and slew rate ;
; magnitude[24]    ; Missing drive strength and slew rate ;
; magnitude[25]    ; Missing drive strength and slew rate ;
; magnitude[26]    ; Missing drive strength and slew rate ;
; magnitude[27]    ; Missing drive strength and slew rate ;
; magnitude[28]    ; Missing drive strength and slew rate ;
; magnitude[29]    ; Missing drive strength and slew rate ;
; magnitude[30]    ; Missing drive strength and slew rate ;
; magnitude[31]    ; Missing drive strength and slew rate ;
+------------------+--------------------------------------+


+----------------------------------------------------------------------------------------------------------------------------------------------------------------------------------------------------------------------------------------------+
; Fitter Netlist Optimizations                                                                                                                                                                                                                 ;
+-----------------------------------+-----------------+------------------+---------------------+-----------+----------------+-----------------------------------------------------------------------+------------------+-----------------------+
; Node                              ; Action          ; Operation        ; Reason              ; Node Port ; Node Port Name ; Destination Node                                                      ; Destination Port ; Destination Port Name ;
+-----------------------------------+-----------------+------------------+---------------------+-----------+----------------+-----------------------------------------------------------------------+------------------+-----------------------+
; multiplier:cosine_mix|product[0]  ; Packed Register ; Register Packing ; Timing optimization ; Q         ;                ; multiplier:cosine_mix|lpm_mult:Mult0|mult_t5t:auto_generated|mac_out2 ; DATAOUT          ;                       ;
; multiplier:cosine_mix|product[1]  ; Packed Register ; Register Packing ; Timing optimization ; Q         ;                ; multiplier:cosine_mix|product[0]                                      ; DATAOUT          ;                       ;
; multiplier:cosine_mix|product[2]  ; Packed Register ; Register Packing ; Timing optimization ; Q         ;                ; multiplier:cosine_mix|product[0]                                      ; DATAOUT          ;                       ;
; multiplier:cosine_mix|product[3]  ; Packed Register ; Register Packing ; Timing optimization ; Q         ;                ; multiplier:cosine_mix|product[0]                                      ; DATAOUT          ;                       ;
; multiplier:cosine_mix|product[4]  ; Packed Register ; Register Packing ; Timing optimization ; Q         ;                ; multiplier:cosine_mix|product[0]                                      ; DATAOUT          ;                       ;
; multiplier:cosine_mix|product[5]  ; Packed Register ; Register Packing ; Timing optimization ; Q         ;                ; multiplier:cosine_mix|product[0]                                      ; DATAOUT          ;                       ;
; multiplier:cosine_mix|product[6]  ; Packed Register ; Register Packing ; Timing optimization ; Q         ;                ; multiplier:cosine_mix|product[0]                                      ; DATAOUT          ;                       ;
; multiplier:cosine_mix|product[7]  ; Packed Register ; Register Packing ; Timing optimization ; Q         ;                ; multiplier:cosine_mix|product[0]                                      ; DATAOUT          ;                       ;
; multiplier:cosine_mix|product[8]  ; Packed Register ; Register Packing ; Timing optimization ; Q         ;                ; multiplier:cosine_mix|product[0]                                      ; DATAOUT          ;                       ;
; multiplier:cosine_mix|product[9]  ; Packed Register ; Register Packing ; Timing optimization ; Q         ;                ; multiplier:cosine_mix|product[0]                                      ; DATAOUT          ;                       ;
; multiplier:cosine_mix|product[10] ; Packed Register ; Register Packing ; Timing optimization ; Q         ;                ; multiplier:cosine_mix|product[0]                                      ; DATAOUT          ;                       ;
; multiplier:cosine_mix|product[11] ; Packed Register ; Register Packing ; Timing optimization ; Q         ;                ; multiplier:cosine_mix|product[0]                                      ; DATAOUT          ;                       ;
; multiplier:cosine_mix|product[12] ; Packed Register ; Register Packing ; Timing optimization ; Q         ;                ; multiplier:cosine_mix|product[0]                                      ; DATAOUT          ;                       ;
; multiplier:cosine_mix|product[13] ; Packed Register ; Register Packing ; Timing optimization ; Q         ;                ; multiplier:cosine_mix|product[0]                                      ; DATAOUT          ;                       ;
; multiplier:cosine_mix|product[14] ; Packed Register ; Register Packing ; Timing optimization ; Q         ;                ; multiplier:cosine_mix|product[0]                                      ; DATAOUT          ;                       ;
; multiplier:cosine_mix|product[15] ; Packed Register ; Register Packing ; Timing optimization ; Q         ;                ; multiplier:cosine_mix|product[0]                                      ; DATAOUT          ;                       ;
; multiplier:cosine_mix|product[16] ; Packed Register ; Register Packing ; Timing optimization ; Q         ;                ; multiplier:cosine_mix|product[0]                                      ; DATAOUT          ;                       ;
; multiplier:cosine_mix|product[17] ; Packed Register ; Register Packing ; Timing optimization ; Q         ;                ; multiplier:cosine_mix|product[0]                                      ; DATAOUT          ;                       ;
; multiplier:cosine_mix|product[18] ; Packed Register ; Register Packing ; Timing optimization ; Q         ;                ; multiplier:cosine_mix|product[0]                                      ; DATAOUT          ;                       ;
; multiplier:cosine_mix|product[19] ; Packed Register ; Register Packing ; Timing optimization ; Q         ;                ; multiplier:cosine_mix|product[0]                                      ; DATAOUT          ;                       ;
; multiplier:cosine_mix|product[20] ; Packed Register ; Register Packing ; Timing optimization ; Q         ;                ; multiplier:cosine_mix|product[0]                                      ; DATAOUT          ;                       ;
; multiplier:cosine_mix|product[21] ; Packed Register ; Register Packing ; Timing optimization ; Q         ;                ; multiplier:cosine_mix|product[0]                                      ; DATAOUT          ;                       ;
; multiplier:cosine_mix|product[22] ; Packed Register ; Register Packing ; Timing optimization ; Q         ;                ; multiplier:cosine_mix|product[0]                                      ; DATAOUT          ;                       ;
; multiplier:cosine_mix|product[23] ; Packed Register ; Register Packing ; Timing optimization ; Q         ;                ; multiplier:cosine_mix|product[0]                                      ; DATAOUT          ;                       ;
; multiplier:sine_mix|product[0]    ; Packed Register ; Register Packing ; Timing optimization ; Q         ;                ; multiplier:sine_mix|lpm_mult:Mult0|mult_t5t:auto_generated|mac_out2   ; DATAOUT          ;                       ;
; multiplier:sine_mix|product[1]    ; Packed Register ; Register Packing ; Timing optimization ; Q         ;                ; multiplier:sine_mix|product[0]                                        ; DATAOUT          ;                       ;
; multiplier:sine_mix|product[2]    ; Packed Register ; Register Packing ; Timing optimization ; Q         ;                ; multiplier:sine_mix|product[0]                                        ; DATAOUT          ;                       ;
; multiplier:sine_mix|product[3]    ; Packed Register ; Register Packing ; Timing optimization ; Q         ;                ; multiplier:sine_mix|product[0]                                        ; DATAOUT          ;                       ;
; multiplier:sine_mix|product[4]    ; Packed Register ; Register Packing ; Timing optimization ; Q         ;                ; multiplier:sine_mix|product[0]                                        ; DATAOUT          ;                       ;
; multiplier:sine_mix|product[5]    ; Packed Register ; Register Packing ; Timing optimization ; Q         ;                ; multiplier:sine_mix|product[0]                                        ; DATAOUT          ;                       ;
; multiplier:sine_mix|product[6]    ; Packed Register ; Register Packing ; Timing optimization ; Q         ;                ; multiplier:sine_mix|product[0]                                        ; DATAOUT          ;                       ;
; multiplier:sine_mix|product[7]    ; Packed Register ; Register Packing ; Timing optimization ; Q         ;                ; multiplier:sine_mix|product[0]                                        ; DATAOUT          ;                       ;
; multiplier:sine_mix|product[8]    ; Packed Register ; Register Packing ; Timing optimization ; Q         ;                ; multiplier:sine_mix|product[0]                                        ; DATAOUT          ;                       ;
; multiplier:sine_mix|product[9]    ; Packed Register ; Register Packing ; Timing optimization ; Q         ;                ; multiplier:sine_mix|product[0]                                        ; DATAOUT          ;                       ;
; multiplier:sine_mix|product[10]   ; Packed Register ; Register Packing ; Timing optimization ; Q         ;                ; multiplier:sine_mix|product[0]                                        ; DATAOUT          ;                       ;
; multiplier:sine_mix|product[11]   ; Packed Register ; Register Packing ; Timing optimization ; Q         ;                ; multiplier:sine_mix|product[0]                                        ; DATAOUT          ;                       ;
; multiplier:sine_mix|product[12]   ; Packed Register ; Register Packing ; Timing optimization ; Q         ;                ; multiplier:sine_mix|product[0]                                        ; DATAOUT          ;                       ;
; multiplier:sine_mix|product[13]   ; Packed Register ; Register Packing ; Timing optimization ; Q         ;                ; multiplier:sine_mix|product[0]                                        ; DATAOUT          ;                       ;
; multiplier:sine_mix|product[14]   ; Packed Register ; Register Packing ; Timing optimization ; Q         ;                ; multiplier:sine_mix|product[0]                                        ; DATAOUT          ;                       ;
; multiplier:sine_mix|product[15]   ; Packed Register ; Register Packing ; Timing optimization ; Q         ;                ; multiplier:sine_mix|product[0]                                        ; DATAOUT          ;                       ;
; multiplier:sine_mix|product[16]   ; Packed Register ; Register Packing ; Timing optimization ; Q         ;                ; multiplier:sine_mix|product[0]                                        ; DATAOUT          ;                       ;
; multiplier:sine_mix|product[17]   ; Packed Register ; Register Packing ; Timing optimization ; Q         ;                ; multiplier:sine_mix|product[0]                                        ; DATAOUT          ;                       ;
; multiplier:sine_mix|product[18]   ; Packed Register ; Register Packing ; Timing optimization ; Q         ;                ; multiplier:sine_mix|product[0]                                        ; DATAOUT          ;                       ;
; multiplier:sine_mix|product[19]   ; Packed Register ; Register Packing ; Timing optimization ; Q         ;                ; multiplier:sine_mix|product[0]                                        ; DATAOUT          ;                       ;
; multiplier:sine_mix|product[20]   ; Packed Register ; Register Packing ; Timing optimization ; Q         ;                ; multiplier:sine_mix|product[0]                                        ; DATAOUT          ;                       ;
; multiplier:sine_mix|product[21]   ; Packed Register ; Register Packing ; Timing optimization ; Q         ;                ; multiplier:sine_mix|product[0]                                        ; DATAOUT          ;                       ;
; multiplier:sine_mix|product[22]   ; Packed Register ; Register Packing ; Timing optimization ; Q         ;                ; multiplier:sine_mix|product[0]                                        ; DATAOUT          ;                       ;
; multiplier:sine_mix|product[23]   ; Packed Register ; Register Packing ; Timing optimization ; Q         ;                ; multiplier:sine_mix|product[0]                                        ; DATAOUT          ;                       ;
+-----------------------------------+-----------------+------------------+---------------------+-----------+----------------+-----------------------------------------------------------------------+------------------+-----------------------+


+----------------------------------------------+
; Incremental Compilation Preservation Summary ;
+---------------------+------------------------+
; Type                ; Value                  ;
+---------------------+------------------------+
; Placement (by node) ;                        ;
;     -- Requested    ; 0 / 8023 ( 0.00 % )    ;
;     -- Achieved     ; 0 / 8023 ( 0.00 % )    ;
;                     ;                        ;
; Routing (by net)    ;                        ;
;     -- Requested    ; 0 / 0 ( 0.00 % )       ;
;     -- Achieved     ; 0 / 0 ( 0.00 % )       ;
+---------------------+------------------------+


+----------------------------------------------------------------------------------------------------------------------------------------------------------------------------------------+
; Incremental Compilation Partition Settings                                                                                                                                             ;
+--------------------------------+----------------+-------------------+-------------------------+------------------------+------------------------------+--------------------------------+
; Partition Name                 ; Partition Type ; Netlist Type Used ; Preservation Level Used ; Netlist Type Requested ; Preservation Level Requested ; Contents                       ;
+--------------------------------+----------------+-------------------+-------------------------+------------------------+------------------------------+--------------------------------+
; Top                            ; User-created   ; Source File       ; N/A                     ; Source File            ; N/A                          ;                                ;
; hard_block:auto_generated_inst ; Auto-generated ; Source File       ; N/A                     ; Source File            ; N/A                          ; hard_block:auto_generated_inst ;
+--------------------------------+----------------+-------------------+-------------------------+------------------------+------------------------------+--------------------------------+


+------------------------------------------------------------------------------------------------------------+
; Incremental Compilation Placement Preservation                                                             ;
+--------------------------------+---------+-------------------+-------------------------+-------------------+
; Partition Name                 ; # Nodes ; # Preserved Nodes ; Preservation Level Used ; Netlist Type Used ;
+--------------------------------+---------+-------------------+-------------------------+-------------------+
; Top                            ; 8011    ; 0                 ; N/A                     ; Source File       ;
; hard_block:auto_generated_inst ; 12      ; 0                 ; N/A                     ; Source File       ;
+--------------------------------+---------+-------------------+-------------------------+-------------------+


+--------------+
; Pin-Out File ;
+--------------+
The pin-out file can be found in D:/Comsol_files/DLIA_report/DLIA/DLIA.pin.


+------------------------------------------------------------------------+
; Fitter Resource Usage Summary                                          ;
+---------------------------------------------+--------------------------+
; Resource                                    ; Usage                    ;
+---------------------------------------------+--------------------------+
; Total logic elements                        ; 4,745 / 22,320 ( 21 % )  ;
;     -- Combinational with no register       ; 1658                     ;
;     -- Register only                        ; 119                      ;
;     -- Combinational with a register        ; 2968                     ;
;                                             ;                          ;
; Logic element usage by number of LUT inputs ;                          ;
;     -- 4 input functions                    ; 212                      ;
;     -- 3 input functions                    ; 1978                     ;
;     -- <=2 input functions                  ; 2436                     ;
;     -- Register only                        ; 119                      ;
;                                             ;                          ;
; Logic elements by mode                      ;                          ;
;     -- normal mode                          ; 1433                     ;
;     -- arithmetic mode                      ; 3193                     ;
;                                             ;                          ;
; Total registers*                            ; 3,087 / 23,018 ( 13 % )  ;
;     -- Dedicated logic registers            ; 3,087 / 22,320 ( 14 % )  ;
;     -- I/O registers                        ; 0 / 698 ( 0 % )          ;
;                                             ;                          ;
; Total LABs:  partially or completely used   ; 354 / 1,395 ( 25 % )     ;
; Virtual pins                                ; 0                        ;
; I/O pins                                    ; 116 / 154 ( 75 % )       ;
;     -- Clock pins                           ; 2 / 7 ( 29 % )           ;
;     -- Dedicated input pins                 ; 0 / 9 ( 0 % )            ;
;                                             ;                          ;
; Global signals                              ; 2                        ;
; M9Ks                                        ; 2 / 66 ( 3 % )           ;
; Total block memory bits                     ; 12,288 / 608,256 ( 2 % ) ;
; Total block memory implementation bits      ; 18,432 / 608,256 ( 3 % ) ;
; Embedded Multiplier 9-bit elements          ; 4 / 132 ( 3 % )          ;
; PLLs                                        ; 1 / 4 ( 25 % )           ;
; Global clocks                               ; 2 / 20 ( 10 % )          ;
; JTAGs                                       ; 0 / 1 ( 0 % )            ;
; CRC blocks                                  ; 0 / 1 ( 0 % )            ;
; ASMI blocks                                 ; 0 / 1 ( 0 % )            ;
; Impedance control blocks                    ; 0 / 4 ( 0 % )            ;
; Average interconnect usage (total/H/V)      ; 6% / 6% / 6%             ;
; Peak interconnect usage (total/H/V)         ; 19% / 21% / 17%          ;
; Maximum fan-out                             ; 3059                     ;
; Highest non-global fan-out                  ; 270                      ;
; Total fan-out                               ; 21975                    ;
; Average fan-out                             ; 2.73                     ;
+---------------------------------------------+--------------------------+
*  Register count does not include registers inside RAM blocks or DSP blocks.



+------------------------------------------------------------------------------------------------------+
; Fitter Partition Statistics                                                                          ;
+---------------------------------------------+-----------------------+--------------------------------+
; Statistic                                   ; Top                   ; hard_block:auto_generated_inst ;
+---------------------------------------------+-----------------------+--------------------------------+
; Difficulty Clustering Region                ; Low                   ; Low                            ;
;                                             ;                       ;                                ;
; Total logic elements                        ; 4745 / 22320 ( 21 % ) ; 0 / 22320 ( 0 % )              ;
;     -- Combinational with no register       ; 1658                  ; 0                              ;
;     -- Register only                        ; 119                   ; 0                              ;
;     -- Combinational with a register        ; 2968                  ; 0                              ;
;                                             ;                       ;                                ;
; Logic element usage by number of LUT inputs ;                       ;                                ;
;     -- 4 input functions                    ; 212                   ; 0                              ;
;     -- 3 input functions                    ; 1978                  ; 0                              ;
;     -- <=2 input functions                  ; 2436                  ; 0                              ;
;     -- Register only                        ; 119                   ; 0                              ;
;                                             ;                       ;                                ;
; Logic elements by mode                      ;                       ;                                ;
;     -- normal mode                          ; 1433                  ; 0                              ;
;     -- arithmetic mode                      ; 3193                  ; 0                              ;
;                                             ;                       ;                                ;
; Total registers                             ; 3087                  ; 0                              ;
;     -- Dedicated logic registers            ; 3087 / 22320 ( 14 % ) ; 0 / 22320 ( 0 % )              ;
;                                             ;                       ;                                ;
; Total LABs:  partially or completely used   ; 354 / 1395 ( 25 % )   ; 0 / 1395 ( 0 % )               ;
;                                             ;                       ;                                ;
; Virtual pins                                ; 0                     ; 0                              ;
; I/O pins                                    ; 116                   ; 0                              ;
; Embedded Multiplier 9-bit elements          ; 4 / 132 ( 3 % )       ; 0 / 132 ( 0 % )                ;
; Total memory bits                           ; 12288                 ; 0                              ;
; Total RAM block bits                        ; 18432                 ; 0                              ;
; PLL                                         ; 0 / 4 ( 0 % )         ; 1 / 4 ( 25 % )                 ;
; M9K                                         ; 2 / 66 ( 3 % )        ; 0 / 66 ( 0 % )                 ;
; Clock control block                         ; 1 / 24 ( 4 % )        ; 1 / 24 ( 4 % )                 ;
;                                             ;                       ;                                ;
; Connections                                 ;                       ;                                ;
;     -- Input Connections                    ; 33                    ; 1                              ;
;     -- Registered Input Connections         ; 32                    ; 0                              ;
;     -- Output Connections                   ; 1                     ; 33                             ;
;     -- Registered Output Connections        ; 0                     ; 0                              ;
;                                             ;                       ;                                ;
; Internal Connections                        ;                       ;                                ;
;     -- Total Connections                    ; 22074                 ; 41                             ;
;     -- Registered Connections               ; 9849                  ; 0                              ;
;                                             ;                       ;                                ;
; External Connections                        ;                       ;                                ;
;     -- Top                                  ; 0                     ; 34                             ;
;     -- hard_block:auto_generated_inst       ; 34                    ; 0                              ;
;                                             ;                       ;                                ;
; Partition Interface                         ;                       ;                                ;
;     -- Input Ports                          ; 4                     ; 1                              ;
;     -- Output Ports                         ; 112                   ; 1                              ;
;     -- Bidir Ports                          ; 0                     ; 0                              ;
;                                             ;                       ;                                ;
; Registered Ports                            ;                       ;                                ;
;     -- Registered Input Ports               ; 0                     ; 0                              ;
;     -- Registered Output Ports              ; 0                     ; 0                              ;
;                                             ;                       ;                                ;
; Port Connectivity                           ;                       ;                                ;
;     -- Input Ports driven by GND            ; 0                     ; 0                              ;
;     -- Output Ports driven by GND           ; 0                     ; 0                              ;
;     -- Input Ports driven by VCC            ; 0                     ; 0                              ;
;     -- Output Ports driven by VCC           ; 0                     ; 0                              ;
;     -- Input Ports with no Source           ; 0                     ; 0                              ;
;     -- Output Ports with no Source          ; 0                     ; 0                              ;
;     -- Input Ports with no Fanout           ; 0                     ; 0                              ;
;     -- Output Ports with no Fanout          ; 0                     ; 0                              ;
+---------------------------------------------+-----------------------+--------------------------------+


+-----------------------------------------------------------------------------------------------------------------------------------------------------------------------------------------------------------------------------------------------------------------------------+
; Input Pins                                                                                                                                                                                                                                                                  ;
+--------+-------+----------+--------------+--------------+--------------+-----------------------+--------------------+--------+----------------+---------------+-----------------+----------+--------------+--------------+---------------------------+----------------------+
; Name   ; Pin # ; I/O Bank ; X coordinate ; Y coordinate ; Z coordinate ; Combinational Fan-Out ; Registered Fan-Out ; Global ; Input Register ; Power Up High ; PCI I/O Enabled ; Bus Hold ; Weak Pull Up ; I/O Standard ; Termination Control Block ; Location assigned by ;
+--------+-------+----------+--------------+--------------+--------------+-----------------------+--------------------+--------+----------------+---------------+-----------------+----------+--------------+--------------+---------------------------+----------------------+
; clk    ; R8    ; 3        ; 27           ; 0            ; 21           ; 3060                  ; 0                  ; yes    ; no             ; no            ; yes             ; no       ; Off          ; 2.5 V        ; --                        ; User                 ;
; dout   ; A9    ; 7        ; 25           ; 34           ; 0            ; 12                    ; 0                  ; no     ; no             ; no            ; yes             ; no       ; Off          ; 2.5 V        ; --                        ; User                 ;
; rst_n  ; A6    ; 8        ; 16           ; 34           ; 0            ; 0                     ; 0                  ; no     ; no             ; no            ; yes             ; no       ; Off          ; 2.5 V        ; --                        ; Fitter               ;
; ttl_in ; G16   ; 6        ; 53           ; 20           ; 21           ; 1                     ; 0                  ; no     ; no             ; no            ; yes             ; no       ; Off          ; 2.5 V        ; --                        ; User                 ;
+--------+-------+----------+--------------+--------------+--------------+-----------------------+--------------------+--------+----------------+---------------+-----------------+----------+--------------+--------------+---------------------------+----------------------+


+-------------------------------------------------------------------------------------------------------------------------------------------------------------------------------------------------------------------------------------------------------------------------------------------------------------------------------------------------------------------------------------------------------------------------------------------------------------------+
; Output Pins                                                                                                                                                                                                                                                                                                                                                                                                                                                       ;
+------------------+-------+----------+--------------+--------------+--------------+-----------------+------------------------+---------------+-----------+-----------------+------------+---------------+----------+--------------+--------------+------------------+-----------------------------------+---------------------------+----------------------------+-----------------------------+----------------------+----------------------+---------------------+
; Name             ; Pin # ; I/O Bank ; X coordinate ; Y coordinate ; Z coordinate ; Output Register ; Output Enable Register ; Power Up High ; Slew Rate ; PCI I/O Enabled ; Open Drain ; TRI Primitive ; Bus Hold ; Weak Pull Up ; I/O Standard ; Current Strength ; Termination                       ; Termination Control Block ; Output Buffer Pre-emphasis ; Voltage Output Differential ; Location assigned by ; Output Enable Source ; Output Enable Group ;
+------------------+-------+----------+--------------+--------------+--------------+-----------------+------------------------+---------------+-----------+-----------------+------------+---------------+----------+--------------+--------------+------------------+-----------------------------------+---------------------------+----------------------------+-----------------------------+----------------------+----------------------+---------------------+
; N_sample_out[0]  ; R5    ; 3        ; 14           ; 0            ; 21           ; no              ; no                     ; no            ; 2         ; no              ; no         ; no            ; no       ; Off          ; 2.5 V        ; Default          ; Series 50 Ohm without Calibration ; --                        ; no                         ; no                          ; Fitter               ; -                    ; -                   ;
; N_sample_out[10] ; C2    ; 1        ; 0            ; 27           ; 0            ; no              ; no                     ; no            ; 2         ; no              ; no         ; no            ; no       ; Off          ; 2.5 V        ; Default          ; Series 50 Ohm without Calibration ; --                        ; no                         ; no                          ; Fitter               ; -                    ; -                   ;
; N_sample_out[11] ; K2    ; 2        ; 0            ; 12           ; 0            ; no              ; no                     ; no            ; 2         ; no              ; no         ; no            ; no       ; Off          ; 2.5 V        ; Default          ; Series 50 Ohm without Calibration ; --                        ; no                         ; no                          ; Fitter               ; -                    ; -                   ;
; N_sample_out[12] ; L4    ; 2        ; 0            ; 6            ; 14           ; no              ; no                     ; no            ; 2         ; no              ; no         ; no            ; no       ; Off          ; 2.5 V        ; Default          ; Series 50 Ohm without Calibration ; --                        ; no                         ; no                          ; Fitter               ; -                    ; -                   ;
; N_sample_out[13] ; N1    ; 2        ; 0            ; 7            ; 0            ; no              ; no                     ; no            ; 2         ; no              ; no         ; no            ; no       ; Off          ; 2.5 V        ; Default          ; Series 50 Ohm without Calibration ; --                        ; no                         ; no                          ; Fitter               ; -                    ; -                   ;
; N_sample_out[14] ; J1    ; 2        ; 0            ; 15           ; 7            ; no              ; no                     ; no            ; 2         ; no              ; no         ; no            ; no       ; Off          ; 2.5 V        ; Default          ; Series 50 Ohm without Calibration ; --                        ; no                         ; no                          ; Fitter               ; -                    ; -                   ;
; N_sample_out[15] ; G2    ; 1        ; 0            ; 23           ; 14           ; no              ; no                     ; no            ; 2         ; no              ; no         ; no            ; no       ; Off          ; 2.5 V        ; Default          ; Series 50 Ohm without Calibration ; --                        ; no                         ; no                          ; Fitter               ; -                    ; -                   ;
; N_sample_out[16] ; K5    ; 2        ; 0            ; 7            ; 7            ; no              ; no                     ; no            ; 2         ; no              ; no         ; no            ; no       ; Off          ; 2.5 V        ; Default          ; Series 50 Ohm without Calibration ; --                        ; no                         ; no                          ; Fitter               ; -                    ; -                   ;
; N_sample_out[17] ; N2    ; 2        ; 0            ; 8            ; 21           ; no              ; no                     ; no            ; 2         ; no              ; no         ; no            ; no       ; Off          ; 2.5 V        ; Default          ; Series 50 Ohm without Calibration ; --                        ; no                         ; no                          ; Fitter               ; -                    ; -                   ;
; N_sample_out[18] ; G1    ; 1        ; 0            ; 23           ; 21           ; no              ; no                     ; no            ; 2         ; no              ; no         ; no            ; no       ; Off          ; 2.5 V        ; Default          ; Series 50 Ohm without Calibration ; --                        ; no                         ; no                          ; Fitter               ; -                    ; -                   ;
; N_sample_out[19] ; J2    ; 2        ; 0            ; 15           ; 0            ; no              ; no                     ; no            ; 2         ; no              ; no         ; no            ; no       ; Off          ; 2.5 V        ; Default          ; Series 50 Ohm without Calibration ; --                        ; no                         ; no                          ; Fitter               ; -                    ; -                   ;
; N_sample_out[1]  ; E6    ; 8        ; 14           ; 34           ; 14           ; no              ; no                     ; no            ; 2         ; no              ; no         ; no            ; no       ; Off          ; 2.5 V        ; Default          ; Series 50 Ohm without Calibration ; --                        ; no                         ; no                          ; Fitter               ; -                    ; -                   ;
; N_sample_out[20] ; P1    ; 2        ; 0            ; 4            ; 21           ; no              ; no                     ; no            ; 2         ; no              ; no         ; no            ; no       ; Off          ; 2.5 V        ; Default          ; Series 50 Ohm without Calibration ; --                        ; no                         ; no                          ; Fitter               ; -                    ; -                   ;
; N_sample_out[21] ; N5    ; 3        ; 5            ; 0            ; 7            ; no              ; no                     ; no            ; 2         ; no              ; no         ; no            ; no       ; Off          ; 2.5 V        ; Default          ; Series 50 Ohm without Calibration ; --                        ; no                         ; no                          ; Fitter               ; -                    ; -                   ;
; N_sample_out[22] ; P2    ; 2        ; 0            ; 4            ; 14           ; no              ; no                     ; no            ; 2         ; no              ; no         ; no            ; no       ; Off          ; 2.5 V        ; Default          ; Series 50 Ohm without Calibration ; --                        ; no                         ; no                          ; Fitter               ; -                    ; -                   ;
; N_sample_out[23] ; A3    ; 8        ; 7            ; 34           ; 14           ; no              ; no                     ; no            ; 2         ; no              ; no         ; no            ; no       ; Off          ; 2.5 V        ; Default          ; Series 50 Ohm without Calibration ; --                        ; no                         ; no                          ; Fitter               ; -                    ; -                   ;
; N_sample_out[24] ; T2    ; 3        ; 3            ; 0            ; 0            ; no              ; no                     ; no            ; 2         ; no              ; no         ; no            ; no       ; Off          ; 2.5 V        ; Default          ; Series 50 Ohm without Calibration ; --                        ; no                         ; no                          ; Fitter               ; -                    ; -                   ;
; N_sample_out[25] ; L3    ; 2        ; 0            ; 10           ; 21           ; no              ; no                     ; no            ; 2         ; no              ; no         ; no            ; no       ; Off          ; 2.5 V        ; Default          ; Series 50 Ohm without Calibration ; --                        ; no                         ; no                          ; Fitter               ; -                    ; -                   ;
; N_sample_out[26] ; L1    ; 2        ; 0            ; 11           ; 7            ; no              ; no                     ; no            ; 2         ; no              ; no         ; no            ; no       ; Off          ; 2.5 V        ; Default          ; Series 50 Ohm without Calibration ; --                        ; no                         ; no                          ; Fitter               ; -                    ; -                   ;
; N_sample_out[27] ; R4    ; 3        ; 5            ; 0            ; 21           ; no              ; no                     ; no            ; 2         ; no              ; no         ; no            ; no       ; Off          ; 2.5 V        ; Default          ; Series 50 Ohm without Calibration ; --                        ; no                         ; no                          ; Fitter               ; -                    ; -                   ;
; N_sample_out[28] ; M6    ; 3        ; 7            ; 0            ; 7            ; no              ; no                     ; no            ; 2         ; no              ; no         ; no            ; no       ; Off          ; 2.5 V        ; Default          ; Series 50 Ohm without Calibration ; --                        ; no                         ; no                          ; Fitter               ; -                    ; -                   ;
; N_sample_out[29] ; T4    ; 3        ; 5            ; 0            ; 14           ; no              ; no                     ; no            ; 2         ; no              ; no         ; no            ; no       ; Off          ; 2.5 V        ; Default          ; Series 50 Ohm without Calibration ; --                        ; no                         ; no                          ; Fitter               ; -                    ; -                   ;
; N_sample_out[2]  ; R6    ; 3        ; 14           ; 0            ; 7            ; no              ; no                     ; no            ; 2         ; no              ; no         ; no            ; no       ; Off          ; 2.5 V        ; Default          ; Series 50 Ohm without Calibration ; --                        ; no                         ; no                          ; Fitter               ; -                    ; -                   ;
; N_sample_out[30] ; L2    ; 2        ; 0            ; 11           ; 0            ; no              ; no                     ; no            ; 2         ; no              ; no         ; no            ; no       ; Off          ; 2.5 V        ; Default          ; Series 50 Ohm without Calibration ; --                        ; no                         ; no                          ; Fitter               ; -                    ; -                   ;
; N_sample_out[31] ; P3    ; 3        ; 1            ; 0            ; 14           ; no              ; no                     ; no            ; 2         ; no              ; no         ; no            ; no       ; Off          ; 2.5 V        ; Default          ; Series 50 Ohm without Calibration ; --                        ; no                         ; no                          ; Fitter               ; -                    ; -                   ;
; N_sample_out[3]  ; T6    ; 3        ; 14           ; 0            ; 0            ; no              ; no                     ; no            ; 2         ; no              ; no         ; no            ; no       ; Off          ; 2.5 V        ; Default          ; Series 50 Ohm without Calibration ; --                        ; no                         ; no                          ; Fitter               ; -                    ; -                   ;
; N_sample_out[4]  ; N6    ; 3        ; 5            ; 0            ; 0            ; no              ; no                     ; no            ; 2         ; no              ; no         ; no            ; no       ; Off          ; 2.5 V        ; Default          ; Series 50 Ohm without Calibration ; --                        ; no                         ; no                          ; Fitter               ; -                    ; -                   ;
; N_sample_out[5]  ; F2    ; 1        ; 0            ; 24           ; 21           ; no              ; no                     ; no            ; 2         ; no              ; no         ; no            ; no       ; Off          ; 2.5 V        ; Default          ; Series 50 Ohm without Calibration ; --                        ; no                         ; no                          ; Fitter               ; -                    ; -                   ;
; N_sample_out[6]  ; K1    ; 2        ; 0            ; 12           ; 7            ; no              ; no                     ; no            ; 2         ; no              ; no         ; no            ; no       ; Off          ; 2.5 V        ; Default          ; Series 50 Ohm without Calibration ; --                        ; no                         ; no                          ; Fitter               ; -                    ; -                   ;
; N_sample_out[7]  ; R1    ; 2        ; 0            ; 5            ; 21           ; no              ; no                     ; no            ; 2         ; no              ; no         ; no            ; no       ; Off          ; 2.5 V        ; Default          ; Series 50 Ohm without Calibration ; --                        ; no                         ; no                          ; Fitter               ; -                    ; -                   ;
; N_sample_out[8]  ; D5    ; 8        ; 5            ; 34           ; 14           ; no              ; no                     ; no            ; 2         ; no              ; no         ; no            ; no       ; Off          ; 2.5 V        ; Default          ; Series 50 Ohm without Calibration ; --                        ; no                         ; no                          ; Fitter               ; -                    ; -                   ;
; N_sample_out[9]  ; D6    ; 8        ; 9            ; 34           ; 7            ; no              ; no                     ; no            ; 2         ; no              ; no         ; no            ; no       ; Off          ; 2.5 V        ; Default          ; Series 50 Ohm without Calibration ; --                        ; no                         ; no                          ; Fitter               ; -                    ; -                   ;
; afe_data[0]      ; F3    ; 1        ; 0            ; 26           ; 14           ; no              ; no                     ; no            ; 2         ; no              ; no         ; no            ; no       ; Off          ; 2.5 V        ; Default          ; Series 50 Ohm without Calibration ; --                        ; no                         ; no                          ; Fitter               ; -                    ; -                   ;
; afe_data[10]     ; B1    ; 1        ; 0            ; 28           ; 7            ; no              ; no                     ; no            ; 2         ; no              ; no         ; no            ; no       ; Off          ; 2.5 V        ; Default          ; Series 50 Ohm without Calibration ; --                        ; no                         ; no                          ; Fitter               ; -                    ; -                   ;
; afe_data[11]     ; A4    ; 8        ; 9            ; 34           ; 21           ; no              ; no                     ; no            ; 2         ; no              ; no         ; no            ; no       ; Off          ; 2.5 V        ; Default          ; Series 50 Ohm without Calibration ; --                        ; no                         ; no                          ; Fitter               ; -                    ; -                   ;
; afe_data[1]      ; F1    ; 1        ; 0            ; 23           ; 0            ; no              ; no                     ; no            ; 2         ; no              ; no         ; no            ; no       ; Off          ; 2.5 V        ; Default          ; Series 50 Ohm without Calibration ; --                        ; no                         ; no                          ; Fitter               ; -                    ; -                   ;
; afe_data[2]      ; R7    ; 3        ; 16           ; 0            ; 14           ; no              ; no                     ; no            ; 2         ; no              ; no         ; no            ; no       ; Off          ; 2.5 V        ; Default          ; Series 50 Ohm without Calibration ; --                        ; no                         ; no                          ; Fitter               ; -                    ; -                   ;
; afe_data[3]      ; G5    ; 1        ; 0            ; 24           ; 14           ; no              ; no                     ; no            ; 2         ; no              ; no         ; no            ; no       ; Off          ; 2.5 V        ; Default          ; Series 50 Ohm without Calibration ; --                        ; no                         ; no                          ; Fitter               ; -                    ; -                   ;
; afe_data[4]      ; B5    ; 8        ; 11           ; 34           ; 0            ; no              ; no                     ; no            ; 2         ; no              ; no         ; no            ; no       ; Off          ; 2.5 V        ; Default          ; Series 50 Ohm without Calibration ; --                        ; no                         ; no                          ; Fitter               ; -                    ; -                   ;
; afe_data[5]      ; M7    ; 3        ; 11           ; 0            ; 14           ; no              ; no                     ; no            ; 2         ; no              ; no         ; no            ; no       ; Off          ; 2.5 V        ; Default          ; Series 50 Ohm without Calibration ; --                        ; no                         ; no                          ; Fitter               ; -                    ; -                   ;
; afe_data[6]      ; T5    ; 3        ; 14           ; 0            ; 14           ; no              ; no                     ; no            ; 2         ; no              ; no         ; no            ; no       ; Off          ; 2.5 V        ; Default          ; Series 50 Ohm without Calibration ; --                        ; no                         ; no                          ; Fitter               ; -                    ; -                   ;
; afe_data[7]      ; B4    ; 8        ; 7            ; 34           ; 0            ; no              ; no                     ; no            ; 2         ; no              ; no         ; no            ; no       ; Off          ; 2.5 V        ; Default          ; Series 50 Ohm without Calibration ; --                        ; no                         ; no                          ; Fitter               ; -                    ; -                   ;
; afe_data[8]      ; A2    ; 8        ; 7            ; 34           ; 7            ; no              ; no                     ; no            ; 2         ; no              ; no         ; no            ; no       ; Off          ; 2.5 V        ; Default          ; Series 50 Ohm without Calibration ; --                        ; no                         ; no                          ; Fitter               ; -                    ; -                   ;
; afe_data[9]      ; D1    ; 1        ; 0            ; 25           ; 7            ; no              ; no                     ; no            ; 2         ; no              ; no         ; no            ; no       ; Off          ; 2.5 V        ; Default          ; Series 50 Ohm without Calibration ; --                        ; no                         ; no                          ; Fitter               ; -                    ; -                   ;
; clock_out        ; P6    ; 3        ; 11           ; 0            ; 21           ; no              ; no                     ; no            ; 2         ; no              ; no         ; no            ; no       ; Off          ; 2.5 V        ; Default          ; Series 50 Ohm without Calibration ; --                        ; no                         ; no                          ; Fitter               ; -                    ; -                   ;
; cs               ; A10   ; 7        ; 34           ; 34           ; 7            ; no              ; no                     ; no            ; 2         ; no              ; no         ; no            ; no       ; Off          ; 2.5 V        ; Default          ; Series 50 Ohm without Calibration ; --                        ; no                         ; no                          ; User                 ; -                    ; -                   ;
; din              ; B10   ; 7        ; 34           ; 34           ; 14           ; no              ; no                     ; no            ; 2         ; no              ; no         ; no            ; no       ; Off          ; 2.5 V        ; Default          ; Series 50 Ohm without Calibration ; --                        ; no                         ; no                          ; User                 ; -                    ; -                   ;
; magnitude[0]     ; L13   ; 5        ; 53           ; 10           ; 14           ; no              ; no                     ; no            ; 2         ; no              ; no         ; no            ; no       ; Off          ; 2.5 V        ; Default          ; Series 50 Ohm without Calibration ; --                        ; no                         ; no                          ; Fitter               ; -                    ; -                   ;
; magnitude[10]    ; T15   ; 4        ; 45           ; 0            ; 14           ; no              ; no                     ; no            ; 2         ; no              ; no         ; no            ; no       ; Off          ; 2.5 V        ; Default          ; Series 50 Ohm without Calibration ; --                        ; no                         ; no                          ; Fitter               ; -                    ; -                   ;
; magnitude[11]    ; N11   ; 4        ; 43           ; 0            ; 14           ; no              ; no                     ; no            ; 2         ; no              ; no         ; no            ; no       ; Off          ; 2.5 V        ; Default          ; Series 50 Ohm without Calibration ; --                        ; no                         ; no                          ; Fitter               ; -                    ; -                   ;
; magnitude[12]    ; L15   ; 5        ; 53           ; 11           ; 0            ; no              ; no                     ; no            ; 2         ; no              ; no         ; no            ; no       ; Off          ; 2.5 V        ; Default          ; Series 50 Ohm without Calibration ; --                        ; no                         ; no                          ; Fitter               ; -                    ; -                   ;
; magnitude[13]    ; M8    ; 3        ; 20           ; 0            ; 7            ; no              ; no                     ; no            ; 2         ; no              ; no         ; no            ; no       ; Off          ; 2.5 V        ; Default          ; Series 50 Ohm without Calibration ; --                        ; no                         ; no                          ; Fitter               ; -                    ; -                   ;
; magnitude[14]    ; T7    ; 3        ; 18           ; 0            ; 21           ; no              ; no                     ; no            ; 2         ; no              ; no         ; no            ; no       ; Off          ; 2.5 V        ; Default          ; Series 50 Ohm without Calibration ; --                        ; no                         ; no                          ; Fitter               ; -                    ; -                   ;
; magnitude[15]    ; P16   ; 5        ; 53           ; 7            ; 7            ; no              ; no                     ; no            ; 2         ; no              ; no         ; no            ; no       ; Off          ; 2.5 V        ; Default          ; Series 50 Ohm without Calibration ; --                        ; no                         ; no                          ; Fitter               ; -                    ; -                   ;
; magnitude[16]    ; N9    ; 4        ; 29           ; 0            ; 0            ; no              ; no                     ; no            ; 2         ; no              ; no         ; no            ; no       ; Off          ; 2.5 V        ; Default          ; Series 50 Ohm without Calibration ; --                        ; no                         ; no                          ; Fitter               ; -                    ; -                   ;
; magnitude[17]    ; M10   ; 4        ; 43           ; 0            ; 21           ; no              ; no                     ; no            ; 2         ; no              ; no         ; no            ; no       ; Off          ; 2.5 V        ; Default          ; Series 50 Ohm without Calibration ; --                        ; no                         ; no                          ; Fitter               ; -                    ; -                   ;
; magnitude[18]    ; R12   ; 4        ; 36           ; 0            ; 14           ; no              ; no                     ; no            ; 2         ; no              ; no         ; no            ; no       ; Off          ; 2.5 V        ; Default          ; Series 50 Ohm without Calibration ; --                        ; no                         ; no                          ; Fitter               ; -                    ; -                   ;
; magnitude[19]    ; R13   ; 4        ; 40           ; 0            ; 21           ; no              ; no                     ; no            ; 2         ; no              ; no         ; no            ; no       ; Off          ; 2.5 V        ; Default          ; Series 50 Ohm without Calibration ; --                        ; no                         ; no                          ; Fitter               ; -                    ; -                   ;
; magnitude[1]     ; N15   ; 5        ; 53           ; 9            ; 14           ; no              ; no                     ; no            ; 2         ; no              ; no         ; no            ; no       ; Off          ; 2.5 V        ; Default          ; Series 50 Ohm without Calibration ; --                        ; no                         ; no                          ; Fitter               ; -                    ; -                   ;
; magnitude[20]    ; P14   ; 4        ; 49           ; 0            ; 7            ; no              ; no                     ; no            ; 2         ; no              ; no         ; no            ; no       ; Off          ; 2.5 V        ; Default          ; Series 50 Ohm without Calibration ; --                        ; no                         ; no                          ; Fitter               ; -                    ; -                   ;
; magnitude[21]    ; R14   ; 4        ; 49           ; 0            ; 0            ; no              ; no                     ; no            ; 2         ; no              ; no         ; no            ; no       ; Off          ; 2.5 V        ; Default          ; Series 50 Ohm without Calibration ; --                        ; no                         ; no                          ; Fitter               ; -                    ; -                   ;
; magnitude[22]    ; T11   ; 4        ; 36           ; 0            ; 21           ; no              ; no                     ; no            ; 2         ; no              ; no         ; no            ; no       ; Off          ; 2.5 V        ; Default          ; Series 50 Ohm without Calibration ; --                        ; no                         ; no                          ; Fitter               ; -                    ; -                   ;
; magnitude[23]    ; T12   ; 4        ; 36           ; 0            ; 7            ; no              ; no                     ; no            ; 2         ; no              ; no         ; no            ; no       ; Off          ; 2.5 V        ; Default          ; Series 50 Ohm without Calibration ; --                        ; no                         ; no                          ; Fitter               ; -                    ; -                   ;
; magnitude[24]    ; P11   ; 4        ; 38           ; 0            ; 0            ; no              ; no                     ; no            ; 2         ; no              ; no         ; no            ; no       ; Off          ; 2.5 V        ; Default          ; Series 50 Ohm without Calibration ; --                        ; no                         ; no                          ; Fitter               ; -                    ; -                   ;
; magnitude[25]    ; T10   ; 4        ; 34           ; 0            ; 14           ; no              ; no                     ; no            ; 2         ; no              ; no         ; no            ; no       ; Off          ; 2.5 V        ; Default          ; Series 50 Ohm without Calibration ; --                        ; no                         ; no                          ; Fitter               ; -                    ; -                   ;
; magnitude[26]    ; T13   ; 4        ; 40           ; 0            ; 14           ; no              ; no                     ; no            ; 2         ; no              ; no         ; no            ; no       ; Off          ; 2.5 V        ; Default          ; Series 50 Ohm without Calibration ; --                        ; no                         ; no                          ; Fitter               ; -                    ; -                   ;
; magnitude[27]    ; P8    ; 3        ; 25           ; 0            ; 14           ; no              ; no                     ; no            ; 2         ; no              ; no         ; no            ; no       ; Off          ; 2.5 V        ; Default          ; Series 50 Ohm without Calibration ; --                        ; no                         ; no                          ; Fitter               ; -                    ; -                   ;
; magnitude[28]    ; R11   ; 4        ; 34           ; 0            ; 0            ; no              ; no                     ; no            ; 2         ; no              ; no         ; no            ; no       ; Off          ; 2.5 V        ; Default          ; Series 50 Ohm without Calibration ; --                        ; no                         ; no                          ; Fitter               ; -                    ; -                   ;
; magnitude[29]    ; R10   ; 4        ; 34           ; 0            ; 21           ; no              ; no                     ; no            ; 2         ; no              ; no         ; no            ; no       ; Off          ; 2.5 V        ; Default          ; Series 50 Ohm without Calibration ; --                        ; no                         ; no                          ; Fitter               ; -                    ; -                   ;
; magnitude[2]     ; L14   ; 5        ; 53           ; 9            ; 7            ; no              ; no                     ; no            ; 2         ; no              ; no         ; no            ; no       ; Off          ; 2.5 V        ; Default          ; Series 50 Ohm without Calibration ; --                        ; no                         ; no                          ; Fitter               ; -                    ; -                   ;
; magnitude[30]    ; N8    ; 3        ; 20           ; 0            ; 0            ; no              ; no                     ; no            ; 2         ; no              ; no         ; no            ; no       ; Off          ; 2.5 V        ; Default          ; Series 50 Ohm without Calibration ; --                        ; no                         ; no                          ; Fitter               ; -                    ; -                   ;
; magnitude[31]    ; L16   ; 5        ; 53           ; 11           ; 7            ; no              ; no                     ; no            ; 2         ; no              ; no         ; no            ; no       ; Off          ; 2.5 V        ; Default          ; Series 50 Ohm without Calibration ; --                        ; no                         ; no                          ; Fitter               ; -                    ; -                   ;
; magnitude[3]     ; P15   ; 5        ; 53           ; 6            ; 14           ; no              ; no                     ; no            ; 2         ; no              ; no         ; no            ; no       ; Off          ; 2.5 V        ; Default          ; Series 50 Ohm without Calibration ; --                        ; no                         ; no                          ; Fitter               ; -                    ; -                   ;
; magnitude[4]     ; N14   ; 5        ; 53           ; 6            ; 21           ; no              ; no                     ; no            ; 2         ; no              ; no         ; no            ; no       ; Off          ; 2.5 V        ; Default          ; Series 50 Ohm without Calibration ; --                        ; no                         ; no                          ; Fitter               ; -                    ; -                   ;
; magnitude[5]     ; R16   ; 5        ; 53           ; 8            ; 21           ; no              ; no                     ; no            ; 2         ; no              ; no         ; no            ; no       ; Off          ; 2.5 V        ; Default          ; Series 50 Ohm without Calibration ; --                        ; no                         ; no                          ; Fitter               ; -                    ; -                   ;
; magnitude[6]     ; N16   ; 5        ; 53           ; 9            ; 21           ; no              ; no                     ; no            ; 2         ; no              ; no         ; no            ; no       ; Off          ; 2.5 V        ; Default          ; Series 50 Ohm without Calibration ; --                        ; no                         ; no                          ; Fitter               ; -                    ; -                   ;
; magnitude[7]     ; P9    ; 4        ; 38           ; 0            ; 7            ; no              ; no                     ; no            ; 2         ; no              ; no         ; no            ; no       ; Off          ; 2.5 V        ; Default          ; Series 50 Ohm without Calibration ; --                        ; no                         ; no                          ; Fitter               ; -                    ; -                   ;
; magnitude[8]     ; T14   ; 4        ; 45           ; 0            ; 21           ; no              ; no                     ; no            ; 2         ; no              ; no         ; no            ; no       ; Off          ; 2.5 V        ; Default          ; Series 50 Ohm without Calibration ; --                        ; no                         ; no                          ; Fitter               ; -                    ; -                   ;
; magnitude[9]     ; N12   ; 4        ; 47           ; 0            ; 21           ; no              ; no                     ; no            ; 2         ; no              ; no         ; no            ; no       ; Off          ; 2.5 V        ; Default          ; Series 50 Ohm without Calibration ; --                        ; no                         ; no                          ; Fitter               ; -                    ; -                   ;
; phase[0]         ; C3    ; 8        ; 1            ; 34           ; 0            ; no              ; no                     ; no            ; 2         ; no              ; no         ; no            ; no       ; Off          ; 2.5 V        ; Default          ; Series 50 Ohm without Calibration ; --                        ; no                         ; no                          ; Fitter               ; -                    ; -                   ;
; phase[10]        ; D9    ; 7        ; 31           ; 34           ; 7            ; no              ; no                     ; no            ; 2         ; no              ; no         ; no            ; no       ; Off          ; 2.5 V        ; Default          ; Series 50 Ohm without Calibration ; --                        ; no                         ; no                          ; Fitter               ; -                    ; -                   ;
; phase[11]        ; D11   ; 7        ; 51           ; 34           ; 14           ; no              ; no                     ; no            ; 2         ; no              ; no         ; no            ; no       ; Off          ; 2.5 V        ; Default          ; Series 50 Ohm without Calibration ; --                        ; no                         ; no                          ; Fitter               ; -                    ; -                   ;
; phase[12]        ; C11   ; 7        ; 38           ; 34           ; 0            ; no              ; no                     ; no            ; 2         ; no              ; no         ; no            ; no       ; Off          ; 2.5 V        ; Default          ; Series 50 Ohm without Calibration ; --                        ; no                         ; no                          ; Fitter               ; -                    ; -                   ;
; phase[13]        ; B7    ; 8        ; 18           ; 34           ; 0            ; no              ; no                     ; no            ; 2         ; no              ; no         ; no            ; no       ; Off          ; 2.5 V        ; Default          ; Series 50 Ohm without Calibration ; --                        ; no                         ; no                          ; Fitter               ; -                    ; -                   ;
; phase[14]        ; B6    ; 8        ; 16           ; 34           ; 7            ; no              ; no                     ; no            ; 2         ; no              ; no         ; no            ; no       ; Off          ; 2.5 V        ; Default          ; Series 50 Ohm without Calibration ; --                        ; no                         ; no                          ; Fitter               ; -                    ; -                   ;
; phase[15]        ; C6    ; 8        ; 18           ; 34           ; 21           ; no              ; no                     ; no            ; 2         ; no              ; no         ; no            ; no       ; Off          ; 2.5 V        ; Default          ; Series 50 Ohm without Calibration ; --                        ; no                         ; no                          ; Fitter               ; -                    ; -                   ;
; phase[16]        ; D15   ; 6        ; 53           ; 26           ; 21           ; no              ; no                     ; no            ; 2         ; no              ; no         ; no            ; no       ; Off          ; 2.5 V        ; Default          ; Series 50 Ohm without Calibration ; --                        ; no                         ; no                          ; Fitter               ; -                    ; -                   ;
; phase[17]        ; D8    ; 8        ; 23           ; 34           ; 21           ; no              ; no                     ; no            ; 2         ; no              ; no         ; no            ; no       ; Off          ; 2.5 V        ; Default          ; Series 50 Ohm without Calibration ; --                        ; no                         ; no                          ; Fitter               ; -                    ; -                   ;
; phase[18]        ; E11   ; 7        ; 45           ; 34           ; 7            ; no              ; no                     ; no            ; 2         ; no              ; no         ; no            ; no       ; Off          ; 2.5 V        ; Default          ; Series 50 Ohm without Calibration ; --                        ; no                         ; no                          ; Fitter               ; -                    ; -                   ;
; phase[19]        ; B13   ; 7        ; 49           ; 34           ; 7            ; no              ; no                     ; no            ; 2         ; no              ; no         ; no            ; no       ; Off          ; 2.5 V        ; Default          ; Series 50 Ohm without Calibration ; --                        ; no                         ; no                          ; Fitter               ; -                    ; -                   ;
; phase[1]         ; C8    ; 8        ; 23           ; 34           ; 14           ; no              ; no                     ; no            ; 2         ; no              ; no         ; no            ; no       ; Off          ; 2.5 V        ; Default          ; Series 50 Ohm without Calibration ; --                        ; no                         ; no                          ; Fitter               ; -                    ; -                   ;
; phase[20]        ; D14   ; 7        ; 51           ; 34           ; 7            ; no              ; no                     ; no            ; 2         ; no              ; no         ; no            ; no       ; Off          ; 2.5 V        ; Default          ; Series 50 Ohm without Calibration ; --                        ; no                         ; no                          ; Fitter               ; -                    ; -                   ;
; phase[21]        ; B12   ; 7        ; 43           ; 34           ; 21           ; no              ; no                     ; no            ; 2         ; no              ; no         ; no            ; no       ; Off          ; 2.5 V        ; Default          ; Series 50 Ohm without Calibration ; --                        ; no                         ; no                          ; Fitter               ; -                    ; -                   ;
; phase[22]        ; E7    ; 8        ; 16           ; 34           ; 14           ; no              ; no                     ; no            ; 2         ; no              ; no         ; no            ; no       ; Off          ; 2.5 V        ; Default          ; Series 50 Ohm without Calibration ; --                        ; no                         ; no                          ; Fitter               ; -                    ; -                   ;
; phase[23]        ; A7    ; 8        ; 20           ; 34           ; 21           ; no              ; no                     ; no            ; 2         ; no              ; no         ; no            ; no       ; Off          ; 2.5 V        ; Default          ; Series 50 Ohm without Calibration ; --                        ; no                         ; no                          ; Fitter               ; -                    ; -                   ;
; phase[24]        ; F9    ; 7        ; 34           ; 34           ; 0            ; no              ; no                     ; no            ; 2         ; no              ; no         ; no            ; no       ; Off          ; 2.5 V        ; Default          ; Series 50 Ohm without Calibration ; --                        ; no                         ; no                          ; Fitter               ; -                    ; -                   ;
; phase[25]        ; C16   ; 6        ; 53           ; 30           ; 7            ; no              ; no                     ; no            ; 2         ; no              ; no         ; no            ; no       ; Off          ; 2.5 V        ; Default          ; Series 50 Ohm without Calibration ; --                        ; no                         ; no                          ; Fitter               ; -                    ; -                   ;
; phase[26]        ; B11   ; 7        ; 40           ; 34           ; 7            ; no              ; no                     ; no            ; 2         ; no              ; no         ; no            ; no       ; Off          ; 2.5 V        ; Default          ; Series 50 Ohm without Calibration ; --                        ; no                         ; no                          ; Fitter               ; -                    ; -                   ;
; phase[27]        ; A12   ; 7        ; 43           ; 34           ; 14           ; no              ; no                     ; no            ; 2         ; no              ; no         ; no            ; no       ; Off          ; 2.5 V        ; Default          ; Series 50 Ohm without Calibration ; --                        ; no                         ; no                          ; Fitter               ; -                    ; -                   ;
; phase[28]        ; C14   ; 7        ; 51           ; 34           ; 0            ; no              ; no                     ; no            ; 2         ; no              ; no         ; no            ; no       ; Off          ; 2.5 V        ; Default          ; Series 50 Ohm without Calibration ; --                        ; no                         ; no                          ; Fitter               ; -                    ; -                   ;
; phase[29]        ; A14   ; 7        ; 47           ; 34           ; 21           ; no              ; no                     ; no            ; 2         ; no              ; no         ; no            ; no       ; Off          ; 2.5 V        ; Default          ; Series 50 Ohm without Calibration ; --                        ; no                         ; no                          ; Fitter               ; -                    ; -                   ;
; phase[2]         ; E9    ; 7        ; 29           ; 34           ; 14           ; no              ; no                     ; no            ; 2         ; no              ; no         ; no            ; no       ; Off          ; 2.5 V        ; Default          ; Series 50 Ohm without Calibration ; --                        ; no                         ; no                          ; Fitter               ; -                    ; -                   ;
; phase[30]        ; A11   ; 7        ; 40           ; 34           ; 0            ; no              ; no                     ; no            ; 2         ; no              ; no         ; no            ; no       ; Off          ; 2.5 V        ; Default          ; Series 50 Ohm without Calibration ; --                        ; no                         ; no                          ; Fitter               ; -                    ; -                   ;
; phase[31]        ; C15   ; 6        ; 53           ; 30           ; 0            ; no              ; no                     ; no            ; 2         ; no              ; no         ; no            ; no       ; Off          ; 2.5 V        ; Default          ; Series 50 Ohm without Calibration ; --                        ; no                         ; no                          ; Fitter               ; -                    ; -                   ;
; phase[3]         ; E10   ; 7        ; 45           ; 34           ; 14           ; no              ; no                     ; no            ; 2         ; no              ; no         ; no            ; no       ; Off          ; 2.5 V        ; Default          ; Series 50 Ohm without Calibration ; --                        ; no                         ; no                          ; Fitter               ; -                    ; -                   ;
; phase[4]         ; F8    ; 8        ; 20           ; 34           ; 14           ; no              ; no                     ; no            ; 2         ; no              ; no         ; no            ; no       ; Off          ; 2.5 V        ; Default          ; Series 50 Ohm without Calibration ; --                        ; no                         ; no                          ; Fitter               ; -                    ; -                   ;
; phase[5]         ; A15   ; 7        ; 38           ; 34           ; 14           ; no              ; no                     ; no            ; 2         ; no              ; no         ; no            ; no       ; Off          ; 2.5 V        ; Default          ; Series 50 Ohm without Calibration ; --                        ; no                         ; no                          ; Fitter               ; -                    ; -                   ;
; phase[6]         ; C9    ; 7        ; 31           ; 34           ; 0            ; no              ; no                     ; no            ; 2         ; no              ; no         ; no            ; no       ; Off          ; 2.5 V        ; Default          ; Series 50 Ohm without Calibration ; --                        ; no                         ; no                          ; Fitter               ; -                    ; -                   ;
; phase[7]         ; A13   ; 7        ; 49           ; 34           ; 0            ; no              ; no                     ; no            ; 2         ; no              ; no         ; no            ; no       ; Off          ; 2.5 V        ; Default          ; Series 50 Ohm without Calibration ; --                        ; no                         ; no                          ; Fitter               ; -                    ; -                   ;
; phase[8]         ; D12   ; 7        ; 51           ; 34           ; 21           ; no              ; no                     ; no            ; 2         ; no              ; no         ; no            ; no       ; Off          ; 2.5 V        ; Default          ; Series 50 Ohm without Calibration ; --                        ; no                         ; no                          ; Fitter               ; -                    ; -                   ;
; phase[9]         ; E8    ; 8        ; 20           ; 34           ; 7            ; no              ; no                     ; no            ; 2         ; no              ; no         ; no            ; no       ; Off          ; 2.5 V        ; Default          ; Series 50 Ohm without Calibration ; --                        ; no                         ; no                          ; Fitter               ; -                    ; -                   ;
; sclk             ; B14   ; 7        ; 45           ; 34           ; 0            ; no              ; no                     ; no            ; 2         ; no              ; no         ; no            ; no       ; Off          ; 2.5 V        ; Default          ; Series 50 Ohm without Calibration ; --                        ; no                         ; no                          ; User                 ; -                    ; -                   ;
+------------------+-------+----------+--------------+--------------+--------------+-----------------+------------------------+---------------+-----------+-----------------+------------+---------------+----------+--------------+--------------+------------------+-----------------------------------+---------------------------+----------------------------+-----------------------------+----------------------+----------------------+---------------------+


+--------------------------------------------------------------------------------------------------------------------------------------+
; Dual Purpose and Dedicated Pins                                                                                                      ;
+----------+------------------------------------------+--------------------------+-------------------------+---------------------------+
; Location ; Pin Name                                 ; Reserved As              ; User Signal Name        ; Pin Type                  ;
+----------+------------------------------------------+--------------------------+-------------------------+---------------------------+
; C1       ; DIFFIO_L3n, DATA1, ASDO                  ; As input tri-stated      ; ~ALTERA_ASDO_DATA1~     ; Dual Purpose Pin          ;
; D2       ; DIFFIO_L4p, FLASH_nCE, nCSO              ; As input tri-stated      ; ~ALTERA_FLASH_nCE_nCSO~ ; Dual Purpose Pin          ;
; F4       ; nSTATUS                                  ; -                        ; -                       ; Dedicated Programming Pin ;
; H1       ; DCLK                                     ; As output driving ground ; ~ALTERA_DCLK~           ; Dual Purpose Pin          ;
; H2       ; DATA0                                    ; As input tri-stated      ; ~ALTERA_DATA0~          ; Dual Purpose Pin          ;
; H5       ; nCONFIG                                  ; -                        ; -                       ; Dedicated Programming Pin ;
; J3       ; nCE                                      ; -                        ; -                       ; Dedicated Programming Pin ;
; H14      ; CONF_DONE                                ; -                        ; -                       ; Dedicated Programming Pin ;
; H13      ; MSEL0                                    ; -                        ; -                       ; Dedicated Programming Pin ;
; H12      ; MSEL1                                    ; -                        ; -                       ; Dedicated Programming Pin ;
; G12      ; MSEL2                                    ; -                        ; -                       ; Dedicated Programming Pin ;
; G12      ; MSEL3                                    ; -                        ; -                       ; Dedicated Programming Pin ;
; G16      ; DIFFIO_R5n, INIT_DONE                    ; Use as regular IO        ; ttl_in                  ; Dual Purpose Pin          ;
; F16      ; DIFFIO_R4n, nCEO                         ; Use as programming pin   ; ~ALTERA_nCEO~           ; Dual Purpose Pin          ;
; D15      ; PADD23                                   ; Use as regular IO        ; phase[16]               ; Dual Purpose Pin          ;
; C16      ; DIFFIO_R1n, PADD20, DQS2R/CQ3R,CDPCLK5   ; Use as regular IO        ; phase[25]               ; Dual Purpose Pin          ;
; B11      ; DIFFIO_T20p, PADD0                       ; Use as regular IO        ; phase[26]               ; Dual Purpose Pin          ;
; A15      ; DIFFIO_T19n, PADD1                       ; Use as regular IO        ; phase[5]                ; Dual Purpose Pin          ;
; F9       ; DIFFIO_T17p, PADD4, DQS2T/CQ3T,DPCLK8    ; Use as regular IO        ; phase[24]               ; Dual Purpose Pin          ;
; A10      ; DIFFIO_T16n, PADD5                       ; Use as regular IO        ; cs                      ; Dual Purpose Pin          ;
; B10      ; DIFFIO_T16p, PADD6                       ; Use as regular IO        ; din                     ; Dual Purpose Pin          ;
; C9       ; DIFFIO_T15n, PADD7                       ; Use as regular IO        ; phase[6]                ; Dual Purpose Pin          ;
; D9       ; DIFFIO_T15p, PADD8                       ; Use as regular IO        ; phase[10]               ; Dual Purpose Pin          ;
; E9       ; DIFFIO_T13p, PADD12, DQS4T/CQ5T,DPCLK9   ; Use as regular IO        ; phase[2]                ; Dual Purpose Pin          ;
; C8       ; DIFFIO_T11p, PADD17, DQS5T/CQ5T#,DPCLK10 ; Use as regular IO        ; phase[1]                ; Dual Purpose Pin          ;
; E8       ; DIFFIO_T10n, DATA2                       ; Use as regular IO        ; phase[9]                ; Dual Purpose Pin          ;
; F8       ; DIFFIO_T10p, DATA3                       ; Use as regular IO        ; phase[4]                ; Dual Purpose Pin          ;
; A7       ; DIFFIO_T9n, PADD18                       ; Use as regular IO        ; phase[23]               ; Dual Purpose Pin          ;
; B7       ; DIFFIO_T9p, DATA4                        ; Use as regular IO        ; phase[13]               ; Dual Purpose Pin          ;
; A6       ; DIFFIO_T7n, DATA14, DQS3T/CQ3T#,DPCLK11  ; Use as regular IO        ; rst_n                   ; Dual Purpose Pin          ;
; B6       ; DIFFIO_T7p, DATA13                       ; Use as regular IO        ; phase[14]               ; Dual Purpose Pin          ;
; E7       ; DATA5                                    ; Use as regular IO        ; phase[22]               ; Dual Purpose Pin          ;
; E6       ; DIFFIO_T6p, DATA6                        ; Use as regular IO        ; N_sample_out[1]         ; Dual Purpose Pin          ;
; B5       ; DIFFIO_T5p, DATA8                        ; Use as regular IO        ; afe_data[4]             ; Dual Purpose Pin          ;
; D6       ; DIFFIO_T4n, DATA9                        ; Use as regular IO        ; N_sample_out[9]         ; Dual Purpose Pin          ;
; A4       ; DIFFIO_T3n, DATA10                       ; Use as regular IO        ; afe_data[11]            ; Dual Purpose Pin          ;
; B4       ; DIFFIO_T3p, DATA11                       ; Use as regular IO        ; afe_data[7]             ; Dual Purpose Pin          ;
+----------+------------------------------------------+--------------------------+-------------------------+---------------------------+


+------------------------------------------------------------+
; I/O Bank Usage                                             ;
+----------+------------------+---------------+--------------+
; I/O Bank ; Usage            ; VCCIO Voltage ; VREF Voltage ;
+----------+------------------+---------------+--------------+
; 1        ; 13 / 14 ( 93 % ) ; 2.5V          ; --           ;
; 2        ; 14 / 16 ( 88 % ) ; 2.5V          ; --           ;
; 3        ; 19 / 25 ( 76 % ) ; 2.5V          ; --           ;
; 4        ; 18 / 20 ( 90 % ) ; 2.5V          ; --           ;
; 5        ; 10 / 18 ( 56 % ) ; 2.5V          ; --           ;
; 6        ; 5 / 13 ( 38 % )  ; 2.5V          ; --           ;
; 7        ; 23 / 24 ( 96 % ) ; 2.5V          ; --           ;
; 8        ; 19 / 24 ( 79 % ) ; 2.5V          ; --           ;
+----------+------------------+---------------+--------------+


+-----------------------------------------------------------------------------------------------------------------------------------------------------------------------------------------+
; All Package Pins                                                                                                                                                                        ;
+----------+------------+----------+-----------------------------------------------------------+--------+--------------+---------+------------+-----------------+----------+--------------+
; Location ; Pad Number ; I/O Bank ; Pin Name/Usage                                            ; Dir.   ; I/O Standard ; Voltage ; I/O Type   ; User Assignment ; Bus Hold ; Weak Pull Up ;
+----------+------------+----------+-----------------------------------------------------------+--------+--------------+---------+------------+-----------------+----------+--------------+
; A1       ;            ; 8        ; VCCIO8                                                    ; power  ;              ; 2.5V    ; --         ;                 ; --       ; --           ;
; A2       ; 238        ; 8        ; afe_data[8]                                               ; output ; 2.5 V        ;         ; Column I/O ; N               ; no       ; Off          ;
; A3       ; 239        ; 8        ; N_sample_out[23]                                          ; output ; 2.5 V        ;         ; Column I/O ; N               ; no       ; Off          ;
; A4       ; 236        ; 8        ; afe_data[11]                                              ; output ; 2.5 V        ;         ; Column I/O ; N               ; no       ; Off          ;
; A5       ; 232        ; 8        ; RESERVED_INPUT_WITH_WEAK_PULLUP                           ;        ;              ;         ; Column I/O ;                 ; no       ; On           ;
; A6       ; 225        ; 8        ; rst_n                                                     ; input  ; 2.5 V        ;         ; Column I/O ; N               ; no       ; Off          ;
; A7       ; 220        ; 8        ; phase[23]                                                 ; output ; 2.5 V        ;         ; Column I/O ; N               ; no       ; Off          ;
; A8       ; 211        ; 8        ; GND+                                                      ;        ;              ;         ; Column I/O ;                 ; --       ; --           ;
; A9       ; 209        ; 7        ; dout                                                      ; input  ; 2.5 V        ;         ; Column I/O ; Y               ; no       ; Off          ;
; A10      ; 198        ; 7        ; cs                                                        ; output ; 2.5 V        ;         ; Column I/O ; Y               ; no       ; Off          ;
; A11      ; 188        ; 7        ; phase[30]                                                 ; output ; 2.5 V        ;         ; Column I/O ; N               ; no       ; Off          ;
; A12      ; 186        ; 7        ; phase[27]                                                 ; output ; 2.5 V        ;         ; Column I/O ; N               ; no       ; Off          ;
; A13      ; 179        ; 7        ; phase[7]                                                  ; output ; 2.5 V        ;         ; Column I/O ; N               ; no       ; Off          ;
; A14      ; 181        ; 7        ; phase[29]                                                 ; output ; 2.5 V        ;         ; Column I/O ; N               ; no       ; Off          ;
; A15      ; 191        ; 7        ; phase[5]                                                  ; output ; 2.5 V        ;         ; Column I/O ; N               ; no       ; Off          ;
; A16      ;            ; 7        ; VCCIO7                                                    ; power  ;              ; 2.5V    ; --         ;                 ; --       ; --           ;
; B1       ; 5          ; 1        ; afe_data[10]                                              ; output ; 2.5 V        ;         ; Row I/O    ; N               ; no       ; Off          ;
; B2       ;            ;          ; GND                                                       ; gnd    ;              ;         ; --         ;                 ; --       ; --           ;
; B3       ; 242        ; 8        ; RESERVED_INPUT_WITH_WEAK_PULLUP                           ;        ;              ;         ; Column I/O ;                 ; no       ; On           ;
; B4       ; 237        ; 8        ; afe_data[7]                                               ; output ; 2.5 V        ;         ; Column I/O ; N               ; no       ; Off          ;
; B5       ; 233        ; 8        ; afe_data[4]                                               ; output ; 2.5 V        ;         ; Column I/O ; N               ; no       ; Off          ;
; B6       ; 226        ; 8        ; phase[14]                                                 ; output ; 2.5 V        ;         ; Column I/O ; N               ; no       ; Off          ;
; B7       ; 221        ; 8        ; phase[13]                                                 ; output ; 2.5 V        ;         ; Column I/O ; N               ; no       ; Off          ;
; B8       ; 212        ; 8        ; GND+                                                      ;        ;              ;         ; Column I/O ;                 ; --       ; --           ;
; B9       ; 210        ; 7        ; GND+                                                      ;        ;              ;         ; Column I/O ;                 ; --       ; --           ;
; B10      ; 199        ; 7        ; din                                                       ; output ; 2.5 V        ;         ; Column I/O ; Y               ; no       ; Off          ;
; B11      ; 189        ; 7        ; phase[26]                                                 ; output ; 2.5 V        ;         ; Column I/O ; N               ; no       ; Off          ;
; B12      ; 187        ; 7        ; phase[21]                                                 ; output ; 2.5 V        ;         ; Column I/O ; N               ; no       ; Off          ;
; B13      ; 180        ; 7        ; phase[19]                                                 ; output ; 2.5 V        ;         ; Column I/O ; N               ; no       ; Off          ;
; B14      ; 182        ; 7        ; sclk                                                      ; output ; 2.5 V        ;         ; Column I/O ; Y               ; no       ; Off          ;
; B15      ;            ;          ; GND                                                       ; gnd    ;              ;         ; --         ;                 ; --       ; --           ;
; B16      ; 164        ; 6        ; RESERVED_INPUT_WITH_WEAK_PULLUP                           ;        ;              ;         ; Row I/O    ;                 ; no       ; On           ;
; C1       ; 7          ; 1        ; ~ALTERA_ASDO_DATA1~ / RESERVED_INPUT_WITH_WEAK_PULLUP     ; input  ; 2.5 V        ;         ; Row I/O    ; N               ; no       ; On           ;
; C2       ; 6          ; 1        ; N_sample_out[10]                                          ; output ; 2.5 V        ;         ; Row I/O    ; N               ; no       ; Off          ;
; C3       ; 245        ; 8        ; phase[0]                                                  ; output ; 2.5 V        ;         ; Column I/O ; N               ; no       ; Off          ;
; C4       ;            ; 8        ; VCCIO8                                                    ; power  ;              ; 2.5V    ; --         ;                 ; --       ; --           ;
; C5       ;            ;          ; GND                                                       ; gnd    ;              ;         ; --         ;                 ; --       ; --           ;
; C6       ; 224        ; 8        ; phase[15]                                                 ; output ; 2.5 V        ;         ; Column I/O ; N               ; no       ; Off          ;
; C7       ;            ; 8        ; VCCIO8                                                    ; power  ;              ; 2.5V    ; --         ;                 ; --       ; --           ;
; C8       ; 215        ; 8        ; phase[1]                                                  ; output ; 2.5 V        ;         ; Column I/O ; N               ; no       ; Off          ;
; C9       ; 200        ; 7        ; phase[6]                                                  ; output ; 2.5 V        ;         ; Column I/O ; N               ; no       ; Off          ;
; C10      ;            ; 7        ; VCCIO7                                                    ; power  ;              ; 2.5V    ; --         ;                 ; --       ; --           ;
; C11      ; 190        ; 7        ; phase[12]                                                 ; output ; 2.5 V        ;         ; Column I/O ; N               ; no       ; Off          ;
; C12      ;            ;          ; GND                                                       ; gnd    ;              ;         ; --         ;                 ; --       ; --           ;
; C13      ;            ; 7        ; VCCIO7                                                    ; power  ;              ; 2.5V    ; --         ;                 ; --       ; --           ;
; C14      ; 175        ; 7        ; phase[28]                                                 ; output ; 2.5 V        ;         ; Column I/O ; N               ; no       ; Off          ;
; C15      ; 174        ; 6        ; phase[31]                                                 ; output ; 2.5 V        ;         ; Row I/O    ; N               ; no       ; Off          ;
; C16      ; 173        ; 6        ; phase[25]                                                 ; output ; 2.5 V        ;         ; Row I/O    ; N               ; no       ; Off          ;
; D1       ; 10         ; 1        ; afe_data[9]                                               ; output ; 2.5 V        ;         ; Row I/O    ; N               ; no       ; Off          ;
; D2       ; 9          ; 1        ; ~ALTERA_FLASH_nCE_nCSO~ / RESERVED_INPUT_WITH_WEAK_PULLUP ; input  ; 2.5 V        ;         ; Row I/O    ; N               ; no       ; On           ;
; D3       ; 246        ; 8        ; RESERVED_INPUT_WITH_WEAK_PULLUP                           ;        ;              ;         ; Column I/O ;                 ; no       ; On           ;
; D4       ;            ;          ; VCCD_PLL3                                                 ; power  ;              ; 1.2V    ; --         ;                 ; --       ; --           ;
; D5       ; 241        ; 8        ; N_sample_out[8]                                           ; output ; 2.5 V        ;         ; Column I/O ; N               ; no       ; Off          ;
; D6       ; 234        ; 8        ; N_sample_out[9]                                           ; output ; 2.5 V        ;         ; Column I/O ; N               ; no       ; Off          ;
; D7       ;            ;          ; GND                                                       ; gnd    ;              ;         ; --         ;                 ; --       ; --           ;
; D8       ; 216        ; 8        ; phase[17]                                                 ; output ; 2.5 V        ;         ; Column I/O ; N               ; no       ; Off          ;
; D9       ; 201        ; 7        ; phase[10]                                                 ; output ; 2.5 V        ;         ; Column I/O ; N               ; no       ; Off          ;
; D10      ;            ;          ; GND                                                       ; gnd    ;              ;         ; --         ;                 ; --       ; --           ;
; D11      ; 177        ; 7        ; phase[11]                                                 ; output ; 2.5 V        ;         ; Column I/O ; N               ; no       ; Off          ;
; D12      ; 178        ; 7        ; phase[8]                                                  ; output ; 2.5 V        ;         ; Column I/O ; N               ; no       ; Off          ;
; D13      ;            ;          ; VCCD_PLL2                                                 ; power  ;              ; 1.2V    ; --         ;                 ; --       ; --           ;
; D14      ; 176        ; 7        ; phase[20]                                                 ; output ; 2.5 V        ;         ; Column I/O ; N               ; no       ; Off          ;
; D15      ; 170        ; 6        ; phase[16]                                                 ; output ; 2.5 V        ;         ; Row I/O    ; N               ; no       ; Off          ;
; D16      ; 169        ; 6        ; RESERVED_INPUT_WITH_WEAK_PULLUP                           ;        ;              ;         ; Row I/O    ;                 ; no       ; On           ;
; E1       ; 26         ; 1        ; GND+                                                      ;        ;              ;         ; Row I/O    ;                 ; --       ; --           ;
; E2       ;            ;          ; GND                                                       ; gnd    ;              ;         ; --         ;                 ; --       ; --           ;
; E3       ;            ; 1        ; VCCIO1                                                    ; power  ;              ; 2.5V    ; --         ;                 ; --       ; --           ;
; E4       ;            ;          ; GND                                                       ; gnd    ;              ;         ; --         ;                 ; --       ; --           ;
; E5       ;            ;          ; GNDA3                                                     ; gnd    ;              ;         ; --         ;                 ; --       ; --           ;
; E6       ; 231        ; 8        ; N_sample_out[1]                                           ; output ; 2.5 V        ;         ; Column I/O ; N               ; no       ; Off          ;
; E7       ; 227        ; 8        ; phase[22]                                                 ; output ; 2.5 V        ;         ; Column I/O ; N               ; no       ; Off          ;
; E8       ; 218        ; 8        ; phase[9]                                                  ; output ; 2.5 V        ;         ; Column I/O ; N               ; no       ; Off          ;
; E9       ; 205        ; 7        ; phase[2]                                                  ; output ; 2.5 V        ;         ; Column I/O ; N               ; no       ; Off          ;
; E10      ; 184        ; 7        ; phase[3]                                                  ; output ; 2.5 V        ;         ; Column I/O ; N               ; no       ; Off          ;
; E11      ; 183        ; 7        ; phase[18]                                                 ; output ; 2.5 V        ;         ; Column I/O ; N               ; no       ; Off          ;
; E12      ;            ;          ; GNDA2                                                     ; gnd    ;              ;         ; --         ;                 ; --       ; --           ;
; E13      ;            ;          ; GND                                                       ; gnd    ;              ;         ; --         ;                 ; --       ; --           ;
; E14      ;            ; 6        ; VCCIO6                                                    ; power  ;              ; 2.5V    ; --         ;                 ; --       ; --           ;
; E15      ; 151        ; 6        ; GND+                                                      ;        ;              ;         ; Row I/O    ;                 ; --       ; --           ;
; E16      ; 150        ; 6        ; GND+                                                      ;        ;              ;         ; Row I/O    ;                 ; --       ; --           ;
; F1       ; 14         ; 1        ; afe_data[1]                                               ; output ; 2.5 V        ;         ; Row I/O    ; N               ; no       ; Off          ;
; F2       ; 13         ; 1        ; N_sample_out[5]                                           ; output ; 2.5 V        ;         ; Row I/O    ; N               ; no       ; Off          ;
; F3       ; 8          ; 1        ; afe_data[0]                                               ; output ; 2.5 V        ;         ; Row I/O    ; N               ; no       ; Off          ;
; F4       ; 11         ; 1        ; ^nSTATUS                                                  ;        ;              ;         ; --         ;                 ; --       ; --           ;
; F5       ;            ; --       ; VCCA3                                                     ; power  ;              ; 2.5V    ; --         ;                 ; --       ; --           ;
; F6       ;            ;          ; GND                                                       ; gnd    ;              ;         ; --         ;                 ; --       ; --           ;
; F7       ;            ;          ; VCCINT                                                    ; power  ;              ; 1.2V    ; --         ;                 ; --       ; --           ;
; F8       ; 219        ; 8        ; phase[4]                                                  ; output ; 2.5 V        ;         ; Column I/O ; N               ; no       ; Off          ;
; F9       ; 197        ; 7        ; phase[24]                                                 ; output ; 2.5 V        ;         ; Column I/O ; N               ; no       ; Off          ;
; F10      ;            ;          ; GND                                                       ; gnd    ;              ;         ; --         ;                 ; --       ; --           ;
; F11      ;            ;          ; VCCINT                                                    ; power  ;              ; 1.2V    ; --         ;                 ; --       ; --           ;
; F12      ;            ; --       ; VCCA2                                                     ; power  ;              ; 2.5V    ; --         ;                 ; --       ; --           ;
; F13      ; 161        ; 6        ; RESERVED_INPUT_WITH_WEAK_PULLUP                           ;        ;              ;         ; Row I/O    ;                 ; no       ; On           ;
; F14      ; 167        ; 6        ; RESERVED_INPUT_WITH_WEAK_PULLUP                           ;        ;              ;         ; Row I/O    ;                 ; --       ; --           ;
; F15      ; 163        ; 6        ; RESERVED_INPUT_WITH_WEAK_PULLUP                           ;        ;              ;         ; Row I/O    ;                 ; no       ; On           ;
; F16      ; 162        ; 6        ; ~ALTERA_nCEO~ / RESERVED_OUTPUT_OPEN_DRAIN                ; output ; 2.5 V        ;         ; Row I/O    ; N               ; no       ; Off          ;
; G1       ; 16         ; 1        ; N_sample_out[18]                                          ; output ; 2.5 V        ;         ; Row I/O    ; N               ; no       ; Off          ;
; G2       ; 15         ; 1        ; N_sample_out[15]                                          ; output ; 2.5 V        ;         ; Row I/O    ; N               ; no       ; Off          ;
; G3       ;            ; 1        ; VCCIO1                                                    ; power  ;              ; 2.5V    ; --         ;                 ; --       ; --           ;
; G4       ;            ;          ; GND                                                       ; gnd    ;              ;         ; --         ;                 ; --       ; --           ;
; G5       ; 12         ; 1        ; afe_data[3]                                               ; output ; 2.5 V        ;         ; Row I/O    ; N               ; no       ; Off          ;
; G6       ;            ;          ; VCCINT                                                    ; power  ;              ; 1.2V    ; --         ;                 ; --       ; --           ;
; G7       ;            ;          ; VCCINT                                                    ; power  ;              ; 1.2V    ; --         ;                 ; --       ; --           ;
; G8       ;            ;          ; VCCINT                                                    ; power  ;              ; 1.2V    ; --         ;                 ; --       ; --           ;
; G9       ;            ;          ; VCCINT                                                    ; power  ;              ; 1.2V    ; --         ;                 ; --       ; --           ;
; G10      ;            ;          ; VCCINT                                                    ; power  ;              ; 1.2V    ; --         ;                 ; --       ; --           ;
; G11      ;            ;          ; GND                                                       ; gnd    ;              ;         ; --         ;                 ; --       ; --           ;
; G12      ; 155        ; 6        ; ^MSEL2                                                    ;        ;              ;         ; --         ;                 ; --       ; --           ;
; G12      ; 156        ; 6        ; ^MSEL3                                                    ;        ;              ;         ; --         ;                 ; --       ; --           ;
; G13      ;            ;          ; GND                                                       ; gnd    ;              ;         ; --         ;                 ; --       ; --           ;
; G14      ;            ; 6        ; VCCIO6                                                    ; power  ;              ; 2.5V    ; --         ;                 ; --       ; --           ;
; G15      ; 160        ; 6        ; RESERVED_INPUT_WITH_WEAK_PULLUP                           ;        ;              ;         ; Row I/O    ;                 ; no       ; On           ;
; G16      ; 159        ; 6        ; ttl_in                                                    ; input  ; 2.5 V        ;         ; Row I/O    ; Y               ; no       ; Off          ;
; H1       ; 17         ; 1        ; ~ALTERA_DCLK~                                             ; output ; 2.5 V        ;         ; Row I/O    ; N               ; no       ; On           ;
; H2       ; 18         ; 1        ; ~ALTERA_DATA0~ / RESERVED_INPUT_WITH_WEAK_PULLUP          ; input  ; 2.5 V        ;         ; Row I/O    ; N               ; no       ; On           ;
; H3       ; 21         ; 1        ; #TCK                                                      ; input  ;              ;         ; --         ;                 ; --       ; --           ;
; H4       ; 20         ; 1        ; #TDI                                                      ; input  ;              ;         ; --         ;                 ; --       ; --           ;
; H5       ; 19         ; 1        ; ^nCONFIG                                                  ;        ;              ;         ; --         ;                 ; --       ; --           ;
; H6       ;            ;          ; VCCINT                                                    ; power  ;              ; 1.2V    ; --         ;                 ; --       ; --           ;
; H7       ;            ;          ; GND                                                       ; gnd    ;              ;         ; --         ;                 ; --       ; --           ;
; H8       ;            ;          ; GND                                                       ; gnd    ;              ;         ; --         ;                 ; --       ; --           ;
; H9       ;            ;          ; GND                                                       ; gnd    ;              ;         ; --         ;                 ; --       ; --           ;
; H10      ;            ;          ; GND                                                       ; gnd    ;              ;         ; --         ;                 ; --       ; --           ;
; H11      ;            ;          ; VCCINT                                                    ; power  ;              ; 1.2V    ; --         ;                 ; --       ; --           ;
; H12      ; 154        ; 6        ; ^MSEL1                                                    ;        ;              ;         ; --         ;                 ; --       ; --           ;
; H13      ; 153        ; 6        ; ^MSEL0                                                    ;        ;              ;         ; --         ;                 ; --       ; --           ;
; H14      ; 152        ; 6        ; ^CONF_DONE                                                ;        ;              ;         ; --         ;                 ; --       ; --           ;
; H15      ;            ;          ; GND                                                       ; gnd    ;              ;         ; --         ;                 ; --       ; --           ;
; H16      ;            ;          ; GND                                                       ; gnd    ;              ;         ; --         ;                 ; --       ; --           ;
; J1       ; 30         ; 2        ; N_sample_out[14]                                          ; output ; 2.5 V        ;         ; Row I/O    ; N               ; no       ; Off          ;
; J2       ; 29         ; 2        ; N_sample_out[19]                                          ; output ; 2.5 V        ;         ; Row I/O    ; N               ; no       ; Off          ;
; J3       ; 24         ; 1        ; ^nCE                                                      ;        ;              ;         ; --         ;                 ; --       ; --           ;
; J4       ; 23         ; 1        ; #TDO                                                      ; output ;              ;         ; --         ;                 ; --       ; --           ;
; J5       ; 22         ; 1        ; #TMS                                                      ; input  ;              ;         ; --         ;                 ; --       ; --           ;
; J6       ;            ;          ; VCCINT                                                    ; power  ;              ; 1.2V    ; --         ;                 ; --       ; --           ;
; J7       ;            ;          ; GND                                                       ; gnd    ;              ;         ; --         ;                 ; --       ; --           ;
; J8       ;            ;          ; GND                                                       ; gnd    ;              ;         ; --         ;                 ; --       ; --           ;
; J9       ;            ;          ; GND                                                       ; gnd    ;              ;         ; --         ;                 ; --       ; --           ;
; J10      ;            ;          ; GND                                                       ; gnd    ;              ;         ; --         ;                 ; --       ; --           ;
; J11      ;            ;          ; GND                                                       ; gnd    ;              ;         ; --         ;                 ; --       ; --           ;
; J12      ;            ;          ; VCCINT                                                    ; power  ;              ; 1.2V    ; --         ;                 ; --       ; --           ;
; J13      ; 146        ; 5        ; RESERVED_INPUT_WITH_WEAK_PULLUP                           ;        ;              ;         ; Row I/O    ;                 ; no       ; On           ;
; J14      ; 144        ; 5        ; RESERVED_INPUT_WITH_WEAK_PULLUP                           ;        ;              ;         ; Row I/O    ;                 ; no       ; On           ;
; J15      ; 143        ; 5        ; RESERVED_INPUT_WITH_WEAK_PULLUP                           ;        ;              ;         ; Row I/O    ;                 ; no       ; On           ;
; J16      ; 142        ; 5        ; RESERVED_INPUT_WITH_WEAK_PULLUP                           ;        ;              ;         ; Row I/O    ;                 ; no       ; On           ;
; K1       ; 37         ; 2        ; N_sample_out[6]                                           ; output ; 2.5 V        ;         ; Row I/O    ; N               ; no       ; Off          ;
; K2       ; 36         ; 2        ; N_sample_out[11]                                          ; output ; 2.5 V        ;         ; Row I/O    ; N               ; no       ; Off          ;
; K3       ;            ; 2        ; VCCIO2                                                    ; power  ;              ; 2.5V    ; --         ;                 ; --       ; --           ;
; K4       ;            ;          ; GND                                                       ; gnd    ;              ;         ; --         ;                 ; --       ; --           ;
; K5       ; 45         ; 2        ; N_sample_out[16]                                          ; output ; 2.5 V        ;         ; Row I/O    ; N               ; no       ; Off          ;
; K6       ;            ;          ; GND                                                       ; gnd    ;              ;         ; --         ;                 ; --       ; --           ;
; K7       ;            ;          ; VCCINT                                                    ; power  ;              ; 1.2V    ; --         ;                 ; --       ; --           ;
; K8       ;            ;          ; GND                                                       ; gnd    ;              ;         ; --         ;                 ; --       ; --           ;
; K9       ;            ;          ; VCCINT                                                    ; power  ;              ; 1.2V    ; --         ;                 ; --       ; --           ;
; K10      ;            ;          ; VCCINT                                                    ; power  ;              ; 1.2V    ; --         ;                 ; --       ; --           ;
; K11      ;            ;          ; VCCINT                                                    ; power  ;              ; 1.2V    ; --         ;                 ; --       ; --           ;
; K12      ;            ;          ; GND                                                       ; gnd    ;              ;         ; --         ;                 ; --       ; --           ;
; K13      ;            ;          ; GND                                                       ; gnd    ;              ;         ; --         ;                 ; --       ; --           ;
; K14      ;            ; 5        ; VCCIO5                                                    ; power  ;              ; 2.5V    ; --         ;                 ; --       ; --           ;
; K15      ; 141        ; 5        ; RESERVED_INPUT_WITH_WEAK_PULLUP                           ;        ;              ;         ; Row I/O    ;                 ; no       ; On           ;
; K16      ; 140        ; 5        ; RESERVED_INPUT_WITH_WEAK_PULLUP                           ;        ;              ;         ; Row I/O    ;                 ; no       ; On           ;
; L1       ; 39         ; 2        ; N_sample_out[26]                                          ; output ; 2.5 V        ;         ; Row I/O    ; N               ; no       ; Off          ;
; L2       ; 38         ; 2        ; N_sample_out[30]                                          ; output ; 2.5 V        ;         ; Row I/O    ; N               ; no       ; Off          ;
; L3       ; 40         ; 2        ; N_sample_out[25]                                          ; output ; 2.5 V        ;         ; Row I/O    ; N               ; no       ; Off          ;
; L4       ; 46         ; 2        ; N_sample_out[12]                                          ; output ; 2.5 V        ;         ; Row I/O    ; N               ; no       ; Off          ;
; L5       ;            ; --       ; VCCA1                                                     ; power  ;              ; 2.5V    ; --         ;                 ; --       ; --           ;
; L6       ;            ;          ; VCCINT                                                    ; power  ;              ; 1.2V    ; --         ;                 ; --       ; --           ;
; L7       ; 75         ; 3        ; RESERVED_INPUT_WITH_WEAK_PULLUP                           ;        ;              ;         ; Column I/O ;                 ; no       ; On           ;
; L8       ; 79         ; 3        ; RESERVED_INPUT_WITH_WEAK_PULLUP                           ;        ;              ;         ; Column I/O ;                 ; no       ; On           ;
; L9       ;            ;          ; GND                                                       ; gnd    ;              ;         ; --         ;                 ; --       ; --           ;
; L10      ;            ;          ; GND                                                       ; gnd    ;              ;         ; --         ;                 ; --       ; --           ;
; L11      ;            ;          ; GND                                                       ; gnd    ;              ;         ; --         ;                 ; --       ; --           ;
; L12      ;            ; --       ; VCCA4                                                     ; power  ;              ; 2.5V    ; --         ;                 ; --       ; --           ;
; L13      ; 136        ; 5        ; magnitude[0]                                              ; output ; 2.5 V        ;         ; Row I/O    ; N               ; no       ; Off          ;
; L14      ; 134        ; 5        ; magnitude[2]                                              ; output ; 2.5 V        ;         ; Row I/O    ; N               ; no       ; Off          ;
; L15      ; 138        ; 5        ; magnitude[12]                                             ; output ; 2.5 V        ;         ; Row I/O    ; N               ; no       ; Off          ;
; L16      ; 137        ; 5        ; magnitude[31]                                             ; output ; 2.5 V        ;         ; Row I/O    ; N               ; no       ; Off          ;
; M1       ; 28         ; 2        ; GND+                                                      ;        ;              ;         ; Row I/O    ;                 ; --       ; --           ;
; M2       ; 27         ; 2        ; GND+                                                      ;        ;              ;         ; Row I/O    ;                 ; --       ; --           ;
; M3       ;            ; 2        ; VCCIO2                                                    ; power  ;              ; 2.5V    ; --         ;                 ; --       ; --           ;
; M4       ;            ;          ; GND                                                       ; gnd    ;              ;         ; --         ;                 ; --       ; --           ;
; M5       ;            ;          ; GNDA1                                                     ; gnd    ;              ;         ; --         ;                 ; --       ; --           ;
; M6       ; 64         ; 3        ; N_sample_out[28]                                          ; output ; 2.5 V        ;         ; Column I/O ; N               ; no       ; Off          ;
; M7       ; 68         ; 3        ; afe_data[5]                                               ; output ; 2.5 V        ;         ; Column I/O ; N               ; no       ; Off          ;
; M8       ; 81         ; 3        ; magnitude[13]                                             ; output ; 2.5 V        ;         ; Column I/O ; N               ; no       ; Off          ;
; M9       ;            ;          ; VCCINT                                                    ; power  ;              ; 1.2V    ; --         ;                 ; --       ; --           ;
; M10      ; 111        ; 4        ; magnitude[17]                                             ; output ; 2.5 V        ;         ; Column I/O ; N               ; no       ; Off          ;
; M11      ;            ;          ; VCCINT                                                    ; power  ;              ; 1.2V    ; --         ;                 ; --       ; --           ;
; M12      ;            ;          ; GNDA4                                                     ; gnd    ;              ;         ; --         ;                 ; --       ; --           ;
; M13      ;            ;          ; GND                                                       ; gnd    ;              ;         ; --         ;                 ; --       ; --           ;
; M14      ;            ; 5        ; VCCIO5                                                    ; power  ;              ; 2.5V    ; --         ;                 ; --       ; --           ;
; M15      ; 149        ; 5        ; GND+                                                      ;        ;              ;         ; Row I/O    ;                 ; --       ; --           ;
; M16      ; 148        ; 5        ; GND+                                                      ;        ;              ;         ; Row I/O    ;                 ; --       ; --           ;
; N1       ; 44         ; 2        ; N_sample_out[13]                                          ; output ; 2.5 V        ;         ; Row I/O    ; N               ; no       ; Off          ;
; N2       ; 43         ; 2        ; N_sample_out[17]                                          ; output ; 2.5 V        ;         ; Row I/O    ; N               ; no       ; Off          ;
; N3       ; 52         ; 3        ; RESERVED_INPUT_WITH_WEAK_PULLUP                           ;        ;              ;         ; Column I/O ;                 ; no       ; On           ;
; N4       ;            ;          ; VCCD_PLL1                                                 ; power  ;              ; 1.2V    ; --         ;                 ; --       ; --           ;
; N5       ; 62         ; 3        ; N_sample_out[21]                                          ; output ; 2.5 V        ;         ; Column I/O ; N               ; no       ; Off          ;
; N6       ; 63         ; 3        ; N_sample_out[4]                                           ; output ; 2.5 V        ;         ; Column I/O ; N               ; no       ; Off          ;
; N7       ;            ;          ; GND                                                       ; gnd    ;              ;         ; --         ;                 ; --       ; --           ;
; N8       ; 82         ; 3        ; magnitude[30]                                             ; output ; 2.5 V        ;         ; Column I/O ; N               ; no       ; Off          ;
; N9       ; 93         ; 4        ; magnitude[16]                                             ; output ; 2.5 V        ;         ; Column I/O ; N               ; no       ; Off          ;
; N10      ;            ;          ; GND                                                       ; gnd    ;              ;         ; --         ;                 ; --       ; --           ;
; N11      ; 112        ; 4        ; magnitude[11]                                             ; output ; 2.5 V        ;         ; Column I/O ; N               ; no       ; Off          ;
; N12      ; 117        ; 4        ; magnitude[9]                                              ; output ; 2.5 V        ;         ; Column I/O ; N               ; no       ; Off          ;
; N13      ;            ;          ; VCCD_PLL4                                                 ; power  ;              ; 1.2V    ; --         ;                 ; --       ; --           ;
; N14      ; 126        ; 5        ; magnitude[4]                                              ; output ; 2.5 V        ;         ; Row I/O    ; N               ; no       ; Off          ;
; N15      ; 133        ; 5        ; magnitude[1]                                              ; output ; 2.5 V        ;         ; Row I/O    ; N               ; no       ; Off          ;
; N16      ; 132        ; 5        ; magnitude[6]                                              ; output ; 2.5 V        ;         ; Row I/O    ; N               ; no       ; Off          ;
; P1       ; 51         ; 2        ; N_sample_out[20]                                          ; output ; 2.5 V        ;         ; Row I/O    ; N               ; no       ; Off          ;
; P2       ; 50         ; 2        ; N_sample_out[22]                                          ; output ; 2.5 V        ;         ; Row I/O    ; N               ; no       ; Off          ;
; P3       ; 53         ; 3        ; N_sample_out[31]                                          ; output ; 2.5 V        ;         ; Column I/O ; N               ; no       ; Off          ;
; P4       ;            ; 3        ; VCCIO3                                                    ; power  ;              ; 2.5V    ; --         ;                 ; --       ; --           ;
; P5       ;            ;          ; GND                                                       ; gnd    ;              ;         ; --         ;                 ; --       ; --           ;
; P6       ; 67         ; 3        ; clock_out                                                 ; output ; 2.5 V        ;         ; Column I/O ; N               ; no       ; Off          ;
; P7       ;            ; 3        ; VCCIO3                                                    ; power  ;              ; 2.5V    ; --         ;                 ; --       ; --           ;
; P8       ; 85         ; 3        ; magnitude[27]                                             ; output ; 2.5 V        ;         ; Column I/O ; N               ; no       ; Off          ;
; P9       ; 105        ; 4        ; magnitude[7]                                              ; output ; 2.5 V        ;         ; Column I/O ; N               ; no       ; Off          ;
; P10      ;            ; 4        ; VCCIO4                                                    ; power  ;              ; 2.5V    ; --         ;                 ; --       ; --           ;
; P11      ; 106        ; 4        ; magnitude[24]                                             ; output ; 2.5 V        ;         ; Column I/O ; N               ; no       ; Off          ;
; P12      ;            ;          ; GND                                                       ; gnd    ;              ;         ; --         ;                 ; --       ; --           ;
; P13      ;            ; 4        ; VCCIO4                                                    ; power  ;              ; 2.5V    ; --         ;                 ; --       ; --           ;
; P14      ; 119        ; 4        ; magnitude[20]                                             ; output ; 2.5 V        ;         ; Column I/O ; N               ; no       ; Off          ;
; P15      ; 127        ; 5        ; magnitude[3]                                              ; output ; 2.5 V        ;         ; Row I/O    ; N               ; no       ; Off          ;
; P16      ; 128        ; 5        ; magnitude[15]                                             ; output ; 2.5 V        ;         ; Row I/O    ; N               ; no       ; Off          ;
; R1       ; 49         ; 2        ; N_sample_out[7]                                           ; output ; 2.5 V        ;         ; Row I/O    ; N               ; no       ; Off          ;
; R2       ;            ;          ; GND                                                       ; gnd    ;              ;         ; --         ;                 ; --       ; --           ;
; R3       ; 54         ; 3        ; RESERVED_INPUT_WITH_WEAK_PULLUP                           ;        ;              ;         ; Column I/O ;                 ; no       ; On           ;
; R4       ; 60         ; 3        ; N_sample_out[27]                                          ; output ; 2.5 V        ;         ; Column I/O ; N               ; no       ; Off          ;
; R5       ; 71         ; 3        ; N_sample_out[0]                                           ; output ; 2.5 V        ;         ; Column I/O ; N               ; no       ; Off          ;
; R6       ; 73         ; 3        ; N_sample_out[2]                                           ; output ; 2.5 V        ;         ; Column I/O ; N               ; no       ; Off          ;
; R7       ; 76         ; 3        ; afe_data[2]                                               ; output ; 2.5 V        ;         ; Column I/O ; N               ; no       ; Off          ;
; R8       ; 86         ; 3        ; clk                                                       ; input  ; 2.5 V        ;         ; Column I/O ; Y               ; no       ; Off          ;
; R9       ; 88         ; 4        ; GND+                                                      ;        ;              ;         ; Column I/O ;                 ; --       ; --           ;
; R10      ; 96         ; 4        ; magnitude[29]                                             ; output ; 2.5 V        ;         ; Column I/O ; N               ; no       ; Off          ;
; R11      ; 98         ; 4        ; magnitude[28]                                             ; output ; 2.5 V        ;         ; Column I/O ; N               ; no       ; Off          ;
; R12      ; 100        ; 4        ; magnitude[18]                                             ; output ; 2.5 V        ;         ; Column I/O ; N               ; no       ; Off          ;
; R13      ; 107        ; 4        ; magnitude[19]                                             ; output ; 2.5 V        ;         ; Column I/O ; N               ; no       ; Off          ;
; R14      ; 120        ; 4        ; magnitude[21]                                             ; output ; 2.5 V        ;         ; Column I/O ; N               ; no       ; Off          ;
; R15      ;            ;          ; GND                                                       ; gnd    ;              ;         ; --         ;                 ; --       ; --           ;
; R16      ; 129        ; 5        ; magnitude[5]                                              ; output ; 2.5 V        ;         ; Row I/O    ; N               ; no       ; Off          ;
; T1       ;            ; 3        ; VCCIO3                                                    ; power  ;              ; 2.5V    ; --         ;                 ; --       ; --           ;
; T2       ; 59         ; 3        ; N_sample_out[24]                                          ; output ; 2.5 V        ;         ; Column I/O ; N               ; no       ; Off          ;
; T3       ; 55         ; 3        ; RESERVED_INPUT_WITH_WEAK_PULLUP                           ;        ;              ;         ; Column I/O ;                 ; no       ; On           ;
; T4       ; 61         ; 3        ; N_sample_out[29]                                          ; output ; 2.5 V        ;         ; Column I/O ; N               ; no       ; Off          ;
; T5       ; 72         ; 3        ; afe_data[6]                                               ; output ; 2.5 V        ;         ; Column I/O ; N               ; no       ; Off          ;
; T6       ; 74         ; 3        ; N_sample_out[3]                                           ; output ; 2.5 V        ;         ; Column I/O ; N               ; no       ; Off          ;
; T7       ; 77         ; 3        ; magnitude[14]                                             ; output ; 2.5 V        ;         ; Column I/O ; N               ; no       ; Off          ;
; T8       ; 87         ; 3        ; GND+                                                      ;        ;              ;         ; Column I/O ;                 ; --       ; --           ;
; T9       ; 89         ; 4        ; GND+                                                      ;        ;              ;         ; Column I/O ;                 ; --       ; --           ;
; T10      ; 97         ; 4        ; magnitude[25]                                             ; output ; 2.5 V        ;         ; Column I/O ; N               ; no       ; Off          ;
; T11      ; 99         ; 4        ; magnitude[22]                                             ; output ; 2.5 V        ;         ; Column I/O ; N               ; no       ; Off          ;
; T12      ; 101        ; 4        ; magnitude[23]                                             ; output ; 2.5 V        ;         ; Column I/O ; N               ; no       ; Off          ;
; T13      ; 108        ; 4        ; magnitude[26]                                             ; output ; 2.5 V        ;         ; Column I/O ; N               ; no       ; Off          ;
; T14      ; 115        ; 4        ; magnitude[8]                                              ; output ; 2.5 V        ;         ; Column I/O ; N               ; no       ; Off          ;
; T15      ; 116        ; 4        ; magnitude[10]                                             ; output ; 2.5 V        ;         ; Column I/O ; N               ; no       ; Off          ;
; T16      ;            ; 4        ; VCCIO4                                                    ; power  ;              ; 2.5V    ; --         ;                 ; --       ; --           ;
+----------+------------+----------+-----------------------------------------------------------+--------+--------------+---------+------------+-----------------+----------+--------------+
Note: Pin directions (input, output or bidir) are based on device operating in user mode.


+-----------------------------------------------------------------------------------------------------------------------------+
; PLL Summary                                                                                                                 ;
+-------------------------------+---------------------------------------------------------------------------------------------+
; Name                          ; phase_locked_loop:p_ll|altpll:altpll_component|phase_locked_loop_altpll:auto_generated|pll1 ;
+-------------------------------+---------------------------------------------------------------------------------------------+
; SDC pin name                  ; p_ll|altpll_component|auto_generated|pll1                                                   ;
; PLL mode                      ; Normal                                                                                      ;
; Compensate clock              ; clock0                                                                                      ;
; Compensated input/output pins ; --                                                                                          ;
; Switchover type               ; --                                                                                          ;
; Input frequency 0             ; 50.0 MHz                                                                                    ;
; Input frequency 1             ; --                                                                                          ;
; Nominal PFD frequency         ; 50.0 MHz                                                                                    ;
; Nominal VCO frequency         ; 400.0 MHz                                                                                   ;
; VCO post scale K counter      ; 2                                                                                           ;
; VCO frequency control         ; Auto                                                                                        ;
; VCO phase shift step          ; 312 ps                                                                                      ;
; VCO multiply                  ; --                                                                                          ;
; VCO divide                    ; --                                                                                          ;
; Freq min lock                 ; 37.5 MHz                                                                                    ;
; Freq max lock                 ; 81.27 MHz                                                                                   ;
; M VCO Tap                     ; 0                                                                                           ;
; M Initial                     ; 1                                                                                           ;
; M value                       ; 8                                                                                           ;
; N value                       ; 1                                                                                           ;
; Charge pump current           ; setting 1                                                                                   ;
; Loop filter resistance        ; setting 27                                                                                  ;
; Loop filter capacitance       ; setting 0                                                                                   ;
; Bandwidth                     ; 1.03 MHz to 1.97 MHz                                                                        ;
; Bandwidth type                ; Medium                                                                                      ;
; Real time reconfigurable      ; Off                                                                                         ;
; Scan chain MIF file           ; --                                                                                          ;
; Preserve PLL counter order    ; Off                                                                                         ;
; PLL location                  ; PLL_4                                                                                       ;
; Inclk0 signal                 ; clk                                                                                         ;
; Inclk1 signal                 ; --                                                                                          ;
; Inclk0 signal type            ; Dedicated Pin                                                                               ;
; Inclk1 signal type            ; --                                                                                          ;
+-------------------------------+---------------------------------------------------------------------------------------------+


+------------------------------------------------------------------------------------------------------------------------------------------------------------------------------------------------------------------------------------------------------------------------------------------------------------------------------------+
; PLL Usage                                                                                                                                                                                                                                                                                                                          ;
+---------------------------------------------------------------------------------------------------------+--------------+------+-----+------------------+-------------+------------------+------------+---------+---------------+------------+---------------+---------+---------+--------------------------------------------------+
; Name                                                                                                    ; Output Clock ; Mult ; Div ; Output Frequency ; Phase Shift ; Phase Shift Step ; Duty Cycle ; Counter ; Counter Value ; High / Low ; Cascade Input ; Initial ; VCO Tap ; SDC Pin Name                                     ;
+---------------------------------------------------------------------------------------------------------+--------------+------+-----+------------------+-------------+------------------+------------+---------+---------------+------------+---------------+---------+---------+--------------------------------------------------+
; phase_locked_loop:p_ll|altpll:altpll_component|phase_locked_loop_altpll:auto_generated|wire_pll1_clk[0] ; clock0       ; 8    ; 125 ; 3.2 MHz          ; 0 (0 ps)    ; 0.36 (312 ps)    ; 50/50      ; C0      ; 125           ; 63/62 Odd  ; --            ; 1       ; 0       ; p_ll|altpll_component|auto_generated|pll1|clk[0] ;
+---------------------------------------------------------------------------------------------------------+--------------+------+-----+------------------+-------------+------------------+------------+---------+---------------+------------+---------------+---------+---------+--------------------------------------------------+


+------------------------------------------------------------------------------------------------------------------------------------------------------------------------------------------------------------------------------------------------------------------------------------------------------------------------------------------------------------------+
; Fitter Resource Utilization by Entity                                                                                                                                                                                                                                                                                                                            ;
+----------------------------------------------------+-------------+---------------------------+---------------+-------------+------+--------------+---------+-----------+------+--------------+--------------+-------------------+------------------+----------------------------------------------------------------------------------------------+--------------+
; Compilation Hierarchy Node                         ; Logic Cells ; Dedicated Logic Registers ; I/O Registers ; Memory Bits ; M9Ks ; DSP Elements ; DSP 9x9 ; DSP 18x18 ; Pins ; Virtual Pins ; LUT-Only LCs ; Register-Only LCs ; LUT/Register LCs ; Full Hierarchy Name                                                                          ; Library Name ;
+----------------------------------------------------+-------------+---------------------------+---------------+-------------+------+--------------+---------+-----------+------+--------------+--------------+-------------------+------------------+----------------------------------------------------------------------------------------------+--------------+
; |DLIA                                              ; 4745 (0)    ; 3087 (0)                  ; 0 (0)         ; 12288       ; 2    ; 4            ; 0       ; 2         ; 116  ; 0            ; 1658 (0)     ; 119 (0)           ; 2968 (0)         ; |DLIA                                                                                        ; work         ;
;    |cordic_top:CORDIC|                             ; 4187 (0)    ; 2732 (0)                  ; 0 (0)         ; 0           ; 0    ; 0            ; 0       ; 0         ; 0    ; 0            ; 1396 (0)     ; 45 (0)            ; 2746 (0)         ; |DLIA|cordic_top:CORDIC                                                                      ; work         ;
;       |cordic_stage:pipeline_gen[0].stage_inst|    ; 128 (128)   ; 67 (67)                   ; 0 (0)         ; 0           ; 0    ; 0            ; 0       ; 0         ; 0    ; 0            ; 61 (61)      ; 3 (3)             ; 64 (64)          ; |DLIA|cordic_top:CORDIC|cordic_stage:pipeline_gen[0].stage_inst                              ; work         ;
;       |cordic_stage:pipeline_gen[10].stage_inst|   ; 139 (139)   ; 96 (96)                   ; 0 (0)         ; 0           ; 0    ; 0            ; 0       ; 0         ; 0    ; 0            ; 43 (43)      ; 2 (2)             ; 94 (94)          ; |DLIA|cordic_top:CORDIC|cordic_stage:pipeline_gen[10].stage_inst                             ; work         ;
;       |cordic_stage:pipeline_gen[11].stage_inst|   ; 137 (137)   ; 96 (96)                   ; 0 (0)         ; 0           ; 0    ; 0            ; 0       ; 0         ; 0    ; 0            ; 41 (41)      ; 1 (1)             ; 95 (95)          ; |DLIA|cordic_top:CORDIC|cordic_stage:pipeline_gen[11].stage_inst                             ; work         ;
;       |cordic_stage:pipeline_gen[12].stage_inst|   ; 166 (166)   ; 96 (96)                   ; 0 (0)         ; 0           ; 0    ; 0            ; 0       ; 0         ; 0    ; 0            ; 70 (70)      ; 1 (1)             ; 95 (95)          ; |DLIA|cordic_top:CORDIC|cordic_stage:pipeline_gen[12].stage_inst                             ; work         ;
;       |cordic_stage:pipeline_gen[13].stage_inst|   ; 162 (162)   ; 96 (96)                   ; 0 (0)         ; 0           ; 0    ; 0            ; 0       ; 0         ; 0    ; 0            ; 66 (66)      ; 1 (1)             ; 95 (95)          ; |DLIA|cordic_top:CORDIC|cordic_stage:pipeline_gen[13].stage_inst                             ; work         ;
;       |cordic_stage:pipeline_gen[14].stage_inst|   ; 131 (131)   ; 96 (96)                   ; 0 (0)         ; 0           ; 0    ; 0            ; 0       ; 0         ; 0    ; 0            ; 35 (35)      ; 2 (2)             ; 94 (94)          ; |DLIA|cordic_top:CORDIC|cordic_stage:pipeline_gen[14].stage_inst                             ; work         ;
;       |cordic_stage:pipeline_gen[15].stage_inst|   ; 129 (129)   ; 96 (96)                   ; 0 (0)         ; 0           ; 0    ; 0            ; 0       ; 0         ; 0    ; 0            ; 33 (33)      ; 1 (1)             ; 95 (95)          ; |DLIA|cordic_top:CORDIC|cordic_stage:pipeline_gen[15].stage_inst                             ; work         ;
;       |cordic_stage:pipeline_gen[16].stage_inst|   ; 154 (154)   ; 96 (96)                   ; 0 (0)         ; 0           ; 0    ; 0            ; 0       ; 0         ; 0    ; 0            ; 58 (58)      ; 1 (1)             ; 95 (95)          ; |DLIA|cordic_top:CORDIC|cordic_stage:pipeline_gen[16].stage_inst                             ; work         ;
;       |cordic_stage:pipeline_gen[17].stage_inst|   ; 125 (125)   ; 96 (96)                   ; 0 (0)         ; 0           ; 0    ; 0            ; 0       ; 0         ; 0    ; 0            ; 29 (29)      ; 4 (4)             ; 92 (92)          ; |DLIA|cordic_top:CORDIC|cordic_stage:pipeline_gen[17].stage_inst                             ; work         ;
;       |cordic_stage:pipeline_gen[18].stage_inst|   ; 123 (123)   ; 96 (96)                   ; 0 (0)         ; 0           ; 0    ; 0            ; 0       ; 0         ; 0    ; 0            ; 27 (27)      ; 3 (3)             ; 93 (93)          ; |DLIA|cordic_top:CORDIC|cordic_stage:pipeline_gen[18].stage_inst                             ; work         ;
;       |cordic_stage:pipeline_gen[19].stage_inst|   ; 121 (121)   ; 96 (96)                   ; 0 (0)         ; 0           ; 0    ; 0            ; 0       ; 0         ; 0    ; 0            ; 25 (25)      ; 2 (2)             ; 94 (94)          ; |DLIA|cordic_top:CORDIC|cordic_stage:pipeline_gen[19].stage_inst                             ; work         ;
;       |cordic_stage:pipeline_gen[1].stage_inst|    ; 132 (132)   ; 71 (71)                   ; 0 (0)         ; 0           ; 0    ; 0            ; 0       ; 0         ; 0    ; 0            ; 61 (61)      ; 2 (2)             ; 69 (69)          ; |DLIA|cordic_top:CORDIC|cordic_stage:pipeline_gen[1].stage_inst                              ; work         ;
;       |cordic_stage:pipeline_gen[20].stage_inst|   ; 120 (120)   ; 96 (96)                   ; 0 (0)         ; 0           ; 0    ; 0            ; 0       ; 0         ; 0    ; 0            ; 24 (24)      ; 1 (1)             ; 95 (95)          ; |DLIA|cordic_top:CORDIC|cordic_stage:pipeline_gen[20].stage_inst                             ; work         ;
;       |cordic_stage:pipeline_gen[21].stage_inst|   ; 147 (147)   ; 96 (96)                   ; 0 (0)         ; 0           ; 0    ; 0            ; 0       ; 0         ; 0    ; 0            ; 51 (51)      ; 1 (1)             ; 95 (95)          ; |DLIA|cordic_top:CORDIC|cordic_stage:pipeline_gen[21].stage_inst                             ; work         ;
;       |cordic_stage:pipeline_gen[22].stage_inst|   ; 144 (144)   ; 96 (96)                   ; 0 (0)         ; 0           ; 0    ; 0            ; 0       ; 0         ; 0    ; 0            ; 48 (48)      ; 1 (1)             ; 95 (95)          ; |DLIA|cordic_top:CORDIC|cordic_stage:pipeline_gen[22].stage_inst                             ; work         ;
;       |cordic_stage:pipeline_gen[23].stage_inst|   ; 142 (142)   ; 96 (96)                   ; 0 (0)         ; 0           ; 0    ; 0            ; 0       ; 0         ; 0    ; 0            ; 46 (46)      ; 1 (1)             ; 95 (95)          ; |DLIA|cordic_top:CORDIC|cordic_stage:pipeline_gen[23].stage_inst                             ; work         ;
;       |cordic_stage:pipeline_gen[24].stage_inst|   ; 111 (111)   ; 96 (96)                   ; 0 (0)         ; 0           ; 0    ; 0            ; 0       ; 0         ; 0    ; 0            ; 15 (15)      ; 2 (2)             ; 94 (94)          ; |DLIA|cordic_top:CORDIC|cordic_stage:pipeline_gen[24].stage_inst                             ; work         ;
;       |cordic_stage:pipeline_gen[25].stage_inst|   ; 109 (109)   ; 96 (96)                   ; 0 (0)         ; 0           ; 0    ; 0            ; 0       ; 0         ; 0    ; 0            ; 13 (13)      ; 1 (1)             ; 95 (95)          ; |DLIA|cordic_top:CORDIC|cordic_stage:pipeline_gen[25].stage_inst                             ; work         ;
;       |cordic_stage:pipeline_gen[26].stage_inst|   ; 138 (138)   ; 96 (96)                   ; 0 (0)         ; 0           ; 0    ; 0            ; 0       ; 0         ; 0    ; 0            ; 42 (42)      ; 1 (1)             ; 95 (95)          ; |DLIA|cordic_top:CORDIC|cordic_stage:pipeline_gen[26].stage_inst                             ; work         ;
;       |cordic_stage:pipeline_gen[27].stage_inst|   ; 135 (135)   ; 67 (67)                   ; 0 (0)         ; 0           ; 0    ; 0            ; 0       ; 0         ; 0    ; 0            ; 68 (68)      ; 1 (1)             ; 66 (66)          ; |DLIA|cordic_top:CORDIC|cordic_stage:pipeline_gen[27].stage_inst                             ; work         ;
;       |cordic_stage:pipeline_gen[28].stage_inst|   ; 66 (66)     ; 63 (63)                   ; 0 (0)         ; 0           ; 0    ; 0            ; 0       ; 0         ; 0    ; 0            ; 3 (3)        ; 0 (0)             ; 63 (63)          ; |DLIA|cordic_top:CORDIC|cordic_stage:pipeline_gen[28].stage_inst                             ; work         ;
;       |cordic_stage:pipeline_gen[2].stage_inst|    ; 155 (155)   ; 96 (96)                   ; 0 (0)         ; 0           ; 0    ; 0            ; 0       ; 0         ; 0    ; 0            ; 59 (59)      ; 2 (2)             ; 94 (94)          ; |DLIA|cordic_top:CORDIC|cordic_stage:pipeline_gen[2].stage_inst                              ; work         ;
;       |cordic_stage:pipeline_gen[3].stage_inst|    ; 184 (184)   ; 96 (96)                   ; 0 (0)         ; 0           ; 0    ; 0            ; 0       ; 0         ; 0    ; 0            ; 88 (88)      ; 1 (1)             ; 95 (95)          ; |DLIA|cordic_top:CORDIC|cordic_stage:pipeline_gen[3].stage_inst                              ; work         ;
;       |cordic_stage:pipeline_gen[4].stage_inst|    ; 178 (178)   ; 96 (96)                   ; 0 (0)         ; 0           ; 0    ; 0            ; 0       ; 0         ; 0    ; 0            ; 82 (82)      ; 1 (1)             ; 95 (95)          ; |DLIA|cordic_top:CORDIC|cordic_stage:pipeline_gen[4].stage_inst                              ; work         ;
;       |cordic_stage:pipeline_gen[5].stage_inst|    ; 149 (149)   ; 96 (96)                   ; 0 (0)         ; 0           ; 0    ; 0            ; 0       ; 0         ; 0    ; 0            ; 53 (53)      ; 1 (1)             ; 95 (95)          ; |DLIA|cordic_top:CORDIC|cordic_stage:pipeline_gen[5].stage_inst                              ; work         ;
;       |cordic_stage:pipeline_gen[6].stage_inst|    ; 178 (178)   ; 96 (96)                   ; 0 (0)         ; 0           ; 0    ; 0            ; 0       ; 0         ; 0    ; 0            ; 82 (82)      ; 1 (1)             ; 95 (95)          ; |DLIA|cordic_top:CORDIC|cordic_stage:pipeline_gen[6].stage_inst                              ; work         ;
;       |cordic_stage:pipeline_gen[7].stage_inst|    ; 175 (175)   ; 96 (96)                   ; 0 (0)         ; 0           ; 0    ; 0            ; 0       ; 0         ; 0    ; 0            ; 79 (79)      ; 1 (1)             ; 95 (95)          ; |DLIA|cordic_top:CORDIC|cordic_stage:pipeline_gen[7].stage_inst                              ; work         ;
;       |cordic_stage:pipeline_gen[8].stage_inst|    ; 143 (143)   ; 96 (96)                   ; 0 (0)         ; 0           ; 0    ; 0            ; 0       ; 0         ; 0    ; 0            ; 47 (47)      ; 1 (1)             ; 95 (95)          ; |DLIA|cordic_top:CORDIC|cordic_stage:pipeline_gen[8].stage_inst                              ; work         ;
;       |cordic_stage:pipeline_gen[9].stage_inst|    ; 141 (141)   ; 96 (96)                   ; 0 (0)         ; 0           ; 0    ; 0            ; 0       ; 0         ; 0    ; 0            ; 45 (45)      ; 3 (3)             ; 93 (93)          ; |DLIA|cordic_top:CORDIC|cordic_stage:pipeline_gen[9].stage_inst                              ; work         ;
;       |cordic_stage:stage1|                        ; 125 (66)    ; 64 (64)                   ; 0 (0)         ; 0           ; 0    ; 0            ; 0       ; 0         ; 0    ; 0            ; 2 (2)        ; 2 (2)             ; 121 (62)         ; |DLIA|cordic_top:CORDIC|cordic_stage:stage1                                                  ; work         ;
;          |lpm_add_sub:Add0|                        ; 59 (0)      ; 0 (0)                     ; 0 (0)         ; 0           ; 0    ; 0            ; 0       ; 0         ; 0    ; 0            ; 0 (0)        ; 0 (0)             ; 59 (0)           ; |DLIA|cordic_top:CORDIC|cordic_stage:stage1|lpm_add_sub:Add0                                 ; work         ;
;             |add_sub_ovi:auto_generated|           ; 59 (59)     ; 0 (0)                     ; 0 (0)         ; 0           ; 0    ; 0            ; 0       ; 0         ; 0    ; 0            ; 0 (0)        ; 0 (0)             ; 59 (59)          ; |DLIA|cordic_top:CORDIC|cordic_stage:stage1|lpm_add_sub:Add0|add_sub_ovi:auto_generated      ; work         ;
;    |data_delay_block:delay|                        ; 13 (13)     ; 13 (13)                   ; 0 (0)         ; 0           ; 0    ; 0            ; 0       ; 0         ; 0    ; 0            ; 0 (0)        ; 13 (13)           ; 0 (0)            ; |DLIA|data_delay_block:delay                                                                 ; work         ;
;    |frequency_tracker_sync:comb_3|                 ; 303 (303)   ; 56 (56)                   ; 0 (0)         ; 0           ; 0    ; 0            ; 0       ; 0         ; 0    ; 0            ; 246 (246)    ; 1 (1)             ; 56 (56)          ; |DLIA|frequency_tracker_sync:comb_3                                                          ; work         ;
;    |integrate_and_dump:cosine_filter|              ; 71 (71)     ; 71 (71)                   ; 0 (0)         ; 0           ; 0    ; 0            ; 0       ; 0         ; 0    ; 0            ; 0 (0)        ; 1 (1)             ; 70 (70)          ; |DLIA|integrate_and_dump:cosine_filter                                                       ; work         ;
;    |integrate_and_dump:sine_filter|                ; 135 (135)   ; 134 (134)                 ; 0 (0)         ; 0           ; 0    ; 0            ; 0       ; 0         ; 0    ; 0            ; 0 (0)        ; 32 (32)           ; 103 (103)        ; |DLIA|integrate_and_dump:sine_filter                                                         ; work         ;
;    |lut_sincos:dds|                                ; 34 (34)     ; 32 (32)                   ; 0 (0)         ; 12288       ; 2    ; 0            ; 0       ; 0         ; 0    ; 0            ; 2 (2)        ; 0 (0)             ; 32 (32)          ; |DLIA|lut_sincos:dds                                                                         ; work         ;
;       |altsyncram:sine_lut_rtl_0|                  ; 0 (0)       ; 0 (0)                     ; 0 (0)         ; 12288       ; 2    ; 0            ; 0       ; 0         ; 0    ; 0            ; 0 (0)        ; 0 (0)             ; 0 (0)            ; |DLIA|lut_sincos:dds|altsyncram:sine_lut_rtl_0                                               ; work         ;
;          |altsyncram_1sq1:auto_generated|          ; 0 (0)       ; 0 (0)                     ; 0 (0)         ; 12288       ; 2    ; 0            ; 0       ; 0         ; 0    ; 0            ; 0 (0)        ; 0 (0)             ; 0 (0)            ; |DLIA|lut_sincos:dds|altsyncram:sine_lut_rtl_0|altsyncram_1sq1:auto_generated                ; work         ;
;    |multiplier:cosine_mix|                         ; 1 (1)       ; 1 (1)                     ; 0 (0)         ; 0           ; 0    ; 2            ; 0       ; 1         ; 0    ; 0            ; 0 (0)        ; 0 (0)             ; 1 (1)            ; |DLIA|multiplier:cosine_mix                                                                  ; work         ;
;       |lpm_mult:Mult0|                             ; 0 (0)       ; 0 (0)                     ; 0 (0)         ; 0           ; 0    ; 2            ; 0       ; 1         ; 0    ; 0            ; 0 (0)        ; 0 (0)             ; 0 (0)            ; |DLIA|multiplier:cosine_mix|lpm_mult:Mult0                                                   ; work         ;
;          |mult_t5t:auto_generated|                 ; 0 (0)       ; 0 (0)                     ; 0 (0)         ; 0           ; 0    ; 2            ; 0       ; 1         ; 0    ; 0            ; 0 (0)        ; 0 (0)             ; 0 (0)            ; |DLIA|multiplier:cosine_mix|lpm_mult:Mult0|mult_t5t:auto_generated                           ; work         ;
;    |multiplier:sine_mix|                           ; 0 (0)       ; 0 (0)                     ; 0 (0)         ; 0           ; 0    ; 2            ; 0       ; 1         ; 0    ; 0            ; 0 (0)        ; 0 (0)             ; 0 (0)            ; |DLIA|multiplier:sine_mix                                                                    ; work         ;
;       |lpm_mult:Mult0|                             ; 0 (0)       ; 0 (0)                     ; 0 (0)         ; 0           ; 0    ; 2            ; 0       ; 1         ; 0    ; 0            ; 0 (0)        ; 0 (0)             ; 0 (0)            ; |DLIA|multiplier:sine_mix|lpm_mult:Mult0                                                     ; work         ;
;          |mult_t5t:auto_generated|                 ; 0 (0)       ; 0 (0)                     ; 0 (0)         ; 0           ; 0    ; 2            ; 0       ; 1         ; 0    ; 0            ; 0 (0)        ; 0 (0)             ; 0 (0)            ; |DLIA|multiplier:sine_mix|lpm_mult:Mult0|mult_t5t:auto_generated                             ; work         ;
;    |phase_locked_loop:p_ll|                        ; 0 (0)       ; 0 (0)                     ; 0 (0)         ; 0           ; 0    ; 0            ; 0       ; 0         ; 0    ; 0            ; 0 (0)        ; 0 (0)             ; 0 (0)            ; |DLIA|phase_locked_loop:p_ll                                                                 ; work         ;
;       |altpll:altpll_component|                    ; 0 (0)       ; 0 (0)                     ; 0 (0)         ; 0           ; 0    ; 0            ; 0       ; 0         ; 0    ; 0            ; 0 (0)        ; 0 (0)             ; 0 (0)            ; |DLIA|phase_locked_loop:p_ll|altpll:altpll_component                                         ; work         ;
;          |phase_locked_loop_altpll:auto_generated| ; 0 (0)       ; 0 (0)                     ; 0 (0)         ; 0           ; 0    ; 0            ; 0       ; 0         ; 0    ; 0            ; 0 (0)        ; 0 (0)             ; 0 (0)            ; |DLIA|phase_locked_loop:p_ll|altpll:altpll_component|phase_locked_loop_altpll:auto_generated ; work         ;
;    |spi_interface:afe|                             ; 62 (62)     ; 48 (48)                   ; 0 (0)         ; 0           ; 0    ; 0            ; 0       ; 0         ; 0    ; 0            ; 14 (14)      ; 27 (27)           ; 21 (21)          ; |DLIA|spi_interface:afe                                                                      ; work         ;
+----------------------------------------------------+-------------+---------------------------+---------------+-------------+------+--------------+---------+-----------+------+--------------+--------------+-------------------+------------------+----------------------------------------------------------------------------------------------+--------------+
Note: For table entries with two numbers listed, the numbers in parentheses indicate the number of resources of the given type used by the specific entity alone. The numbers listed outside of parentheses indicate the total resources of the given type used by the specific entity and all of its sub-entities in the hierarchy.


+--------------------------------------------------------------------------------------------------+
; Delay Chain Summary                                                                              ;
+------------------+----------+---------------+---------------+-----------------------+-----+------+
; Name             ; Pin Type ; Pad to Core 0 ; Pad to Core 1 ; Pad to Input Register ; TCO ; TCOE ;
+------------------+----------+---------------+---------------+-----------------------+-----+------+
; rst_n            ; Input    ; --            ; --            ; --                    ; --  ; --   ;
; sclk             ; Output   ; --            ; --            ; --                    ; --  ; --   ;
; din              ; Output   ; --            ; --            ; --                    ; --  ; --   ;
; cs               ; Output   ; --            ; --            ; --                    ; --  ; --   ;
; clock_out        ; Output   ; --            ; --            ; --                    ; --  ; --   ;
; afe_data[0]      ; Output   ; --            ; --            ; --                    ; --  ; --   ;
; afe_data[1]      ; Output   ; --            ; --            ; --                    ; --  ; --   ;
; afe_data[2]      ; Output   ; --            ; --            ; --                    ; --  ; --   ;
; afe_data[3]      ; Output   ; --            ; --            ; --                    ; --  ; --   ;
; afe_data[4]      ; Output   ; --            ; --            ; --                    ; --  ; --   ;
; afe_data[5]      ; Output   ; --            ; --            ; --                    ; --  ; --   ;
; afe_data[6]      ; Output   ; --            ; --            ; --                    ; --  ; --   ;
; afe_data[7]      ; Output   ; --            ; --            ; --                    ; --  ; --   ;
; afe_data[8]      ; Output   ; --            ; --            ; --                    ; --  ; --   ;
; afe_data[9]      ; Output   ; --            ; --            ; --                    ; --  ; --   ;
; afe_data[10]     ; Output   ; --            ; --            ; --                    ; --  ; --   ;
; afe_data[11]     ; Output   ; --            ; --            ; --                    ; --  ; --   ;
; N_sample_out[0]  ; Output   ; --            ; --            ; --                    ; --  ; --   ;
; N_sample_out[1]  ; Output   ; --            ; --            ; --                    ; --  ; --   ;
; N_sample_out[2]  ; Output   ; --            ; --            ; --                    ; --  ; --   ;
; N_sample_out[3]  ; Output   ; --            ; --            ; --                    ; --  ; --   ;
; N_sample_out[4]  ; Output   ; --            ; --            ; --                    ; --  ; --   ;
; N_sample_out[5]  ; Output   ; --            ; --            ; --                    ; --  ; --   ;
; N_sample_out[6]  ; Output   ; --            ; --            ; --                    ; --  ; --   ;
; N_sample_out[7]  ; Output   ; --            ; --            ; --                    ; --  ; --   ;
; N_sample_out[8]  ; Output   ; --            ; --            ; --                    ; --  ; --   ;
; N_sample_out[9]  ; Output   ; --            ; --            ; --                    ; --  ; --   ;
; N_sample_out[10] ; Output   ; --            ; --            ; --                    ; --  ; --   ;
; N_sample_out[11] ; Output   ; --            ; --            ; --                    ; --  ; --   ;
; N_sample_out[12] ; Output   ; --            ; --            ; --                    ; --  ; --   ;
; N_sample_out[13] ; Output   ; --            ; --            ; --                    ; --  ; --   ;
; N_sample_out[14] ; Output   ; --            ; --            ; --                    ; --  ; --   ;
; N_sample_out[15] ; Output   ; --            ; --            ; --                    ; --  ; --   ;
; N_sample_out[16] ; Output   ; --            ; --            ; --                    ; --  ; --   ;
; N_sample_out[17] ; Output   ; --            ; --            ; --                    ; --  ; --   ;
; N_sample_out[18] ; Output   ; --            ; --            ; --                    ; --  ; --   ;
; N_sample_out[19] ; Output   ; --            ; --            ; --                    ; --  ; --   ;
; N_sample_out[20] ; Output   ; --            ; --            ; --                    ; --  ; --   ;
; N_sample_out[21] ; Output   ; --            ; --            ; --                    ; --  ; --   ;
; N_sample_out[22] ; Output   ; --            ; --            ; --                    ; --  ; --   ;
; N_sample_out[23] ; Output   ; --            ; --            ; --                    ; --  ; --   ;
; N_sample_out[24] ; Output   ; --            ; --            ; --                    ; --  ; --   ;
; N_sample_out[25] ; Output   ; --            ; --            ; --                    ; --  ; --   ;
; N_sample_out[26] ; Output   ; --            ; --            ; --                    ; --  ; --   ;
; N_sample_out[27] ; Output   ; --            ; --            ; --                    ; --  ; --   ;
; N_sample_out[28] ; Output   ; --            ; --            ; --                    ; --  ; --   ;
; N_sample_out[29] ; Output   ; --            ; --            ; --                    ; --  ; --   ;
; N_sample_out[30] ; Output   ; --            ; --            ; --                    ; --  ; --   ;
; N_sample_out[31] ; Output   ; --            ; --            ; --                    ; --  ; --   ;
; phase[0]         ; Output   ; --            ; --            ; --                    ; --  ; --   ;
; phase[1]         ; Output   ; --            ; --            ; --                    ; --  ; --   ;
; phase[2]         ; Output   ; --            ; --            ; --                    ; --  ; --   ;
; phase[3]         ; Output   ; --            ; --            ; --                    ; --  ; --   ;
; phase[4]         ; Output   ; --            ; --            ; --                    ; --  ; --   ;
; phase[5]         ; Output   ; --            ; --            ; --                    ; --  ; --   ;
; phase[6]         ; Output   ; --            ; --            ; --                    ; --  ; --   ;
; phase[7]         ; Output   ; --            ; --            ; --                    ; --  ; --   ;
; phase[8]         ; Output   ; --            ; --            ; --                    ; --  ; --   ;
; phase[9]         ; Output   ; --            ; --            ; --                    ; --  ; --   ;
; phase[10]        ; Output   ; --            ; --            ; --                    ; --  ; --   ;
; phase[11]        ; Output   ; --            ; --            ; --                    ; --  ; --   ;
; phase[12]        ; Output   ; --            ; --            ; --                    ; --  ; --   ;
; phase[13]        ; Output   ; --            ; --            ; --                    ; --  ; --   ;
; phase[14]        ; Output   ; --            ; --            ; --                    ; --  ; --   ;
; phase[15]        ; Output   ; --            ; --            ; --                    ; --  ; --   ;
; phase[16]        ; Output   ; --            ; --            ; --                    ; --  ; --   ;
; phase[17]        ; Output   ; --            ; --            ; --                    ; --  ; --   ;
; phase[18]        ; Output   ; --            ; --            ; --                    ; --  ; --   ;
; phase[19]        ; Output   ; --            ; --            ; --                    ; --  ; --   ;
; phase[20]        ; Output   ; --            ; --            ; --                    ; --  ; --   ;
; phase[21]        ; Output   ; --            ; --            ; --                    ; --  ; --   ;
; phase[22]        ; Output   ; --            ; --            ; --                    ; --  ; --   ;
; phase[23]        ; Output   ; --            ; --            ; --                    ; --  ; --   ;
; phase[24]        ; Output   ; --            ; --            ; --                    ; --  ; --   ;
; phase[25]        ; Output   ; --            ; --            ; --                    ; --  ; --   ;
; phase[26]        ; Output   ; --            ; --            ; --                    ; --  ; --   ;
; phase[27]        ; Output   ; --            ; --            ; --                    ; --  ; --   ;
; phase[28]        ; Output   ; --            ; --            ; --                    ; --  ; --   ;
; phase[29]        ; Output   ; --            ; --            ; --                    ; --  ; --   ;
; phase[30]        ; Output   ; --            ; --            ; --                    ; --  ; --   ;
; phase[31]        ; Output   ; --            ; --            ; --                    ; --  ; --   ;
; magnitude[0]     ; Output   ; --            ; --            ; --                    ; --  ; --   ;
; magnitude[1]     ; Output   ; --            ; --            ; --                    ; --  ; --   ;
; magnitude[2]     ; Output   ; --            ; --            ; --                    ; --  ; --   ;
; magnitude[3]     ; Output   ; --            ; --            ; --                    ; --  ; --   ;
; magnitude[4]     ; Output   ; --            ; --            ; --                    ; --  ; --   ;
; magnitude[5]     ; Output   ; --            ; --            ; --                    ; --  ; --   ;
; magnitude[6]     ; Output   ; --            ; --            ; --                    ; --  ; --   ;
; magnitude[7]     ; Output   ; --            ; --            ; --                    ; --  ; --   ;
; magnitude[8]     ; Output   ; --            ; --            ; --                    ; --  ; --   ;
; magnitude[9]     ; Output   ; --            ; --            ; --                    ; --  ; --   ;
; magnitude[10]    ; Output   ; --            ; --            ; --                    ; --  ; --   ;
; magnitude[11]    ; Output   ; --            ; --            ; --                    ; --  ; --   ;
; magnitude[12]    ; Output   ; --            ; --            ; --                    ; --  ; --   ;
; magnitude[13]    ; Output   ; --            ; --            ; --                    ; --  ; --   ;
; magnitude[14]    ; Output   ; --            ; --            ; --                    ; --  ; --   ;
; magnitude[15]    ; Output   ; --            ; --            ; --                    ; --  ; --   ;
; magnitude[16]    ; Output   ; --            ; --            ; --                    ; --  ; --   ;
; magnitude[17]    ; Output   ; --            ; --            ; --                    ; --  ; --   ;
; magnitude[18]    ; Output   ; --            ; --            ; --                    ; --  ; --   ;
; magnitude[19]    ; Output   ; --            ; --            ; --                    ; --  ; --   ;
; magnitude[20]    ; Output   ; --            ; --            ; --                    ; --  ; --   ;
; magnitude[21]    ; Output   ; --            ; --            ; --                    ; --  ; --   ;
; magnitude[22]    ; Output   ; --            ; --            ; --                    ; --  ; --   ;
; magnitude[23]    ; Output   ; --            ; --            ; --                    ; --  ; --   ;
; magnitude[24]    ; Output   ; --            ; --            ; --                    ; --  ; --   ;
; magnitude[25]    ; Output   ; --            ; --            ; --                    ; --  ; --   ;
; magnitude[26]    ; Output   ; --            ; --            ; --                    ; --  ; --   ;
; magnitude[27]    ; Output   ; --            ; --            ; --                    ; --  ; --   ;
; magnitude[28]    ; Output   ; --            ; --            ; --                    ; --  ; --   ;
; magnitude[29]    ; Output   ; --            ; --            ; --                    ; --  ; --   ;
; magnitude[30]    ; Output   ; --            ; --            ; --                    ; --  ; --   ;
; magnitude[31]    ; Output   ; --            ; --            ; --                    ; --  ; --   ;
; clk              ; Input    ; (0) 0 ps      ; --            ; --                    ; --  ; --   ;
; dout             ; Input    ; (0) 0 ps      ; --            ; --                    ; --  ; --   ;
; ttl_in           ; Input    ; --            ; (6) 1314 ps   ; --                    ; --  ; --   ;
+------------------+----------+---------------+---------------+-----------------------+-----+------+


+----------------------------------------------------------------------------------+
; Pad To Core Delay Chain Fanout                                                   ;
+----------------------------------------------------+-------------------+---------+
; Source Pin / Fanout                                ; Pad To Core Index ; Setting ;
+----------------------------------------------------+-------------------+---------+
; rst_n                                              ;                   ;         ;
; clk                                                ;                   ;         ;
; dout                                               ;                   ;         ;
; ttl_in                                             ;                   ;         ;
;      - frequency_tracker_sync:comb_3|ttl_r1~feeder ; 1                 ; 6       ;
+----------------------------------------------------+-------------------+---------+


+---------------------------------------------------------------------------------------------------------------------------------------------------------------------------------------------------------------------------------------------------+
; Control Signals                                                                                                                                                                                                                                   ;
+---------------------------------------------------------------------------------------------------------+--------------------+---------+---------------------------+--------+----------------------+------------------+---------------------------+
; Name                                                                                                    ; Location           ; Fan-Out ; Usage                     ; Global ; Global Resource Used ; Global Line Name ; Enable Signal Source Name ;
+---------------------------------------------------------------------------------------------------------+--------------------+---------+---------------------------+--------+----------------------+------------------+---------------------------+
; clk                                                                                                     ; PIN_R8             ; 3059    ; Clock                     ; yes    ; Global Clock         ; GCLK15           ; --                        ;
; clk                                                                                                     ; PIN_R8             ; 2       ; Clock                     ; no     ; --                   ; --               ; --                        ;
; cordic_top:CORDIC|cordic_stage:pipeline_gen[0].stage_inst|valid_out                                     ; FF_X21_Y17_N1      ; 71      ; Clock enable              ; no     ; --                   ; --               ; --                        ;
; cordic_top:CORDIC|cordic_stage:pipeline_gen[10].stage_inst|valid_out                                    ; FF_X44_Y11_N11     ; 96      ; Clock enable              ; no     ; --                   ; --               ; --                        ;
; cordic_top:CORDIC|cordic_stage:pipeline_gen[11].stage_inst|valid_out                                    ; FF_X44_Y11_N17     ; 96      ; Clock enable              ; no     ; --                   ; --               ; --                        ;
; cordic_top:CORDIC|cordic_stage:pipeline_gen[11].stage_inst|y_out[31]                                    ; FF_X44_Y17_N17     ; 71      ; Sync. load                ; no     ; --                   ; --               ; --                        ;
; cordic_top:CORDIC|cordic_stage:pipeline_gen[12].stage_inst|valid_out                                    ; FF_X40_Y11_N1      ; 96      ; Clock enable              ; no     ; --                   ; --               ; --                        ;
; cordic_top:CORDIC|cordic_stage:pipeline_gen[12].stage_inst|y_out[31]                                    ; FF_X43_Y15_N17     ; 69      ; Sync. load                ; no     ; --                   ; --               ; --                        ;
; cordic_top:CORDIC|cordic_stage:pipeline_gen[13].stage_inst|valid_out                                    ; FF_X37_Y15_N31     ; 96      ; Clock enable              ; no     ; --                   ; --               ; --                        ;
; cordic_top:CORDIC|cordic_stage:pipeline_gen[14].stage_inst|valid_out                                    ; FF_X37_Y15_N3      ; 96      ; Clock enable              ; no     ; --                   ; --               ; --                        ;
; cordic_top:CORDIC|cordic_stage:pipeline_gen[15].stage_inst|valid_out                                    ; FF_X37_Y15_N1      ; 96      ; Clock enable              ; no     ; --                   ; --               ; --                        ;
; cordic_top:CORDIC|cordic_stage:pipeline_gen[15].stage_inst|y_out[31]                                    ; FF_X38_Y14_N17     ; 63      ; Sync. load                ; no     ; --                   ; --               ; --                        ;
; cordic_top:CORDIC|cordic_stage:pipeline_gen[16].stage_inst|valid_out                                    ; FF_X30_Y20_N17     ; 96      ; Clock enable              ; no     ; --                   ; --               ; --                        ;
; cordic_top:CORDIC|cordic_stage:pipeline_gen[17].stage_inst|valid_out                                    ; FF_X26_Y24_N17     ; 96      ; Clock enable              ; no     ; --                   ; --               ; --                        ;
; cordic_top:CORDIC|cordic_stage:pipeline_gen[18].stage_inst|valid_out                                    ; FF_X27_Y6_N21      ; 96      ; Clock enable              ; no     ; --                   ; --               ; --                        ;
; cordic_top:CORDIC|cordic_stage:pipeline_gen[19].stage_inst|valid_out                                    ; FF_X27_Y6_N27      ; 96      ; Clock enable              ; no     ; --                   ; --               ; --                        ;
; cordic_top:CORDIC|cordic_stage:pipeline_gen[1].stage_inst|valid_out                                     ; FF_X21_Y17_N13     ; 96      ; Clock enable              ; no     ; --                   ; --               ; --                        ;
; cordic_top:CORDIC|cordic_stage:pipeline_gen[20].stage_inst|valid_out                                    ; FF_X27_Y6_N25      ; 96      ; Clock enable              ; no     ; --                   ; --               ; --                        ;
; cordic_top:CORDIC|cordic_stage:pipeline_gen[20].stage_inst|y_out[31]                                    ; FF_X28_Y9_N17      ; 53      ; Sync. load                ; no     ; --                   ; --               ; --                        ;
; cordic_top:CORDIC|cordic_stage:pipeline_gen[21].stage_inst|valid_out                                    ; FF_X27_Y6_N29      ; 96      ; Clock enable              ; no     ; --                   ; --               ; --                        ;
; cordic_top:CORDIC|cordic_stage:pipeline_gen[21].stage_inst|y_out[31]                                    ; FF_X27_Y9_N17      ; 51      ; Sync. load                ; no     ; --                   ; --               ; --                        ;
; cordic_top:CORDIC|cordic_stage:pipeline_gen[22].stage_inst|valid_out                                    ; FF_X27_Y6_N19      ; 96      ; Clock enable              ; no     ; --                   ; --               ; --                        ;
; cordic_top:CORDIC|cordic_stage:pipeline_gen[22].stage_inst|y_out[31]                                    ; FF_X27_Y6_N17      ; 49      ; Sync. load                ; no     ; --                   ; --               ; --                        ;
; cordic_top:CORDIC|cordic_stage:pipeline_gen[23].stage_inst|valid_out                                    ; FF_X30_Y3_N27      ; 96      ; Clock enable              ; no     ; --                   ; --               ; --                        ;
; cordic_top:CORDIC|cordic_stage:pipeline_gen[24].stage_inst|valid_out                                    ; FF_X30_Y6_N25      ; 96      ; Clock enable              ; no     ; --                   ; --               ; --                        ;
; cordic_top:CORDIC|cordic_stage:pipeline_gen[25].stage_inst|valid_out                                    ; FF_X30_Y24_N1      ; 96      ; Clock enable              ; no     ; --                   ; --               ; --                        ;
; cordic_top:CORDIC|cordic_stage:pipeline_gen[25].stage_inst|y_out[31]                                    ; FF_X32_Y6_N17      ; 43      ; Sync. load                ; no     ; --                   ; --               ; --                        ;
; cordic_top:CORDIC|cordic_stage:pipeline_gen[26].stage_inst|valid_out                                    ; FF_X35_Y3_N27      ; 67      ; Clock enable              ; no     ; --                   ; --               ; --                        ;
; cordic_top:CORDIC|cordic_stage:pipeline_gen[26].stage_inst|y_out[31]                                    ; FF_X34_Y6_N17      ; 41      ; Sync. load                ; no     ; --                   ; --               ; --                        ;
; cordic_top:CORDIC|cordic_stage:pipeline_gen[27].stage_inst|valid_out                                    ; FF_X32_Y31_N1      ; 63      ; Clock enable              ; no     ; --                   ; --               ; --                        ;
; cordic_top:CORDIC|cordic_stage:pipeline_gen[2].stage_inst|valid_out                                     ; FF_X21_Y17_N27     ; 96      ; Clock enable              ; no     ; --                   ; --               ; --                        ;
; cordic_top:CORDIC|cordic_stage:pipeline_gen[2].stage_inst|y_out[31]                                     ; FF_X20_Y18_N17     ; 89      ; Sync. load                ; no     ; --                   ; --               ; --                        ;
; cordic_top:CORDIC|cordic_stage:pipeline_gen[3].stage_inst|valid_out                                     ; FF_X21_Y17_N25     ; 96      ; Clock enable              ; no     ; --                   ; --               ; --                        ;
; cordic_top:CORDIC|cordic_stage:pipeline_gen[3].stage_inst|y_out[31]                                     ; FF_X24_Y18_N17     ; 87      ; Sync. load                ; no     ; --                   ; --               ; --                        ;
; cordic_top:CORDIC|cordic_stage:pipeline_gen[4].stage_inst|valid_out                                     ; FF_X21_Y17_N31     ; 96      ; Clock enable              ; no     ; --                   ; --               ; --                        ;
; cordic_top:CORDIC|cordic_stage:pipeline_gen[5].stage_inst|valid_out                                     ; FF_X21_Y17_N21     ; 96      ; Clock enable              ; no     ; --                   ; --               ; --                        ;
; cordic_top:CORDIC|cordic_stage:pipeline_gen[5].stage_inst|y_out[31]                                     ; FF_X34_Y21_N17     ; 83      ; Sync. load                ; no     ; --                   ; --               ; --                        ;
; cordic_top:CORDIC|cordic_stage:pipeline_gen[6].stage_inst|valid_out                                     ; FF_X21_Y17_N11     ; 96      ; Clock enable              ; no     ; --                   ; --               ; --                        ;
; cordic_top:CORDIC|cordic_stage:pipeline_gen[6].stage_inst|y_out[31]                                     ; FF_X35_Y21_N17     ; 81      ; Sync. load                ; no     ; --                   ; --               ; --                        ;
; cordic_top:CORDIC|cordic_stage:pipeline_gen[7].stage_inst|valid_out                                     ; FF_X21_Y17_N9      ; 96      ; Clock enable              ; no     ; --                   ; --               ; --                        ;
; cordic_top:CORDIC|cordic_stage:pipeline_gen[8].stage_inst|valid_out                                     ; FF_X41_Y18_N27     ; 96      ; Clock enable              ; no     ; --                   ; --               ; --                        ;
; cordic_top:CORDIC|cordic_stage:pipeline_gen[9].stage_inst|valid_out                                     ; FF_X41_Y18_N9      ; 96      ; Clock enable              ; no     ; --                   ; --               ; --                        ;
; cordic_top:CORDIC|cordic_stage:stage1|valid_out                                                         ; FF_X21_Y17_N3      ; 67      ; Clock enable              ; no     ; --                   ; --               ; --                        ;
; data_delay_block:delay|data_valid_spi_out                                                               ; FF_X12_Y16_N17     ; 3       ; Clock enable              ; no     ; --                   ; --               ; --                        ;
; frequency_tracker_sync:comb_3|phase_step[20]~38                                                         ; LCCOMB_X20_Y16_N24 ; 21      ; Clock enable              ; no     ; --                   ; --               ; --                        ;
; frequency_tracker_sync:comb_3|ttl_rise_out                                                              ; LCCOMB_X19_Y16_N28 ; 270     ; Clock enable, Sync. clear ; no     ; --                   ; --               ; --                        ;
; integrate_and_dump:cosine_filter|valid_out                                                              ; FF_X19_Y16_N29     ; 64      ; Clock enable              ; no     ; --                   ; --               ; --                        ;
; integrate_and_dump:sine_filter|accumlator[14]~120                                                       ; LCCOMB_X12_Y16_N22 ; 80      ; Clock enable              ; no     ; --                   ; --               ; --                        ;
; phase_locked_loop:p_ll|altpll:altpll_component|phase_locked_loop_altpll:auto_generated|wire_pll1_clk[0] ; PLL_4              ; 33      ; Clock                     ; yes    ; Global Clock         ; GCLK18           ; --                        ;
; spi_interface:afe|always1~0                                                                             ; LCCOMB_X12_Y17_N22 ; 15      ; Clock enable              ; no     ; --                   ; --               ; --                        ;
; spi_interface:afe|always5~0                                                                             ; LCCOMB_X12_Y16_N28 ; 13      ; Clock enable              ; no     ; --                   ; --               ; --                        ;
+---------------------------------------------------------------------------------------------------------+--------------------+---------+---------------------------+--------+----------------------+------------------+---------------------------+


+-------------------------------------------------------------------------------------------------------------------------------------------------------------------------------------------------------------------------------------------+
; Global & Other Fast Signals                                                                                                                                                                                                               ;
+---------------------------------------------------------------------------------------------------------+----------+---------+--------------------------------------+----------------------+------------------+---------------------------+
; Name                                                                                                    ; Location ; Fan-Out ; Fan-Out Using Intentional Clock Skew ; Global Resource Used ; Global Line Name ; Enable Signal Source Name ;
+---------------------------------------------------------------------------------------------------------+----------+---------+--------------------------------------+----------------------+------------------+---------------------------+
; clk                                                                                                     ; PIN_R8   ; 3059    ; 0                                    ; Global Clock         ; GCLK15           ; --                        ;
; phase_locked_loop:p_ll|altpll:altpll_component|phase_locked_loop_altpll:auto_generated|wire_pll1_clk[0] ; PLL_4    ; 33      ; 0                                    ; Global Clock         ; GCLK18           ; --                        ;
+---------------------------------------------------------------------------------------------------------+----------+---------+--------------------------------------+----------------------+------------------+---------------------------+


+-------------------------------------------------------------------------------------------------+
; Non-Global High Fan-Out Signals                                                                 ;
+---------------------------------------------------------------------------------------+---------+
; Name                                                                                  ; Fan-Out ;
+---------------------------------------------------------------------------------------+---------+
; frequency_tracker_sync:comb_3|ttl_rise_out                                            ; 270     ;
; cordic_top:CORDIC|cordic_stage:pipeline_gen[1].stage_inst|valid_out                   ; 96      ;
; cordic_top:CORDIC|cordic_stage:pipeline_gen[2].stage_inst|valid_out                   ; 96      ;
; cordic_top:CORDIC|cordic_stage:pipeline_gen[3].stage_inst|valid_out                   ; 96      ;
; cordic_top:CORDIC|cordic_stage:pipeline_gen[4].stage_inst|valid_out                   ; 96      ;
; cordic_top:CORDIC|cordic_stage:pipeline_gen[5].stage_inst|valid_out                   ; 96      ;
; cordic_top:CORDIC|cordic_stage:pipeline_gen[6].stage_inst|valid_out                   ; 96      ;
; cordic_top:CORDIC|cordic_stage:pipeline_gen[7].stage_inst|valid_out                   ; 96      ;
; cordic_top:CORDIC|cordic_stage:pipeline_gen[8].stage_inst|valid_out                   ; 96      ;
; cordic_top:CORDIC|cordic_stage:pipeline_gen[9].stage_inst|valid_out                   ; 96      ;
; cordic_top:CORDIC|cordic_stage:pipeline_gen[10].stage_inst|valid_out                  ; 96      ;
; cordic_top:CORDIC|cordic_stage:pipeline_gen[11].stage_inst|valid_out                  ; 96      ;
; cordic_top:CORDIC|cordic_stage:pipeline_gen[12].stage_inst|valid_out                  ; 96      ;
; cordic_top:CORDIC|cordic_stage:pipeline_gen[13].stage_inst|valid_out                  ; 96      ;
; cordic_top:CORDIC|cordic_stage:pipeline_gen[14].stage_inst|valid_out                  ; 96      ;
; cordic_top:CORDIC|cordic_stage:pipeline_gen[15].stage_inst|valid_out                  ; 96      ;
; cordic_top:CORDIC|cordic_stage:pipeline_gen[16].stage_inst|valid_out                  ; 96      ;
; cordic_top:CORDIC|cordic_stage:pipeline_gen[17].stage_inst|valid_out                  ; 96      ;
; cordic_top:CORDIC|cordic_stage:pipeline_gen[18].stage_inst|valid_out                  ; 96      ;
; cordic_top:CORDIC|cordic_stage:pipeline_gen[19].stage_inst|valid_out                  ; 96      ;
; cordic_top:CORDIC|cordic_stage:pipeline_gen[20].stage_inst|valid_out                  ; 96      ;
; cordic_top:CORDIC|cordic_stage:pipeline_gen[21].stage_inst|valid_out                  ; 96      ;
; cordic_top:CORDIC|cordic_stage:pipeline_gen[22].stage_inst|valid_out                  ; 96      ;
; cordic_top:CORDIC|cordic_stage:pipeline_gen[23].stage_inst|valid_out                  ; 96      ;
; cordic_top:CORDIC|cordic_stage:pipeline_gen[24].stage_inst|valid_out                  ; 96      ;
; cordic_top:CORDIC|cordic_stage:pipeline_gen[25].stage_inst|valid_out                  ; 96      ;
; cordic_top:CORDIC|cordic_stage:pipeline_gen[1].stage_inst|y_out[31]                   ; 89      ;
; cordic_top:CORDIC|cordic_stage:pipeline_gen[2].stage_inst|y_out[31]                   ; 89      ;
; cordic_top:CORDIC|cordic_stage:pipeline_gen[3].stage_inst|y_out[31]                   ; 87      ;
; cordic_top:CORDIC|cordic_stage:pipeline_gen[4].stage_inst|y_out[31]                   ; 84      ;
; cordic_top:CORDIC|cordic_stage:pipeline_gen[5].stage_inst|y_out[31]                   ; 83      ;
; cordic_top:CORDIC|cordic_stage:pipeline_gen[6].stage_inst|y_out[31]                   ; 81      ;
; integrate_and_dump:sine_filter|accumlator[14]~120                                     ; 80      ;
; cordic_top:CORDIC|cordic_stage:pipeline_gen[7].stage_inst|y_out[31]                   ; 78      ;
; cordic_top:CORDIC|cordic_stage:pipeline_gen[8].stage_inst|y_out[31]                   ; 74      ;
; cordic_top:CORDIC|cordic_stage:pipeline_gen[9].stage_inst|y_out[31]                   ; 73      ;
; cordic_top:CORDIC|cordic_stage:pipeline_gen[10].stage_inst|y_out[31]                  ; 72      ;
; cordic_top:CORDIC|cordic_stage:pipeline_gen[0].stage_inst|valid_out                   ; 71      ;
; cordic_top:CORDIC|cordic_stage:pipeline_gen[11].stage_inst|y_out[31]                  ; 71      ;
; cordic_top:CORDIC|cordic_stage:pipeline_gen[12].stage_inst|y_out[31]                  ; 69      ;
; cordic_top:CORDIC|cordic_stage:stage1|valid_out                                       ; 67      ;
; cordic_top:CORDIC|cordic_stage:pipeline_gen[26].stage_inst|valid_out                  ; 67      ;
; cordic_top:CORDIC|cordic_stage:pipeline_gen[0].stage_inst|y_out[31]                   ; 66      ;
; cordic_top:CORDIC|cordic_stage:pipeline_gen[13].stage_inst|y_out[31]                  ; 65      ;
; integrate_and_dump:cosine_filter|valid_out                                            ; 64      ;
; integrate_and_dump:cosine_filter|sum_out[39]                                          ; 64      ;
; cordic_top:CORDIC|cordic_stage:stage1|y_out[30]                                       ; 64      ;
; cordic_top:CORDIC|cordic_stage:pipeline_gen[14].stage_inst|y_out[31]                  ; 64      ;
; cordic_top:CORDIC|cordic_stage:pipeline_gen[27].stage_inst|valid_out                  ; 63      ;
; cordic_top:CORDIC|cordic_stage:pipeline_gen[15].stage_inst|y_out[31]                  ; 63      ;
; cordic_top:CORDIC|cordic_stage:pipeline_gen[16].stage_inst|y_out[31]                  ; 57      ;
; cordic_top:CORDIC|cordic_stage:pipeline_gen[17].stage_inst|y_out[31]                  ; 56      ;
; cordic_top:CORDIC|cordic_stage:pipeline_gen[18].stage_inst|y_out[31]                  ; 55      ;
; cordic_top:CORDIC|cordic_stage:pipeline_gen[19].stage_inst|y_out[31]                  ; 54      ;
; cordic_top:CORDIC|cordic_stage:pipeline_gen[20].stage_inst|y_out[31]                  ; 53      ;
; cordic_top:CORDIC|cordic_stage:pipeline_gen[21].stage_inst|y_out[31]                  ; 51      ;
; frequency_tracker_sync:comb_3|phase_step~22                                           ; 50      ;
; cordic_top:CORDIC|cordic_stage:pipeline_gen[22].stage_inst|y_out[31]                  ; 49      ;
; cordic_top:CORDIC|cordic_stage:pipeline_gen[23].stage_inst|y_out[31]                  ; 45      ;
; cordic_top:CORDIC|cordic_stage:pipeline_gen[24].stage_inst|y_out[31]                  ; 44      ;
; cordic_top:CORDIC|cordic_stage:pipeline_gen[25].stage_inst|y_out[31]                  ; 43      ;
; cordic_top:CORDIC|cordic_stage:pipeline_gen[26].stage_inst|y_out[31]                  ; 41      ;
; cordic_top:CORDIC|cordic_stage:pipeline_gen[27].stage_inst|y_out[31]                  ; 34      ;
; cordic_top:CORDIC|cordic_stage:pipeline_gen[27].stage_inst|Add1~0                     ; 29      ;
; cordic_top:CORDIC|cordic_stage:pipeline_gen[26].stage_inst|Add1~0                     ; 28      ;
; cordic_top:CORDIC|cordic_stage:pipeline_gen[25].stage_inst|Add1~0                     ; 27      ;
; cordic_top:CORDIC|cordic_stage:pipeline_gen[24].stage_inst|Add1~0                     ; 26      ;
; frequency_tracker_sync:comb_3|period_cnt[11]                                          ; 26      ;
; frequency_tracker_sync:comb_3|period_cnt[13]                                          ; 26      ;
; cordic_top:CORDIC|cordic_stage:pipeline_gen[23].stage_inst|Add1~0                     ; 25      ;
; frequency_tracker_sync:comb_3|period_cnt[14]                                          ; 25      ;
; cordic_top:CORDIC|cordic_stage:pipeline_gen[22].stage_inst|Add1~0                     ; 24      ;
; frequency_tracker_sync:comb_3|period_cnt[15]                                          ; 24      ;
; cordic_top:CORDIC|cordic_stage:pipeline_gen[21].stage_inst|Add1~0                     ; 23      ;
; cordic_top:CORDIC|cordic_stage:pipeline_gen[20].stage_inst|Add1~0                     ; 22      ;
; frequency_tracker_sync:comb_3|phase_step[20]~38                                       ; 21      ;
; cordic_top:CORDIC|cordic_stage:pipeline_gen[19].stage_inst|Add1~0                     ; 21      ;
; frequency_tracker_sync:comb_3|period_cnt[9]                                           ; 21      ;
; cordic_top:CORDIC|cordic_stage:pipeline_gen[18].stage_inst|Add1~0                     ; 20      ;
; frequency_tracker_sync:comb_3|period_cnt[16]                                          ; 20      ;
; frequency_tracker_sync:comb_3|period_cnt[10]                                          ; 20      ;
; cordic_top:CORDIC|cordic_stage:pipeline_gen[17].stage_inst|Add1~0                     ; 19      ;
; frequency_tracker_sync:comb_3|period_cnt[8]                                           ; 19      ;
; frequency_tracker_sync:comb_3|period_cnt[12]                                          ; 19      ;
; frequency_tracker_sync:comb_3|period_cnt[5]                                           ; 19      ;
; cordic_top:CORDIC|cordic_stage:pipeline_gen[16].stage_inst|Add1~0                     ; 18      ;
; frequency_tracker_sync:comb_3|period_cnt[18]                                          ; 18      ;
; cordic_top:CORDIC|cordic_stage:pipeline_gen[15].stage_inst|Add1~0                     ; 17      ;
; frequency_tracker_sync:comb_3|period_cnt[4]                                           ; 17      ;
; multiplier:cosine_mix|product[23]                                                     ; 17      ;
; multiplier:sine_mix|product[23]                                                       ; 17      ;
; cordic_top:CORDIC|cordic_stage:pipeline_gen[14].stage_inst|Add1~0                     ; 16      ;
; spi_interface:afe|count[0]                                                            ; 16      ;
; frequency_tracker_sync:comb_3|period_cnt[17]                                          ; 16      ;
; frequency_tracker_sync:comb_3|period_cnt[7]                                           ; 16      ;
; frequency_tracker_sync:comb_3|period_cnt[6]                                           ; 16      ;
; cordic_top:CORDIC|cordic_stage:pipeline_gen[1].stage_inst|z_out[4]                    ; 15      ;
; cordic_top:CORDIC|cordic_stage:pipeline_gen[13].stage_inst|Add1~0                     ; 15      ;
; spi_interface:afe|always1~0                                                           ; 15      ;
; spi_interface:afe|count[1]                                                            ; 15      ;
; spi_interface:afe|count[2]                                                            ; 15      ;
; cordic_top:CORDIC|cordic_stage:pipeline_gen[12].stage_inst|Add1~0                     ; 14      ;
; spi_interface:afe|count[3]                                                            ; 14      ;
; cordic_top:CORDIC|cordic_stage:pipeline_gen[11].stage_inst|Add1~0                     ; 13      ;
; spi_interface:afe|always5~0                                                           ; 13      ;
; frequency_tracker_sync:comb_3|period_cnt[27]                                          ; 13      ;
; frequency_tracker_sync:comb_3|period_cnt[19]                                          ; 13      ;
; dout~input                                                                            ; 12      ;
; frequency_tracker_sync:comb_3|always1~103                                             ; 12      ;
; cordic_top:CORDIC|cordic_stage:pipeline_gen[10].stage_inst|Add1~0                     ; 12      ;
; frequency_tracker_sync:comb_3|period_cnt[3]                                           ; 12      ;
; frequency_tracker_sync:comb_3|always1~91                                              ; 11      ;
; cordic_top:CORDIC|cordic_stage:pipeline_gen[1].stage_inst|z_out[6]                    ; 11      ;
; cordic_top:CORDIC|cordic_stage:pipeline_gen[9].stage_inst|Add1~0                      ; 11      ;
; frequency_tracker_sync:comb_3|always1~96                                              ; 10      ;
; frequency_tracker_sync:comb_3|always1~60                                              ; 10      ;
; frequency_tracker_sync:comb_3|always1~43                                              ; 10      ;
; frequency_tracker_sync:comb_3|always1~35                                              ; 10      ;
; cordic_top:CORDIC|cordic_stage:pipeline_gen[8].stage_inst|Add1~0                      ; 10      ;
; frequency_tracker_sync:comb_3|period_cnt[21]                                          ; 10      ;
; frequency_tracker_sync:comb_3|always1~52                                              ; 9       ;
; frequency_tracker_sync:comb_3|always1~19                                              ; 9       ;
; cordic_top:CORDIC|cordic_stage:pipeline_gen[7].stage_inst|Add1~0                      ; 9       ;
; frequency_tracker_sync:comb_3|period_cnt[22]                                          ; 9       ;
; frequency_tracker_sync:comb_3|always1~13                                              ; 8       ;
; cordic_top:CORDIC|cordic_stage:pipeline_gen[6].stage_inst|Add1~0                      ; 8       ;
; frequency_tracker_sync:comb_3|period_cnt[23]                                          ; 8       ;
; frequency_tracker_sync:comb_3|period_cnt[20]                                          ; 8       ;
; frequency_tracker_sync:comb_3|period_cnt[2]                                           ; 8       ;
; frequency_tracker_sync:comb_3|phase_step~39                                           ; 7       ;
; frequency_tracker_sync:comb_3|always1~82                                              ; 7       ;
; frequency_tracker_sync:comb_3|always1~78                                              ; 7       ;
; frequency_tracker_sync:comb_3|LessThan27~3                                            ; 7       ;
; frequency_tracker_sync:comb_3|LessThan27~0                                            ; 7       ;
; cordic_top:CORDIC|cordic_stage:pipeline_gen[5].stage_inst|Add1~0                      ; 7       ;
; frequency_tracker_sync:comb_3|period_cnt[31]                                          ; 7       ;
; frequency_tracker_sync:comb_3|period_cnt[1]                                           ; 7       ;
; frequency_tracker_sync:comb_3|phase_step~45                                           ; 6       ;
; frequency_tracker_sync:comb_3|phase_step~25                                           ; 6       ;
; frequency_tracker_sync:comb_3|phase_step~24                                           ; 6       ;
; cordic_top:CORDIC|cordic_stage:pipeline_gen[4].stage_inst|Add1~0                      ; 6       ;
; spi_interface:afe|idle_state                                                          ; 6       ;
; frequency_tracker_sync:comb_3|period_cnt[26]                                          ; 6       ;
; frequency_tracker_sync:comb_3|period_cnt[25]                                          ; 6       ;
; frequency_tracker_sync:comb_3|period_cnt[24]                                          ; 6       ;
; frequency_tracker_sync:comb_3|period_cnt[0]                                           ; 6       ;
; frequency_tracker_sync:comb_3|always1~98                                              ; 5       ;
; frequency_tracker_sync:comb_3|phase_step~52                                           ; 5       ;
; frequency_tracker_sync:comb_3|phase_step~42                                           ; 5       ;
; frequency_tracker_sync:comb_3|phase_step~41                                           ; 5       ;
; frequency_tracker_sync:comb_3|phase_step[17]~29                                       ; 5       ;
; frequency_tracker_sync:comb_3|phase_step~23                                           ; 5       ;
; frequency_tracker_sync:comb_3|LessThan20~0                                            ; 5       ;
; frequency_tracker_sync:comb_3|LessThan28~0                                            ; 5       ;
; frequency_tracker_sync:comb_3|LessThan5~0                                             ; 5       ;
; cordic_top:CORDIC|cordic_stage:pipeline_gen[3].stage_inst|Add1~0                      ; 5       ;
; frequency_tracker_sync:comb_3|ttl_r2                                                  ; 5       ;
; spi_interface:afe|Equal0~0                                                            ; 5       ;
; frequency_tracker_sync:comb_3|period_cnt[29]                                          ; 5       ;
; frequency_tracker_sync:comb_3|period_cnt[28]                                          ; 5       ;
; lut_sincos:dds|phase[30]                                                              ; 5       ;
; lut_sincos:dds|phase[29]                                                              ; 5       ;
; lut_sincos:dds|phase[28]                                                              ; 5       ;
; lut_sincos:dds|phase[27]                                                              ; 5       ;
; lut_sincos:dds|phase[26]                                                              ; 5       ;
; lut_sincos:dds|phase[25]                                                              ; 5       ;
; lut_sincos:dds|phase[24]                                                              ; 5       ;
; lut_sincos:dds|phase[23]                                                              ; 5       ;
; lut_sincos:dds|phase[22]                                                              ; 5       ;
; frequency_tracker_sync:comb_3|phase_step~88                                           ; 4       ;
; frequency_tracker_sync:comb_3|phase_step~40                                           ; 4       ;
; frequency_tracker_sync:comb_3|LessThan16~6                                            ; 4       ;
; frequency_tracker_sync:comb_3|LessThan27~6                                            ; 4       ;
; frequency_tracker_sync:comb_3|LessThan18~1                                            ; 4       ;
; frequency_tracker_sync:comb_3|always1~24                                              ; 4       ;
; frequency_tracker_sync:comb_3|always1~22                                              ; 4       ;
; frequency_tracker_sync:comb_3|always1~14                                              ; 4       ;
; frequency_tracker_sync:comb_3|LessThan29~0                                            ; 4       ;
; cordic_top:CORDIC|cordic_stage:pipeline_gen[0].stage_inst|z_out[1]                    ; 4       ;
; cordic_top:CORDIC|cordic_stage:pipeline_gen[2].stage_inst|Add1~0                      ; 4       ;
; frequency_tracker_sync:comb_3|ttl_r3                                                  ; 4       ;
; frequency_tracker_sync:comb_3|period_cnt[30]                                          ; 4       ;
; lut_sincos:dds|phase[31]                                                              ; 4       ;
; frequency_tracker_sync:comb_3|phase_step~84                                           ; 3       ;
; frequency_tracker_sync:comb_3|phase_step~73                                           ; 3       ;
; frequency_tracker_sync:comb_3|always1~99                                              ; 3       ;
; frequency_tracker_sync:comb_3|phase_step~46                                           ; 3       ;
; frequency_tracker_sync:comb_3|phase_step~43                                           ; 3       ;
; frequency_tracker_sync:comb_3|LessThan26~1                                            ; 3       ;
; frequency_tracker_sync:comb_3|LessThan27~10                                           ; 3       ;
; frequency_tracker_sync:comb_3|LessThan27~7                                            ; 3       ;
; frequency_tracker_sync:comb_3|LessThan28~5                                            ; 3       ;
; frequency_tracker_sync:comb_3|phase_step[17]~31                                       ; 3       ;
; frequency_tracker_sync:comb_3|LessThan1~11                                            ; 3       ;
; frequency_tracker_sync:comb_3|LessThan1~10                                            ; 3       ;
; frequency_tracker_sync:comb_3|LessThan29~1                                            ; 3       ;
; frequency_tracker_sync:comb_3|always1~63                                              ; 3       ;
; frequency_tracker_sync:comb_3|LessThan10~1                                            ; 3       ;
; frequency_tracker_sync:comb_3|LessThan16~2                                            ; 3       ;
; frequency_tracker_sync:comb_3|LessThan10~0                                            ; 3       ;
; frequency_tracker_sync:comb_3|LessThan16~1                                            ; 3       ;
; frequency_tracker_sync:comb_3|LessThan27~4                                            ; 3       ;
; frequency_tracker_sync:comb_3|LessThan22~1                                            ; 3       ;
; frequency_tracker_sync:comb_3|LessThan5~2                                             ; 3       ;
; frequency_tracker_sync:comb_3|LessThan27~1                                            ; 3       ;
; integrate_and_dump:sine_filter|sum_out[39]                                            ; 3       ;
; cordic_top:CORDIC|cordic_stage:pipeline_gen[0].stage_inst|Add1~0                      ; 3       ;
; cordic_top:CORDIC|cordic_stage:pipeline_gen[1].stage_inst|Add1~0                      ; 3       ;
; data_delay_block:delay|data_valid_spi_out                                             ; 3       ;
; data_delay_block:delay|data_out[11]                                                   ; 3       ;
; data_delay_block:delay|data_out[10]                                                   ; 3       ;
; data_delay_block:delay|data_out[9]                                                    ; 3       ;
; data_delay_block:delay|data_out[8]                                                    ; 3       ;
; data_delay_block:delay|data_out[7]                                                    ; 3       ;
; data_delay_block:delay|data_out[6]                                                    ; 3       ;
; data_delay_block:delay|data_out[5]                                                    ; 3       ;
; data_delay_block:delay|data_out[4]                                                    ; 3       ;
; data_delay_block:delay|data_out[3]                                                    ; 3       ;
; data_delay_block:delay|data_out[2]                                                    ; 3       ;
; data_delay_block:delay|data_out[1]                                                    ; 3       ;
; data_delay_block:delay|data_out[0]                                                    ; 3       ;
; spi_interface:afe|cs                                                                  ; 3       ;
; cordic_top:CORDIC|cordic_stage:stage1|x_out[30]                                       ; 3       ;
; cordic_top:CORDIC|cordic_stage:pipeline_gen[3].stage_inst|z_out[5]                    ; 3       ;
; cordic_top:CORDIC|cordic_stage:pipeline_gen[6].stage_inst|z_out[2]                    ; 3       ;
; cordic_top:CORDIC|cordic_stage:pipeline_gen[12].stage_inst|z_out[3]                   ; 3       ;
; cordic_top:CORDIC|cordic_stage:pipeline_gen[20].stage_inst|z_out[2]                   ; 3       ;
; cordic_top:CORDIC|cordic_stage:pipeline_gen[22].stage_inst|z_out[3]                   ; 3       ;
; cordic_top:CORDIC|cordic_stage:pipeline_gen[26].stage_inst|z_out[2]                   ; 3       ;
; lut_sincos:dds|phase[30]~_wirecell                                                    ; 2       ;
; frequency_tracker_sync:comb_3|phase_step~115                                          ; 2       ;
; frequency_tracker_sync:comb_3|phase_step~80                                           ; 2       ;
; frequency_tracker_sync:comb_3|phase_step~76                                           ; 2       ;
; frequency_tracker_sync:comb_3|phase_step~72                                           ; 2       ;
; frequency_tracker_sync:comb_3|phase_step~65                                           ; 2       ;
; frequency_tracker_sync:comb_3|phase_step~62                                           ; 2       ;
; frequency_tracker_sync:comb_3|phase_step~60                                           ; 2       ;
; frequency_tracker_sync:comb_3|phase_step~59                                           ; 2       ;
; frequency_tracker_sync:comb_3|phase_step~56                                           ; 2       ;
; frequency_tracker_sync:comb_3|phase_step~55                                           ; 2       ;
; frequency_tracker_sync:comb_3|phase_step~54                                           ; 2       ;
; frequency_tracker_sync:comb_3|phase_step~53                                           ; 2       ;
; frequency_tracker_sync:comb_3|phase_step~50                                           ; 2       ;
; frequency_tracker_sync:comb_3|phase_step~44                                           ; 2       ;
; frequency_tracker_sync:comb_3|phase_step[17]~36                                       ; 2       ;
; frequency_tracker_sync:comb_3|LessThan27~9                                            ; 2       ;
; frequency_tracker_sync:comb_3|LessThan29~3                                            ; 2       ;
; frequency_tracker_sync:comb_3|phase_step~30                                           ; 2       ;
; frequency_tracker_sync:comb_3|phase_step~27                                           ; 2       ;
; frequency_tracker_sync:comb_3|always1~95                                              ; 2       ;
; frequency_tracker_sync:comb_3|always1~94                                              ; 2       ;
; frequency_tracker_sync:comb_3|LessThan1~6                                             ; 2       ;
; frequency_tracker_sync:comb_3|LessThan1~2                                             ; 2       ;
; frequency_tracker_sync:comb_3|LessThan4~2                                             ; 2       ;
; frequency_tracker_sync:comb_3|LessThan4~0                                             ; 2       ;
; frequency_tracker_sync:comb_3|always1~81                                              ; 2       ;
; frequency_tracker_sync:comb_3|always1~79                                              ; 2       ;
; frequency_tracker_sync:comb_3|always1~76                                              ; 2       ;
; frequency_tracker_sync:comb_3|always1~72                                              ; 2       ;
; frequency_tracker_sync:comb_3|always1~68                                              ; 2       ;
; frequency_tracker_sync:comb_3|always1~62                                              ; 2       ;
; frequency_tracker_sync:comb_3|always1~49                                              ; 2       ;
; frequency_tracker_sync:comb_3|always1~41                                              ; 2       ;
; frequency_tracker_sync:comb_3|LessThan1~1                                             ; 2       ;
; frequency_tracker_sync:comb_3|LessThan11~0                                            ; 2       ;
; frequency_tracker_sync:comb_3|always1~31                                              ; 2       ;
; frequency_tracker_sync:comb_3|always1~26                                              ; 2       ;
; frequency_tracker_sync:comb_3|LessThan20~2                                            ; 2       ;
; frequency_tracker_sync:comb_3|always1~12                                              ; 2       ;
; frequency_tracker_sync:comb_3|always1~9                                               ; 2       ;
; frequency_tracker_sync:comb_3|always1~7                                               ; 2       ;
; frequency_tracker_sync:comb_3|LessThan22~0                                            ; 2       ;
; frequency_tracker_sync:comb_3|LessThan1~0                                             ; 2       ;
; frequency_tracker_sync:comb_3|LessThan24~0                                            ; 2       ;
; lut_sincos:dds|Add1~0                                                                 ; 2       ;
; integrate_and_dump:cosine_filter|sum_out[10]                                          ; 2       ;
; integrate_and_dump:sine_filter|sum_out[10]                                            ; 2       ;
; integrate_and_dump:cosine_filter|sum_out[11]                                          ; 2       ;
; integrate_and_dump:sine_filter|sum_out[11]                                            ; 2       ;
; integrate_and_dump:cosine_filter|sum_out[12]                                          ; 2       ;
; integrate_and_dump:sine_filter|sum_out[12]                                            ; 2       ;
; integrate_and_dump:cosine_filter|sum_out[13]                                          ; 2       ;
; integrate_and_dump:sine_filter|sum_out[13]                                            ; 2       ;
; integrate_and_dump:cosine_filter|sum_out[14]                                          ; 2       ;
; integrate_and_dump:sine_filter|sum_out[14]                                            ; 2       ;
; integrate_and_dump:cosine_filter|sum_out[15]                                          ; 2       ;
; integrate_and_dump:sine_filter|sum_out[15]                                            ; 2       ;
; integrate_and_dump:cosine_filter|sum_out[16]                                          ; 2       ;
; integrate_and_dump:sine_filter|sum_out[16]                                            ; 2       ;
; integrate_and_dump:cosine_filter|sum_out[17]                                          ; 2       ;
; integrate_and_dump:sine_filter|sum_out[17]                                            ; 2       ;
; integrate_and_dump:cosine_filter|sum_out[18]                                          ; 2       ;
; integrate_and_dump:sine_filter|sum_out[18]                                            ; 2       ;
; integrate_and_dump:cosine_filter|sum_out[19]                                          ; 2       ;
; integrate_and_dump:sine_filter|sum_out[19]                                            ; 2       ;
; integrate_and_dump:cosine_filter|sum_out[20]                                          ; 2       ;
; integrate_and_dump:sine_filter|sum_out[20]                                            ; 2       ;
; integrate_and_dump:cosine_filter|sum_out[21]                                          ; 2       ;
; integrate_and_dump:sine_filter|sum_out[21]                                            ; 2       ;
; integrate_and_dump:cosine_filter|sum_out[22]                                          ; 2       ;
; integrate_and_dump:sine_filter|sum_out[22]                                            ; 2       ;
; integrate_and_dump:cosine_filter|sum_out[23]                                          ; 2       ;
; integrate_and_dump:sine_filter|sum_out[23]                                            ; 2       ;
; integrate_and_dump:cosine_filter|sum_out[24]                                          ; 2       ;
; integrate_and_dump:sine_filter|sum_out[24]                                            ; 2       ;
; integrate_and_dump:cosine_filter|sum_out[25]                                          ; 2       ;
; integrate_and_dump:sine_filter|sum_out[25]                                            ; 2       ;
; integrate_and_dump:cosine_filter|sum_out[26]                                          ; 2       ;
; integrate_and_dump:sine_filter|sum_out[26]                                            ; 2       ;
; integrate_and_dump:cosine_filter|sum_out[27]                                          ; 2       ;
; integrate_and_dump:sine_filter|sum_out[27]                                            ; 2       ;
; integrate_and_dump:cosine_filter|sum_out[28]                                          ; 2       ;
; integrate_and_dump:sine_filter|sum_out[28]                                            ; 2       ;
; integrate_and_dump:cosine_filter|sum_out[29]                                          ; 2       ;
; integrate_and_dump:sine_filter|sum_out[29]                                            ; 2       ;
; integrate_and_dump:cosine_filter|sum_out[30]                                          ; 2       ;
; integrate_and_dump:sine_filter|sum_out[30]                                            ; 2       ;
; integrate_and_dump:cosine_filter|sum_out[31]                                          ; 2       ;
; integrate_and_dump:sine_filter|sum_out[31]                                            ; 2       ;
; integrate_and_dump:cosine_filter|sum_out[32]                                          ; 2       ;
; integrate_and_dump:sine_filter|sum_out[32]                                            ; 2       ;
; integrate_and_dump:cosine_filter|sum_out[33]                                          ; 2       ;
; integrate_and_dump:sine_filter|sum_out[33]                                            ; 2       ;
; integrate_and_dump:cosine_filter|sum_out[34]                                          ; 2       ;
; integrate_and_dump:sine_filter|sum_out[34]                                            ; 2       ;
; integrate_and_dump:cosine_filter|sum_out[35]                                          ; 2       ;
; integrate_and_dump:sine_filter|sum_out[35]                                            ; 2       ;
; integrate_and_dump:cosine_filter|sum_out[36]                                          ; 2       ;
; integrate_and_dump:sine_filter|sum_out[36]                                            ; 2       ;
; integrate_and_dump:cosine_filter|sum_out[37]                                          ; 2       ;
; integrate_and_dump:sine_filter|sum_out[37]                                            ; 2       ;
; integrate_and_dump:cosine_filter|sum_out[38]                                          ; 2       ;
; integrate_and_dump:sine_filter|sum_out[38]                                            ; 2       ;
; cordic_top:CORDIC|cordic_stage:stage1|lpm_add_sub:Add0|add_sub_ovi:auto_generated|_~0 ; 2       ;
; cordic_top:CORDIC|cordic_stage:pipeline_gen[1].stage_inst|z_out[30]                   ; 2       ;
; cordic_top:CORDIC|cordic_stage:pipeline_gen[2].stage_inst|z_out[1]                    ; 2       ;
; spi_interface:afe|data_temp[11]                                                       ; 2       ;
; spi_interface:afe|data_temp[10]                                                       ; 2       ;
; spi_interface:afe|data_temp[9]                                                        ; 2       ;
; spi_interface:afe|data_temp[8]                                                        ; 2       ;
; spi_interface:afe|data_temp[7]                                                        ; 2       ;
; spi_interface:afe|data_temp[6]                                                        ; 2       ;
; spi_interface:afe|data_temp[5]                                                        ; 2       ;
; spi_interface:afe|data_temp[4]                                                        ; 2       ;
; spi_interface:afe|data_temp[3]                                                        ; 2       ;
; spi_interface:afe|data_temp[2]                                                        ; 2       ;
; spi_interface:afe|data_temp[1]                                                        ; 2       ;
; multiplier:cosine_mix|valid_out                                                       ; 2       ;
; spi_interface:afe|dv_r2                                                               ; 2       ;
; spi_interface:afe|Add0~0                                                              ; 2       ;
; integrate_and_dump:cosine_filter|accumlator[10]                                       ; 2       ;
; integrate_and_dump:sine_filter|accumlator[10]                                         ; 2       ;
; integrate_and_dump:cosine_filter|accumlator[11]                                       ; 2       ;
; integrate_and_dump:sine_filter|accumlator[11]                                         ; 2       ;
; integrate_and_dump:cosine_filter|accumlator[12]                                       ; 2       ;
; integrate_and_dump:sine_filter|accumlator[12]                                         ; 2       ;
; integrate_and_dump:cosine_filter|accumlator[13]                                       ; 2       ;
; integrate_and_dump:sine_filter|accumlator[13]                                         ; 2       ;
; integrate_and_dump:cosine_filter|accumlator[14]                                       ; 2       ;
; integrate_and_dump:sine_filter|accumlator[14]                                         ; 2       ;
; integrate_and_dump:cosine_filter|accumlator[15]                                       ; 2       ;
; integrate_and_dump:sine_filter|accumlator[15]                                         ; 2       ;
; integrate_and_dump:cosine_filter|accumlator[16]                                       ; 2       ;
; integrate_and_dump:sine_filter|accumlator[16]                                         ; 2       ;
; integrate_and_dump:cosine_filter|accumlator[17]                                       ; 2       ;
; integrate_and_dump:sine_filter|accumlator[17]                                         ; 2       ;
; integrate_and_dump:cosine_filter|accumlator[18]                                       ; 2       ;
; integrate_and_dump:sine_filter|accumlator[18]                                         ; 2       ;
; integrate_and_dump:cosine_filter|accumlator[19]                                       ; 2       ;
; integrate_and_dump:sine_filter|accumlator[19]                                         ; 2       ;
; integrate_and_dump:cosine_filter|accumlator[20]                                       ; 2       ;
; integrate_and_dump:sine_filter|accumlator[20]                                         ; 2       ;
; integrate_and_dump:cosine_filter|accumlator[21]                                       ; 2       ;
; integrate_and_dump:sine_filter|accumlator[21]                                         ; 2       ;
; integrate_and_dump:cosine_filter|accumlator[22]                                       ; 2       ;
; integrate_and_dump:sine_filter|accumlator[22]                                         ; 2       ;
; integrate_and_dump:cosine_filter|accumlator[23]                                       ; 2       ;
; integrate_and_dump:sine_filter|accumlator[23]                                         ; 2       ;
; integrate_and_dump:cosine_filter|accumlator[24]                                       ; 2       ;
; integrate_and_dump:sine_filter|accumlator[24]                                         ; 2       ;
; integrate_and_dump:cosine_filter|accumlator[25]                                       ; 2       ;
; integrate_and_dump:sine_filter|accumlator[25]                                         ; 2       ;
; integrate_and_dump:cosine_filter|accumlator[26]                                       ; 2       ;
; integrate_and_dump:sine_filter|accumlator[26]                                         ; 2       ;
; integrate_and_dump:cosine_filter|accumlator[27]                                       ; 2       ;
; integrate_and_dump:sine_filter|accumlator[27]                                         ; 2       ;
; integrate_and_dump:cosine_filter|accumlator[28]                                       ; 2       ;
; integrate_and_dump:sine_filter|accumlator[28]                                         ; 2       ;
; integrate_and_dump:cosine_filter|accumlator[29]                                       ; 2       ;
; integrate_and_dump:sine_filter|accumlator[29]                                         ; 2       ;
; integrate_and_dump:cosine_filter|accumlator[30]                                       ; 2       ;
; integrate_and_dump:sine_filter|accumlator[30]                                         ; 2       ;
; integrate_and_dump:cosine_filter|accumlator[31]                                       ; 2       ;
; integrate_and_dump:sine_filter|accumlator[31]                                         ; 2       ;
; integrate_and_dump:cosine_filter|accumlator[32]                                       ; 2       ;
; integrate_and_dump:sine_filter|accumlator[32]                                         ; 2       ;
; integrate_and_dump:cosine_filter|accumlator[33]                                       ; 2       ;
; integrate_and_dump:sine_filter|accumlator[33]                                         ; 2       ;
; integrate_and_dump:cosine_filter|accumlator[34]                                       ; 2       ;
; integrate_and_dump:sine_filter|accumlator[34]                                         ; 2       ;
; integrate_and_dump:cosine_filter|accumlator[35]                                       ; 2       ;
; integrate_and_dump:sine_filter|accumlator[35]                                         ; 2       ;
; integrate_and_dump:cosine_filter|accumlator[36]                                       ; 2       ;
; integrate_and_dump:sine_filter|accumlator[36]                                         ; 2       ;
; integrate_and_dump:cosine_filter|accumlator[37]                                       ; 2       ;
; integrate_and_dump:sine_filter|accumlator[37]                                         ; 2       ;
; integrate_and_dump:cosine_filter|accumlator[38]                                       ; 2       ;
; integrate_and_dump:sine_filter|accumlator[38]                                         ; 2       ;
; integrate_and_dump:cosine_filter|accumlator[39]                                       ; 2       ;
; integrate_and_dump:sine_filter|accumlator[39]                                         ; 2       ;
; cordic_top:CORDIC|cordic_stage:stage1|x_out[1]                                        ; 2       ;
; cordic_top:CORDIC|cordic_stage:stage1|y_out[1]                                        ; 2       ;
; cordic_top:CORDIC|cordic_stage:stage1|x_out[2]                                        ; 2       ;
; cordic_top:CORDIC|cordic_stage:stage1|y_out[2]                                        ; 2       ;
; cordic_top:CORDIC|cordic_stage:stage1|x_out[3]                                        ; 2       ;
; cordic_top:CORDIC|cordic_stage:stage1|y_out[3]                                        ; 2       ;
; cordic_top:CORDIC|cordic_stage:stage1|x_out[4]                                        ; 2       ;
; cordic_top:CORDIC|cordic_stage:stage1|y_out[4]                                        ; 2       ;
; cordic_top:CORDIC|cordic_stage:stage1|x_out[5]                                        ; 2       ;
; cordic_top:CORDIC|cordic_stage:stage1|y_out[5]                                        ; 2       ;
; cordic_top:CORDIC|cordic_stage:stage1|x_out[6]                                        ; 2       ;
; cordic_top:CORDIC|cordic_stage:stage1|y_out[6]                                        ; 2       ;
; cordic_top:CORDIC|cordic_stage:stage1|x_out[7]                                        ; 2       ;
; cordic_top:CORDIC|cordic_stage:stage1|y_out[7]                                        ; 2       ;
; cordic_top:CORDIC|cordic_stage:stage1|x_out[8]                                        ; 2       ;
; cordic_top:CORDIC|cordic_stage:stage1|y_out[8]                                        ; 2       ;
; cordic_top:CORDIC|cordic_stage:stage1|x_out[9]                                        ; 2       ;
; cordic_top:CORDIC|cordic_stage:stage1|y_out[9]                                        ; 2       ;
; cordic_top:CORDIC|cordic_stage:stage1|x_out[10]                                       ; 2       ;
; cordic_top:CORDIC|cordic_stage:stage1|y_out[10]                                       ; 2       ;
; cordic_top:CORDIC|cordic_stage:stage1|x_out[11]                                       ; 2       ;
; cordic_top:CORDIC|cordic_stage:stage1|y_out[11]                                       ; 2       ;
; cordic_top:CORDIC|cordic_stage:stage1|x_out[12]                                       ; 2       ;
; cordic_top:CORDIC|cordic_stage:stage1|y_out[12]                                       ; 2       ;
; cordic_top:CORDIC|cordic_stage:stage1|x_out[13]                                       ; 2       ;
; cordic_top:CORDIC|cordic_stage:stage1|y_out[13]                                       ; 2       ;
; cordic_top:CORDIC|cordic_stage:stage1|x_out[14]                                       ; 2       ;
; cordic_top:CORDIC|cordic_stage:stage1|y_out[14]                                       ; 2       ;
; cordic_top:CORDIC|cordic_stage:stage1|x_out[15]                                       ; 2       ;
; cordic_top:CORDIC|cordic_stage:stage1|y_out[15]                                       ; 2       ;
; cordic_top:CORDIC|cordic_stage:stage1|x_out[16]                                       ; 2       ;
; cordic_top:CORDIC|cordic_stage:stage1|y_out[16]                                       ; 2       ;
; cordic_top:CORDIC|cordic_stage:stage1|x_out[17]                                       ; 2       ;
; cordic_top:CORDIC|cordic_stage:stage1|y_out[17]                                       ; 2       ;
; cordic_top:CORDIC|cordic_stage:stage1|x_out[18]                                       ; 2       ;
; cordic_top:CORDIC|cordic_stage:stage1|y_out[18]                                       ; 2       ;
; cordic_top:CORDIC|cordic_stage:stage1|x_out[19]                                       ; 2       ;
; cordic_top:CORDIC|cordic_stage:stage1|y_out[19]                                       ; 2       ;
; cordic_top:CORDIC|cordic_stage:stage1|x_out[20]                                       ; 2       ;
; cordic_top:CORDIC|cordic_stage:stage1|y_out[20]                                       ; 2       ;
; cordic_top:CORDIC|cordic_stage:stage1|x_out[21]                                       ; 2       ;
; cordic_top:CORDIC|cordic_stage:stage1|y_out[21]                                       ; 2       ;
; cordic_top:CORDIC|cordic_stage:stage1|x_out[22]                                       ; 2       ;
; cordic_top:CORDIC|cordic_stage:stage1|y_out[22]                                       ; 2       ;
; cordic_top:CORDIC|cordic_stage:stage1|x_out[23]                                       ; 2       ;
; cordic_top:CORDIC|cordic_stage:stage1|y_out[23]                                       ; 2       ;
; cordic_top:CORDIC|cordic_stage:stage1|x_out[24]                                       ; 2       ;
; cordic_top:CORDIC|cordic_stage:stage1|y_out[24]                                       ; 2       ;
; cordic_top:CORDIC|cordic_stage:stage1|x_out[25]                                       ; 2       ;
; cordic_top:CORDIC|cordic_stage:stage1|y_out[25]                                       ; 2       ;
; cordic_top:CORDIC|cordic_stage:stage1|x_out[26]                                       ; 2       ;
; cordic_top:CORDIC|cordic_stage:stage1|y_out[26]                                       ; 2       ;
; cordic_top:CORDIC|cordic_stage:stage1|x_out[27]                                       ; 2       ;
; cordic_top:CORDIC|cordic_stage:stage1|y_out[27]                                       ; 2       ;
; cordic_top:CORDIC|cordic_stage:stage1|x_out[28]                                       ; 2       ;
; cordic_top:CORDIC|cordic_stage:stage1|y_out[28]                                       ; 2       ;
; cordic_top:CORDIC|cordic_stage:stage1|x_out[29]                                       ; 2       ;
; cordic_top:CORDIC|cordic_stage:stage1|y_out[29]                                       ; 2       ;
; cordic_top:CORDIC|cordic_stage:pipeline_gen[0].stage_inst|x_out[2]                    ; 2       ;
; cordic_top:CORDIC|cordic_stage:pipeline_gen[0].stage_inst|x_out[3]                    ; 2       ;
; cordic_top:CORDIC|cordic_stage:pipeline_gen[0].stage_inst|y_out[2]                    ; 2       ;
; cordic_top:CORDIC|cordic_stage:pipeline_gen[0].stage_inst|x_out[4]                    ; 2       ;
; cordic_top:CORDIC|cordic_stage:pipeline_gen[0].stage_inst|y_out[3]                    ; 2       ;
; cordic_top:CORDIC|cordic_stage:pipeline_gen[0].stage_inst|x_out[5]                    ; 2       ;
; cordic_top:CORDIC|cordic_stage:pipeline_gen[0].stage_inst|y_out[4]                    ; 2       ;
; cordic_top:CORDIC|cordic_stage:pipeline_gen[0].stage_inst|x_out[6]                    ; 2       ;
; cordic_top:CORDIC|cordic_stage:pipeline_gen[0].stage_inst|y_out[5]                    ; 2       ;
; cordic_top:CORDIC|cordic_stage:pipeline_gen[0].stage_inst|x_out[7]                    ; 2       ;
; cordic_top:CORDIC|cordic_stage:pipeline_gen[0].stage_inst|y_out[6]                    ; 2       ;
; cordic_top:CORDIC|cordic_stage:pipeline_gen[0].stage_inst|x_out[8]                    ; 2       ;
; cordic_top:CORDIC|cordic_stage:pipeline_gen[0].stage_inst|y_out[7]                    ; 2       ;
; cordic_top:CORDIC|cordic_stage:pipeline_gen[0].stage_inst|x_out[9]                    ; 2       ;
; cordic_top:CORDIC|cordic_stage:pipeline_gen[0].stage_inst|y_out[8]                    ; 2       ;
; cordic_top:CORDIC|cordic_stage:pipeline_gen[0].stage_inst|x_out[10]                   ; 2       ;
; cordic_top:CORDIC|cordic_stage:pipeline_gen[0].stage_inst|y_out[9]                    ; 2       ;
; cordic_top:CORDIC|cordic_stage:pipeline_gen[0].stage_inst|x_out[11]                   ; 2       ;
; cordic_top:CORDIC|cordic_stage:pipeline_gen[0].stage_inst|y_out[10]                   ; 2       ;
; cordic_top:CORDIC|cordic_stage:pipeline_gen[0].stage_inst|x_out[12]                   ; 2       ;
; cordic_top:CORDIC|cordic_stage:pipeline_gen[0].stage_inst|y_out[11]                   ; 2       ;
; cordic_top:CORDIC|cordic_stage:pipeline_gen[0].stage_inst|x_out[13]                   ; 2       ;
; cordic_top:CORDIC|cordic_stage:pipeline_gen[0].stage_inst|y_out[12]                   ; 2       ;
; cordic_top:CORDIC|cordic_stage:pipeline_gen[0].stage_inst|x_out[14]                   ; 2       ;
; cordic_top:CORDIC|cordic_stage:pipeline_gen[0].stage_inst|y_out[13]                   ; 2       ;
; cordic_top:CORDIC|cordic_stage:pipeline_gen[0].stage_inst|x_out[15]                   ; 2       ;
; cordic_top:CORDIC|cordic_stage:pipeline_gen[0].stage_inst|y_out[14]                   ; 2       ;
; cordic_top:CORDIC|cordic_stage:pipeline_gen[0].stage_inst|x_out[16]                   ; 2       ;
; cordic_top:CORDIC|cordic_stage:pipeline_gen[0].stage_inst|y_out[15]                   ; 2       ;
; cordic_top:CORDIC|cordic_stage:pipeline_gen[0].stage_inst|x_out[17]                   ; 2       ;
; cordic_top:CORDIC|cordic_stage:pipeline_gen[0].stage_inst|y_out[16]                   ; 2       ;
; cordic_top:CORDIC|cordic_stage:pipeline_gen[0].stage_inst|x_out[18]                   ; 2       ;
; cordic_top:CORDIC|cordic_stage:pipeline_gen[0].stage_inst|y_out[17]                   ; 2       ;
; cordic_top:CORDIC|cordic_stage:pipeline_gen[0].stage_inst|x_out[19]                   ; 2       ;
; cordic_top:CORDIC|cordic_stage:pipeline_gen[0].stage_inst|y_out[18]                   ; 2       ;
; cordic_top:CORDIC|cordic_stage:pipeline_gen[0].stage_inst|x_out[20]                   ; 2       ;
; cordic_top:CORDIC|cordic_stage:pipeline_gen[0].stage_inst|y_out[19]                   ; 2       ;
; cordic_top:CORDIC|cordic_stage:pipeline_gen[0].stage_inst|x_out[21]                   ; 2       ;
; cordic_top:CORDIC|cordic_stage:pipeline_gen[0].stage_inst|y_out[20]                   ; 2       ;
; cordic_top:CORDIC|cordic_stage:pipeline_gen[0].stage_inst|x_out[22]                   ; 2       ;
; cordic_top:CORDIC|cordic_stage:pipeline_gen[0].stage_inst|y_out[21]                   ; 2       ;
; cordic_top:CORDIC|cordic_stage:pipeline_gen[0].stage_inst|x_out[23]                   ; 2       ;
; cordic_top:CORDIC|cordic_stage:pipeline_gen[0].stage_inst|y_out[22]                   ; 2       ;
; cordic_top:CORDIC|cordic_stage:pipeline_gen[0].stage_inst|x_out[24]                   ; 2       ;
; cordic_top:CORDIC|cordic_stage:pipeline_gen[0].stage_inst|y_out[23]                   ; 2       ;
; cordic_top:CORDIC|cordic_stage:pipeline_gen[0].stage_inst|x_out[25]                   ; 2       ;
; cordic_top:CORDIC|cordic_stage:pipeline_gen[0].stage_inst|y_out[24]                   ; 2       ;
; cordic_top:CORDIC|cordic_stage:pipeline_gen[0].stage_inst|x_out[26]                   ; 2       ;
; cordic_top:CORDIC|cordic_stage:pipeline_gen[0].stage_inst|y_out[25]                   ; 2       ;
; cordic_top:CORDIC|cordic_stage:pipeline_gen[0].stage_inst|x_out[27]                   ; 2       ;
; cordic_top:CORDIC|cordic_stage:pipeline_gen[0].stage_inst|y_out[26]                   ; 2       ;
; cordic_top:CORDIC|cordic_stage:pipeline_gen[0].stage_inst|x_out[28]                   ; 2       ;
; cordic_top:CORDIC|cordic_stage:pipeline_gen[0].stage_inst|y_out[27]                   ; 2       ;
; cordic_top:CORDIC|cordic_stage:pipeline_gen[0].stage_inst|x_out[29]                   ; 2       ;
; cordic_top:CORDIC|cordic_stage:pipeline_gen[0].stage_inst|y_out[28]                   ; 2       ;
; cordic_top:CORDIC|cordic_stage:pipeline_gen[0].stage_inst|x_out[30]                   ; 2       ;
; cordic_top:CORDIC|cordic_stage:pipeline_gen[0].stage_inst|y_out[29]                   ; 2       ;
; cordic_top:CORDIC|cordic_stage:pipeline_gen[0].stage_inst|y_out[30]                   ; 2       ;
; cordic_top:CORDIC|cordic_stage:pipeline_gen[0].stage_inst|x_out[31]                   ; 2       ;
; cordic_top:CORDIC|cordic_stage:pipeline_gen[1].stage_inst|x_out[3]                    ; 2       ;
; cordic_top:CORDIC|cordic_stage:pipeline_gen[1].stage_inst|x_out[4]                    ; 2       ;
; cordic_top:CORDIC|cordic_stage:pipeline_gen[1].stage_inst|x_out[5]                    ; 2       ;
; cordic_top:CORDIC|cordic_stage:pipeline_gen[1].stage_inst|y_out[3]                    ; 2       ;
; cordic_top:CORDIC|cordic_stage:pipeline_gen[1].stage_inst|x_out[6]                    ; 2       ;
; cordic_top:CORDIC|cordic_stage:pipeline_gen[1].stage_inst|y_out[4]                    ; 2       ;
; cordic_top:CORDIC|cordic_stage:pipeline_gen[1].stage_inst|x_out[7]                    ; 2       ;
; cordic_top:CORDIC|cordic_stage:pipeline_gen[1].stage_inst|y_out[5]                    ; 2       ;
; cordic_top:CORDIC|cordic_stage:pipeline_gen[1].stage_inst|x_out[8]                    ; 2       ;
; cordic_top:CORDIC|cordic_stage:pipeline_gen[1].stage_inst|y_out[6]                    ; 2       ;
; cordic_top:CORDIC|cordic_stage:pipeline_gen[1].stage_inst|x_out[9]                    ; 2       ;
; cordic_top:CORDIC|cordic_stage:pipeline_gen[1].stage_inst|y_out[7]                    ; 2       ;
; cordic_top:CORDIC|cordic_stage:pipeline_gen[1].stage_inst|x_out[10]                   ; 2       ;
; cordic_top:CORDIC|cordic_stage:pipeline_gen[1].stage_inst|y_out[8]                    ; 2       ;
; cordic_top:CORDIC|cordic_stage:pipeline_gen[1].stage_inst|x_out[11]                   ; 2       ;
; cordic_top:CORDIC|cordic_stage:pipeline_gen[1].stage_inst|y_out[9]                    ; 2       ;
; cordic_top:CORDIC|cordic_stage:pipeline_gen[1].stage_inst|x_out[12]                   ; 2       ;
; cordic_top:CORDIC|cordic_stage:pipeline_gen[1].stage_inst|y_out[10]                   ; 2       ;
; cordic_top:CORDIC|cordic_stage:pipeline_gen[1].stage_inst|x_out[13]                   ; 2       ;
; cordic_top:CORDIC|cordic_stage:pipeline_gen[1].stage_inst|y_out[11]                   ; 2       ;
; cordic_top:CORDIC|cordic_stage:pipeline_gen[1].stage_inst|x_out[14]                   ; 2       ;
; cordic_top:CORDIC|cordic_stage:pipeline_gen[1].stage_inst|y_out[12]                   ; 2       ;
; cordic_top:CORDIC|cordic_stage:pipeline_gen[1].stage_inst|x_out[15]                   ; 2       ;
; cordic_top:CORDIC|cordic_stage:pipeline_gen[1].stage_inst|y_out[13]                   ; 2       ;
; cordic_top:CORDIC|cordic_stage:pipeline_gen[1].stage_inst|x_out[16]                   ; 2       ;
; cordic_top:CORDIC|cordic_stage:pipeline_gen[1].stage_inst|y_out[14]                   ; 2       ;
; cordic_top:CORDIC|cordic_stage:pipeline_gen[1].stage_inst|x_out[17]                   ; 2       ;
; cordic_top:CORDIC|cordic_stage:pipeline_gen[1].stage_inst|y_out[15]                   ; 2       ;
; cordic_top:CORDIC|cordic_stage:pipeline_gen[1].stage_inst|x_out[18]                   ; 2       ;
; cordic_top:CORDIC|cordic_stage:pipeline_gen[1].stage_inst|y_out[16]                   ; 2       ;
; cordic_top:CORDIC|cordic_stage:pipeline_gen[1].stage_inst|x_out[19]                   ; 2       ;
; cordic_top:CORDIC|cordic_stage:pipeline_gen[1].stage_inst|y_out[17]                   ; 2       ;
; cordic_top:CORDIC|cordic_stage:pipeline_gen[1].stage_inst|x_out[20]                   ; 2       ;
; cordic_top:CORDIC|cordic_stage:pipeline_gen[1].stage_inst|y_out[18]                   ; 2       ;
; cordic_top:CORDIC|cordic_stage:pipeline_gen[1].stage_inst|x_out[21]                   ; 2       ;
; cordic_top:CORDIC|cordic_stage:pipeline_gen[1].stage_inst|y_out[19]                   ; 2       ;
; cordic_top:CORDIC|cordic_stage:pipeline_gen[1].stage_inst|x_out[22]                   ; 2       ;
; cordic_top:CORDIC|cordic_stage:pipeline_gen[1].stage_inst|y_out[20]                   ; 2       ;
; cordic_top:CORDIC|cordic_stage:pipeline_gen[1].stage_inst|x_out[23]                   ; 2       ;
; cordic_top:CORDIC|cordic_stage:pipeline_gen[1].stage_inst|y_out[21]                   ; 2       ;
; cordic_top:CORDIC|cordic_stage:pipeline_gen[1].stage_inst|x_out[24]                   ; 2       ;
; cordic_top:CORDIC|cordic_stage:pipeline_gen[1].stage_inst|y_out[22]                   ; 2       ;
; cordic_top:CORDIC|cordic_stage:pipeline_gen[1].stage_inst|x_out[25]                   ; 2       ;
; cordic_top:CORDIC|cordic_stage:pipeline_gen[1].stage_inst|y_out[23]                   ; 2       ;
; cordic_top:CORDIC|cordic_stage:pipeline_gen[1].stage_inst|x_out[26]                   ; 2       ;
; cordic_top:CORDIC|cordic_stage:pipeline_gen[1].stage_inst|y_out[24]                   ; 2       ;
; cordic_top:CORDIC|cordic_stage:pipeline_gen[1].stage_inst|x_out[27]                   ; 2       ;
; cordic_top:CORDIC|cordic_stage:pipeline_gen[1].stage_inst|y_out[25]                   ; 2       ;
; cordic_top:CORDIC|cordic_stage:pipeline_gen[1].stage_inst|x_out[28]                   ; 2       ;
; cordic_top:CORDIC|cordic_stage:pipeline_gen[1].stage_inst|y_out[26]                   ; 2       ;
; cordic_top:CORDIC|cordic_stage:pipeline_gen[1].stage_inst|x_out[29]                   ; 2       ;
; cordic_top:CORDIC|cordic_stage:pipeline_gen[1].stage_inst|y_out[27]                   ; 2       ;
; cordic_top:CORDIC|cordic_stage:pipeline_gen[1].stage_inst|x_out[30]                   ; 2       ;
; cordic_top:CORDIC|cordic_stage:pipeline_gen[1].stage_inst|y_out[28]                   ; 2       ;
; cordic_top:CORDIC|cordic_stage:pipeline_gen[1].stage_inst|y_out[29]                   ; 2       ;
; cordic_top:CORDIC|cordic_stage:pipeline_gen[1].stage_inst|y_out[30]                   ; 2       ;
; cordic_top:CORDIC|cordic_stage:pipeline_gen[1].stage_inst|x_out[31]                   ; 2       ;
; cordic_top:CORDIC|cordic_stage:pipeline_gen[2].stage_inst|z_out[31]                   ; 2       ;
; cordic_top:CORDIC|cordic_stage:pipeline_gen[2].stage_inst|z_out[30]                   ; 2       ;
; cordic_top:CORDIC|cordic_stage:pipeline_gen[2].stage_inst|z_out[29]                   ; 2       ;
; cordic_top:CORDIC|cordic_stage:pipeline_gen[2].stage_inst|z_out[28]                   ; 2       ;
; cordic_top:CORDIC|cordic_stage:pipeline_gen[2].stage_inst|z_out[27]                   ; 2       ;
; cordic_top:CORDIC|cordic_stage:pipeline_gen[2].stage_inst|z_out[26]                   ; 2       ;
; cordic_top:CORDIC|cordic_stage:pipeline_gen[2].stage_inst|z_out[25]                   ; 2       ;
; cordic_top:CORDIC|cordic_stage:pipeline_gen[2].stage_inst|z_out[24]                   ; 2       ;
; cordic_top:CORDIC|cordic_stage:pipeline_gen[2].stage_inst|z_out[23]                   ; 2       ;
; cordic_top:CORDIC|cordic_stage:pipeline_gen[2].stage_inst|z_out[22]                   ; 2       ;
; cordic_top:CORDIC|cordic_stage:pipeline_gen[2].stage_inst|z_out[21]                   ; 2       ;
; cordic_top:CORDIC|cordic_stage:pipeline_gen[2].stage_inst|z_out[20]                   ; 2       ;
; cordic_top:CORDIC|cordic_stage:pipeline_gen[2].stage_inst|z_out[19]                   ; 2       ;
; cordic_top:CORDIC|cordic_stage:pipeline_gen[2].stage_inst|z_out[18]                   ; 2       ;
; cordic_top:CORDIC|cordic_stage:pipeline_gen[2].stage_inst|z_out[17]                   ; 2       ;
; cordic_top:CORDIC|cordic_stage:pipeline_gen[2].stage_inst|z_out[16]                   ; 2       ;
; cordic_top:CORDIC|cordic_stage:pipeline_gen[2].stage_inst|z_out[15]                   ; 2       ;
; cordic_top:CORDIC|cordic_stage:pipeline_gen[2].stage_inst|z_out[14]                   ; 2       ;
; cordic_top:CORDIC|cordic_stage:pipeline_gen[2].stage_inst|z_out[13]                   ; 2       ;
; cordic_top:CORDIC|cordic_stage:pipeline_gen[2].stage_inst|z_out[12]                   ; 2       ;
; cordic_top:CORDIC|cordic_stage:pipeline_gen[2].stage_inst|z_out[11]                   ; 2       ;
; cordic_top:CORDIC|cordic_stage:pipeline_gen[2].stage_inst|z_out[10]                   ; 2       ;
; cordic_top:CORDIC|cordic_stage:pipeline_gen[2].stage_inst|z_out[9]                    ; 2       ;
; cordic_top:CORDIC|cordic_stage:pipeline_gen[2].stage_inst|z_out[8]                    ; 2       ;
; cordic_top:CORDIC|cordic_stage:pipeline_gen[2].stage_inst|z_out[7]                    ; 2       ;
; cordic_top:CORDIC|cordic_stage:pipeline_gen[2].stage_inst|z_out[6]                    ; 2       ;
; cordic_top:CORDIC|cordic_stage:pipeline_gen[2].stage_inst|z_out[5]                    ; 2       ;
; cordic_top:CORDIC|cordic_stage:pipeline_gen[2].stage_inst|z_out[4]                    ; 2       ;
; cordic_top:CORDIC|cordic_stage:pipeline_gen[2].stage_inst|z_out[3]                    ; 2       ;
; cordic_top:CORDIC|cordic_stage:pipeline_gen[2].stage_inst|z_out[2]                    ; 2       ;
; cordic_top:CORDIC|cordic_stage:pipeline_gen[2].stage_inst|x_out[4]                    ; 2       ;
; cordic_top:CORDIC|cordic_stage:pipeline_gen[2].stage_inst|x_out[5]                    ; 2       ;
; cordic_top:CORDIC|cordic_stage:pipeline_gen[2].stage_inst|x_out[6]                    ; 2       ;
; cordic_top:CORDIC|cordic_stage:pipeline_gen[2].stage_inst|x_out[7]                    ; 2       ;
; cordic_top:CORDIC|cordic_stage:pipeline_gen[2].stage_inst|y_out[4]                    ; 2       ;
; cordic_top:CORDIC|cordic_stage:pipeline_gen[2].stage_inst|x_out[8]                    ; 2       ;
; cordic_top:CORDIC|cordic_stage:pipeline_gen[2].stage_inst|y_out[5]                    ; 2       ;
; cordic_top:CORDIC|cordic_stage:pipeline_gen[2].stage_inst|x_out[9]                    ; 2       ;
; cordic_top:CORDIC|cordic_stage:pipeline_gen[2].stage_inst|y_out[6]                    ; 2       ;
; cordic_top:CORDIC|cordic_stage:pipeline_gen[2].stage_inst|x_out[10]                   ; 2       ;
; cordic_top:CORDIC|cordic_stage:pipeline_gen[2].stage_inst|y_out[7]                    ; 2       ;
; cordic_top:CORDIC|cordic_stage:pipeline_gen[2].stage_inst|x_out[11]                   ; 2       ;
; cordic_top:CORDIC|cordic_stage:pipeline_gen[2].stage_inst|y_out[8]                    ; 2       ;
; cordic_top:CORDIC|cordic_stage:pipeline_gen[2].stage_inst|x_out[12]                   ; 2       ;
; cordic_top:CORDIC|cordic_stage:pipeline_gen[2].stage_inst|y_out[9]                    ; 2       ;
; cordic_top:CORDIC|cordic_stage:pipeline_gen[2].stage_inst|x_out[13]                   ; 2       ;
; cordic_top:CORDIC|cordic_stage:pipeline_gen[2].stage_inst|y_out[10]                   ; 2       ;
; cordic_top:CORDIC|cordic_stage:pipeline_gen[2].stage_inst|x_out[14]                   ; 2       ;
; cordic_top:CORDIC|cordic_stage:pipeline_gen[2].stage_inst|y_out[11]                   ; 2       ;
; cordic_top:CORDIC|cordic_stage:pipeline_gen[2].stage_inst|x_out[15]                   ; 2       ;
; cordic_top:CORDIC|cordic_stage:pipeline_gen[2].stage_inst|y_out[12]                   ; 2       ;
; cordic_top:CORDIC|cordic_stage:pipeline_gen[2].stage_inst|x_out[16]                   ; 2       ;
; cordic_top:CORDIC|cordic_stage:pipeline_gen[2].stage_inst|y_out[13]                   ; 2       ;
; cordic_top:CORDIC|cordic_stage:pipeline_gen[2].stage_inst|x_out[17]                   ; 2       ;
; cordic_top:CORDIC|cordic_stage:pipeline_gen[2].stage_inst|y_out[14]                   ; 2       ;
; cordic_top:CORDIC|cordic_stage:pipeline_gen[2].stage_inst|x_out[18]                   ; 2       ;
; cordic_top:CORDIC|cordic_stage:pipeline_gen[2].stage_inst|y_out[15]                   ; 2       ;
; cordic_top:CORDIC|cordic_stage:pipeline_gen[2].stage_inst|x_out[19]                   ; 2       ;
; cordic_top:CORDIC|cordic_stage:pipeline_gen[2].stage_inst|y_out[16]                   ; 2       ;
; cordic_top:CORDIC|cordic_stage:pipeline_gen[2].stage_inst|x_out[20]                   ; 2       ;
; cordic_top:CORDIC|cordic_stage:pipeline_gen[2].stage_inst|y_out[17]                   ; 2       ;
; cordic_top:CORDIC|cordic_stage:pipeline_gen[2].stage_inst|x_out[21]                   ; 2       ;
; cordic_top:CORDIC|cordic_stage:pipeline_gen[2].stage_inst|y_out[18]                   ; 2       ;
; cordic_top:CORDIC|cordic_stage:pipeline_gen[2].stage_inst|x_out[22]                   ; 2       ;
; cordic_top:CORDIC|cordic_stage:pipeline_gen[2].stage_inst|y_out[19]                   ; 2       ;
; cordic_top:CORDIC|cordic_stage:pipeline_gen[2].stage_inst|x_out[23]                   ; 2       ;
; cordic_top:CORDIC|cordic_stage:pipeline_gen[2].stage_inst|y_out[20]                   ; 2       ;
; cordic_top:CORDIC|cordic_stage:pipeline_gen[2].stage_inst|x_out[24]                   ; 2       ;
; cordic_top:CORDIC|cordic_stage:pipeline_gen[2].stage_inst|y_out[21]                   ; 2       ;
; cordic_top:CORDIC|cordic_stage:pipeline_gen[2].stage_inst|x_out[25]                   ; 2       ;
; cordic_top:CORDIC|cordic_stage:pipeline_gen[2].stage_inst|y_out[22]                   ; 2       ;
; cordic_top:CORDIC|cordic_stage:pipeline_gen[2].stage_inst|x_out[26]                   ; 2       ;
; cordic_top:CORDIC|cordic_stage:pipeline_gen[2].stage_inst|y_out[23]                   ; 2       ;
; cordic_top:CORDIC|cordic_stage:pipeline_gen[2].stage_inst|x_out[27]                   ; 2       ;
; cordic_top:CORDIC|cordic_stage:pipeline_gen[2].stage_inst|y_out[24]                   ; 2       ;
; cordic_top:CORDIC|cordic_stage:pipeline_gen[2].stage_inst|x_out[28]                   ; 2       ;
; cordic_top:CORDIC|cordic_stage:pipeline_gen[2].stage_inst|y_out[25]                   ; 2       ;
; cordic_top:CORDIC|cordic_stage:pipeline_gen[2].stage_inst|x_out[29]                   ; 2       ;
; cordic_top:CORDIC|cordic_stage:pipeline_gen[2].stage_inst|y_out[26]                   ; 2       ;
; cordic_top:CORDIC|cordic_stage:pipeline_gen[2].stage_inst|x_out[30]                   ; 2       ;
; cordic_top:CORDIC|cordic_stage:pipeline_gen[2].stage_inst|y_out[27]                   ; 2       ;
; cordic_top:CORDIC|cordic_stage:pipeline_gen[2].stage_inst|y_out[28]                   ; 2       ;
; cordic_top:CORDIC|cordic_stage:pipeline_gen[2].stage_inst|y_out[29]                   ; 2       ;
; cordic_top:CORDIC|cordic_stage:pipeline_gen[2].stage_inst|y_out[30]                   ; 2       ;
; cordic_top:CORDIC|cordic_stage:pipeline_gen[2].stage_inst|x_out[31]                   ; 2       ;
; cordic_top:CORDIC|cordic_stage:pipeline_gen[3].stage_inst|z_out[31]                   ; 2       ;
; cordic_top:CORDIC|cordic_stage:pipeline_gen[3].stage_inst|z_out[30]                   ; 2       ;
; cordic_top:CORDIC|cordic_stage:pipeline_gen[3].stage_inst|z_out[29]                   ; 2       ;
; cordic_top:CORDIC|cordic_stage:pipeline_gen[3].stage_inst|z_out[28]                   ; 2       ;
; cordic_top:CORDIC|cordic_stage:pipeline_gen[3].stage_inst|z_out[27]                   ; 2       ;
; cordic_top:CORDIC|cordic_stage:pipeline_gen[3].stage_inst|z_out[26]                   ; 2       ;
; cordic_top:CORDIC|cordic_stage:pipeline_gen[3].stage_inst|z_out[25]                   ; 2       ;
; cordic_top:CORDIC|cordic_stage:pipeline_gen[3].stage_inst|z_out[24]                   ; 2       ;
; cordic_top:CORDIC|cordic_stage:pipeline_gen[3].stage_inst|z_out[23]                   ; 2       ;
; cordic_top:CORDIC|cordic_stage:pipeline_gen[3].stage_inst|z_out[22]                   ; 2       ;
; cordic_top:CORDIC|cordic_stage:pipeline_gen[3].stage_inst|z_out[21]                   ; 2       ;
; cordic_top:CORDIC|cordic_stage:pipeline_gen[3].stage_inst|z_out[20]                   ; 2       ;
; cordic_top:CORDIC|cordic_stage:pipeline_gen[3].stage_inst|z_out[19]                   ; 2       ;
; cordic_top:CORDIC|cordic_stage:pipeline_gen[3].stage_inst|z_out[18]                   ; 2       ;
; cordic_top:CORDIC|cordic_stage:pipeline_gen[3].stage_inst|z_out[17]                   ; 2       ;
; cordic_top:CORDIC|cordic_stage:pipeline_gen[3].stage_inst|z_out[16]                   ; 2       ;
; cordic_top:CORDIC|cordic_stage:pipeline_gen[3].stage_inst|z_out[15]                   ; 2       ;
; cordic_top:CORDIC|cordic_stage:pipeline_gen[3].stage_inst|z_out[14]                   ; 2       ;
; cordic_top:CORDIC|cordic_stage:pipeline_gen[3].stage_inst|z_out[13]                   ; 2       ;
; cordic_top:CORDIC|cordic_stage:pipeline_gen[3].stage_inst|z_out[12]                   ; 2       ;
; cordic_top:CORDIC|cordic_stage:pipeline_gen[3].stage_inst|z_out[11]                   ; 2       ;
; cordic_top:CORDIC|cordic_stage:pipeline_gen[3].stage_inst|z_out[10]                   ; 2       ;
; cordic_top:CORDIC|cordic_stage:pipeline_gen[3].stage_inst|z_out[9]                    ; 2       ;
; cordic_top:CORDIC|cordic_stage:pipeline_gen[3].stage_inst|z_out[8]                    ; 2       ;
; cordic_top:CORDIC|cordic_stage:pipeline_gen[3].stage_inst|z_out[7]                    ; 2       ;
; cordic_top:CORDIC|cordic_stage:pipeline_gen[3].stage_inst|z_out[6]                    ; 2       ;
; cordic_top:CORDIC|cordic_stage:pipeline_gen[3].stage_inst|z_out[4]                    ; 2       ;
; cordic_top:CORDIC|cordic_stage:pipeline_gen[3].stage_inst|z_out[3]                    ; 2       ;
; cordic_top:CORDIC|cordic_stage:pipeline_gen[3].stage_inst|z_out[2]                    ; 2       ;
; cordic_top:CORDIC|cordic_stage:pipeline_gen[3].stage_inst|x_out[5]                    ; 2       ;
; cordic_top:CORDIC|cordic_stage:pipeline_gen[3].stage_inst|x_out[6]                    ; 2       ;
; cordic_top:CORDIC|cordic_stage:pipeline_gen[3].stage_inst|x_out[7]                    ; 2       ;
; cordic_top:CORDIC|cordic_stage:pipeline_gen[3].stage_inst|x_out[8]                    ; 2       ;
; cordic_top:CORDIC|cordic_stage:pipeline_gen[3].stage_inst|x_out[9]                    ; 2       ;
; cordic_top:CORDIC|cordic_stage:pipeline_gen[3].stage_inst|y_out[5]                    ; 2       ;
; cordic_top:CORDIC|cordic_stage:pipeline_gen[3].stage_inst|x_out[10]                   ; 2       ;
; cordic_top:CORDIC|cordic_stage:pipeline_gen[3].stage_inst|y_out[6]                    ; 2       ;
; cordic_top:CORDIC|cordic_stage:pipeline_gen[3].stage_inst|x_out[11]                   ; 2       ;
; cordic_top:CORDIC|cordic_stage:pipeline_gen[3].stage_inst|y_out[7]                    ; 2       ;
; cordic_top:CORDIC|cordic_stage:pipeline_gen[3].stage_inst|x_out[12]                   ; 2       ;
; cordic_top:CORDIC|cordic_stage:pipeline_gen[3].stage_inst|y_out[8]                    ; 2       ;
; cordic_top:CORDIC|cordic_stage:pipeline_gen[3].stage_inst|x_out[13]                   ; 2       ;
; cordic_top:CORDIC|cordic_stage:pipeline_gen[3].stage_inst|y_out[9]                    ; 2       ;
; cordic_top:CORDIC|cordic_stage:pipeline_gen[3].stage_inst|x_out[14]                   ; 2       ;
; cordic_top:CORDIC|cordic_stage:pipeline_gen[3].stage_inst|y_out[10]                   ; 2       ;
; cordic_top:CORDIC|cordic_stage:pipeline_gen[3].stage_inst|x_out[15]                   ; 2       ;
; cordic_top:CORDIC|cordic_stage:pipeline_gen[3].stage_inst|y_out[11]                   ; 2       ;
; cordic_top:CORDIC|cordic_stage:pipeline_gen[3].stage_inst|x_out[16]                   ; 2       ;
; cordic_top:CORDIC|cordic_stage:pipeline_gen[3].stage_inst|y_out[12]                   ; 2       ;
; cordic_top:CORDIC|cordic_stage:pipeline_gen[3].stage_inst|x_out[17]                   ; 2       ;
; cordic_top:CORDIC|cordic_stage:pipeline_gen[3].stage_inst|y_out[13]                   ; 2       ;
; cordic_top:CORDIC|cordic_stage:pipeline_gen[3].stage_inst|x_out[18]                   ; 2       ;
; cordic_top:CORDIC|cordic_stage:pipeline_gen[3].stage_inst|y_out[14]                   ; 2       ;
; cordic_top:CORDIC|cordic_stage:pipeline_gen[3].stage_inst|x_out[19]                   ; 2       ;
; cordic_top:CORDIC|cordic_stage:pipeline_gen[3].stage_inst|y_out[15]                   ; 2       ;
; cordic_top:CORDIC|cordic_stage:pipeline_gen[3].stage_inst|x_out[20]                   ; 2       ;
; cordic_top:CORDIC|cordic_stage:pipeline_gen[3].stage_inst|y_out[16]                   ; 2       ;
; cordic_top:CORDIC|cordic_stage:pipeline_gen[3].stage_inst|x_out[21]                   ; 2       ;
; cordic_top:CORDIC|cordic_stage:pipeline_gen[3].stage_inst|y_out[17]                   ; 2       ;
; cordic_top:CORDIC|cordic_stage:pipeline_gen[3].stage_inst|x_out[22]                   ; 2       ;
; cordic_top:CORDIC|cordic_stage:pipeline_gen[3].stage_inst|y_out[18]                   ; 2       ;
; cordic_top:CORDIC|cordic_stage:pipeline_gen[3].stage_inst|x_out[23]                   ; 2       ;
; cordic_top:CORDIC|cordic_stage:pipeline_gen[3].stage_inst|y_out[19]                   ; 2       ;
; cordic_top:CORDIC|cordic_stage:pipeline_gen[3].stage_inst|x_out[24]                   ; 2       ;
; cordic_top:CORDIC|cordic_stage:pipeline_gen[3].stage_inst|y_out[20]                   ; 2       ;
; cordic_top:CORDIC|cordic_stage:pipeline_gen[3].stage_inst|x_out[25]                   ; 2       ;
; cordic_top:CORDIC|cordic_stage:pipeline_gen[3].stage_inst|y_out[21]                   ; 2       ;
; cordic_top:CORDIC|cordic_stage:pipeline_gen[3].stage_inst|x_out[26]                   ; 2       ;
; cordic_top:CORDIC|cordic_stage:pipeline_gen[3].stage_inst|y_out[22]                   ; 2       ;
; cordic_top:CORDIC|cordic_stage:pipeline_gen[3].stage_inst|x_out[27]                   ; 2       ;
; cordic_top:CORDIC|cordic_stage:pipeline_gen[3].stage_inst|y_out[23]                   ; 2       ;
; cordic_top:CORDIC|cordic_stage:pipeline_gen[3].stage_inst|x_out[28]                   ; 2       ;
; cordic_top:CORDIC|cordic_stage:pipeline_gen[3].stage_inst|y_out[24]                   ; 2       ;
; cordic_top:CORDIC|cordic_stage:pipeline_gen[3].stage_inst|x_out[29]                   ; 2       ;
; cordic_top:CORDIC|cordic_stage:pipeline_gen[3].stage_inst|y_out[25]                   ; 2       ;
; cordic_top:CORDIC|cordic_stage:pipeline_gen[3].stage_inst|x_out[30]                   ; 2       ;
; cordic_top:CORDIC|cordic_stage:pipeline_gen[3].stage_inst|y_out[26]                   ; 2       ;
; cordic_top:CORDIC|cordic_stage:pipeline_gen[3].stage_inst|y_out[27]                   ; 2       ;
; cordic_top:CORDIC|cordic_stage:pipeline_gen[3].stage_inst|y_out[28]                   ; 2       ;
; cordic_top:CORDIC|cordic_stage:pipeline_gen[3].stage_inst|y_out[29]                   ; 2       ;
; cordic_top:CORDIC|cordic_stage:pipeline_gen[3].stage_inst|y_out[30]                   ; 2       ;
; cordic_top:CORDIC|cordic_stage:pipeline_gen[3].stage_inst|x_out[31]                   ; 2       ;
; cordic_top:CORDIC|cordic_stage:pipeline_gen[3].stage_inst|z_out[1]                    ; 2       ;
; cordic_top:CORDIC|cordic_stage:pipeline_gen[4].stage_inst|x_out[6]                    ; 2       ;
; cordic_top:CORDIC|cordic_stage:pipeline_gen[4].stage_inst|x_out[7]                    ; 2       ;
; cordic_top:CORDIC|cordic_stage:pipeline_gen[4].stage_inst|x_out[8]                    ; 2       ;
; cordic_top:CORDIC|cordic_stage:pipeline_gen[4].stage_inst|x_out[9]                    ; 2       ;
; cordic_top:CORDIC|cordic_stage:pipeline_gen[4].stage_inst|x_out[10]                   ; 2       ;
; cordic_top:CORDIC|cordic_stage:pipeline_gen[4].stage_inst|x_out[11]                   ; 2       ;
; cordic_top:CORDIC|cordic_stage:pipeline_gen[4].stage_inst|y_out[6]                    ; 2       ;
; cordic_top:CORDIC|cordic_stage:pipeline_gen[4].stage_inst|x_out[12]                   ; 2       ;
; cordic_top:CORDIC|cordic_stage:pipeline_gen[4].stage_inst|y_out[7]                    ; 2       ;
; cordic_top:CORDIC|cordic_stage:pipeline_gen[4].stage_inst|x_out[13]                   ; 2       ;
; cordic_top:CORDIC|cordic_stage:pipeline_gen[4].stage_inst|y_out[8]                    ; 2       ;
; cordic_top:CORDIC|cordic_stage:pipeline_gen[4].stage_inst|x_out[14]                   ; 2       ;
; cordic_top:CORDIC|cordic_stage:pipeline_gen[4].stage_inst|y_out[9]                    ; 2       ;
; cordic_top:CORDIC|cordic_stage:pipeline_gen[4].stage_inst|x_out[15]                   ; 2       ;
; cordic_top:CORDIC|cordic_stage:pipeline_gen[4].stage_inst|y_out[10]                   ; 2       ;
; cordic_top:CORDIC|cordic_stage:pipeline_gen[4].stage_inst|x_out[16]                   ; 2       ;
; cordic_top:CORDIC|cordic_stage:pipeline_gen[4].stage_inst|y_out[11]                   ; 2       ;
; cordic_top:CORDIC|cordic_stage:pipeline_gen[4].stage_inst|x_out[17]                   ; 2       ;
; cordic_top:CORDIC|cordic_stage:pipeline_gen[4].stage_inst|y_out[12]                   ; 2       ;
; cordic_top:CORDIC|cordic_stage:pipeline_gen[4].stage_inst|x_out[18]                   ; 2       ;
; cordic_top:CORDIC|cordic_stage:pipeline_gen[4].stage_inst|y_out[13]                   ; 2       ;
; cordic_top:CORDIC|cordic_stage:pipeline_gen[4].stage_inst|x_out[19]                   ; 2       ;
; cordic_top:CORDIC|cordic_stage:pipeline_gen[4].stage_inst|y_out[14]                   ; 2       ;
; cordic_top:CORDIC|cordic_stage:pipeline_gen[4].stage_inst|x_out[20]                   ; 2       ;
; cordic_top:CORDIC|cordic_stage:pipeline_gen[4].stage_inst|y_out[15]                   ; 2       ;
; cordic_top:CORDIC|cordic_stage:pipeline_gen[4].stage_inst|x_out[21]                   ; 2       ;
; cordic_top:CORDIC|cordic_stage:pipeline_gen[4].stage_inst|y_out[16]                   ; 2       ;
; cordic_top:CORDIC|cordic_stage:pipeline_gen[4].stage_inst|x_out[22]                   ; 2       ;
; cordic_top:CORDIC|cordic_stage:pipeline_gen[4].stage_inst|y_out[17]                   ; 2       ;
; cordic_top:CORDIC|cordic_stage:pipeline_gen[4].stage_inst|x_out[23]                   ; 2       ;
; cordic_top:CORDIC|cordic_stage:pipeline_gen[4].stage_inst|y_out[18]                   ; 2       ;
; cordic_top:CORDIC|cordic_stage:pipeline_gen[4].stage_inst|x_out[24]                   ; 2       ;
; cordic_top:CORDIC|cordic_stage:pipeline_gen[4].stage_inst|y_out[19]                   ; 2       ;
; cordic_top:CORDIC|cordic_stage:pipeline_gen[4].stage_inst|x_out[25]                   ; 2       ;
; cordic_top:CORDIC|cordic_stage:pipeline_gen[4].stage_inst|y_out[20]                   ; 2       ;
; cordic_top:CORDIC|cordic_stage:pipeline_gen[4].stage_inst|x_out[26]                   ; 2       ;
; cordic_top:CORDIC|cordic_stage:pipeline_gen[4].stage_inst|y_out[21]                   ; 2       ;
; cordic_top:CORDIC|cordic_stage:pipeline_gen[4].stage_inst|x_out[27]                   ; 2       ;
; cordic_top:CORDIC|cordic_stage:pipeline_gen[4].stage_inst|y_out[22]                   ; 2       ;
; cordic_top:CORDIC|cordic_stage:pipeline_gen[4].stage_inst|x_out[28]                   ; 2       ;
; cordic_top:CORDIC|cordic_stage:pipeline_gen[4].stage_inst|y_out[23]                   ; 2       ;
; cordic_top:CORDIC|cordic_stage:pipeline_gen[4].stage_inst|x_out[29]                   ; 2       ;
; cordic_top:CORDIC|cordic_stage:pipeline_gen[4].stage_inst|y_out[24]                   ; 2       ;
; cordic_top:CORDIC|cordic_stage:pipeline_gen[4].stage_inst|x_out[30]                   ; 2       ;
; cordic_top:CORDIC|cordic_stage:pipeline_gen[4].stage_inst|y_out[25]                   ; 2       ;
; cordic_top:CORDIC|cordic_stage:pipeline_gen[4].stage_inst|y_out[26]                   ; 2       ;
; cordic_top:CORDIC|cordic_stage:pipeline_gen[4].stage_inst|y_out[27]                   ; 2       ;
; cordic_top:CORDIC|cordic_stage:pipeline_gen[4].stage_inst|y_out[28]                   ; 2       ;
; cordic_top:CORDIC|cordic_stage:pipeline_gen[4].stage_inst|y_out[29]                   ; 2       ;
; cordic_top:CORDIC|cordic_stage:pipeline_gen[4].stage_inst|y_out[30]                   ; 2       ;
; cordic_top:CORDIC|cordic_stage:pipeline_gen[4].stage_inst|x_out[31]                   ; 2       ;
; cordic_top:CORDIC|cordic_stage:pipeline_gen[5].stage_inst|z_out[31]                   ; 2       ;
; cordic_top:CORDIC|cordic_stage:pipeline_gen[5].stage_inst|z_out[30]                   ; 2       ;
; cordic_top:CORDIC|cordic_stage:pipeline_gen[5].stage_inst|z_out[29]                   ; 2       ;
; cordic_top:CORDIC|cordic_stage:pipeline_gen[5].stage_inst|z_out[28]                   ; 2       ;
; cordic_top:CORDIC|cordic_stage:pipeline_gen[5].stage_inst|z_out[27]                   ; 2       ;
; cordic_top:CORDIC|cordic_stage:pipeline_gen[5].stage_inst|z_out[26]                   ; 2       ;
; cordic_top:CORDIC|cordic_stage:pipeline_gen[5].stage_inst|z_out[25]                   ; 2       ;
; cordic_top:CORDIC|cordic_stage:pipeline_gen[5].stage_inst|z_out[24]                   ; 2       ;
; cordic_top:CORDIC|cordic_stage:pipeline_gen[5].stage_inst|z_out[23]                   ; 2       ;
; cordic_top:CORDIC|cordic_stage:pipeline_gen[5].stage_inst|z_out[22]                   ; 2       ;
; cordic_top:CORDIC|cordic_stage:pipeline_gen[5].stage_inst|z_out[21]                   ; 2       ;
; cordic_top:CORDIC|cordic_stage:pipeline_gen[5].stage_inst|z_out[20]                   ; 2       ;
; cordic_top:CORDIC|cordic_stage:pipeline_gen[5].stage_inst|z_out[19]                   ; 2       ;
; cordic_top:CORDIC|cordic_stage:pipeline_gen[5].stage_inst|z_out[18]                   ; 2       ;
; cordic_top:CORDIC|cordic_stage:pipeline_gen[5].stage_inst|z_out[17]                   ; 2       ;
; cordic_top:CORDIC|cordic_stage:pipeline_gen[5].stage_inst|z_out[16]                   ; 2       ;
; cordic_top:CORDIC|cordic_stage:pipeline_gen[5].stage_inst|z_out[15]                   ; 2       ;
; cordic_top:CORDIC|cordic_stage:pipeline_gen[5].stage_inst|z_out[14]                   ; 2       ;
; cordic_top:CORDIC|cordic_stage:pipeline_gen[5].stage_inst|z_out[13]                   ; 2       ;
; cordic_top:CORDIC|cordic_stage:pipeline_gen[5].stage_inst|z_out[12]                   ; 2       ;
; cordic_top:CORDIC|cordic_stage:pipeline_gen[5].stage_inst|z_out[11]                   ; 2       ;
; cordic_top:CORDIC|cordic_stage:pipeline_gen[5].stage_inst|z_out[10]                   ; 2       ;
; cordic_top:CORDIC|cordic_stage:pipeline_gen[5].stage_inst|z_out[9]                    ; 2       ;
; cordic_top:CORDIC|cordic_stage:pipeline_gen[5].stage_inst|z_out[8]                    ; 2       ;
; cordic_top:CORDIC|cordic_stage:pipeline_gen[5].stage_inst|z_out[7]                    ; 2       ;
; cordic_top:CORDIC|cordic_stage:pipeline_gen[5].stage_inst|z_out[6]                    ; 2       ;
; cordic_top:CORDIC|cordic_stage:pipeline_gen[5].stage_inst|z_out[5]                    ; 2       ;
; cordic_top:CORDIC|cordic_stage:pipeline_gen[5].stage_inst|z_out[4]                    ; 2       ;
; cordic_top:CORDIC|cordic_stage:pipeline_gen[5].stage_inst|z_out[3]                    ; 2       ;
; cordic_top:CORDIC|cordic_stage:pipeline_gen[5].stage_inst|z_out[2]                    ; 2       ;
; cordic_top:CORDIC|cordic_stage:pipeline_gen[5].stage_inst|x_out[7]                    ; 2       ;
; cordic_top:CORDIC|cordic_stage:pipeline_gen[5].stage_inst|x_out[8]                    ; 2       ;
; cordic_top:CORDIC|cordic_stage:pipeline_gen[5].stage_inst|x_out[9]                    ; 2       ;
; cordic_top:CORDIC|cordic_stage:pipeline_gen[5].stage_inst|x_out[10]                   ; 2       ;
; cordic_top:CORDIC|cordic_stage:pipeline_gen[5].stage_inst|x_out[11]                   ; 2       ;
; cordic_top:CORDIC|cordic_stage:pipeline_gen[5].stage_inst|x_out[12]                   ; 2       ;
; cordic_top:CORDIC|cordic_stage:pipeline_gen[5].stage_inst|x_out[13]                   ; 2       ;
; cordic_top:CORDIC|cordic_stage:pipeline_gen[5].stage_inst|y_out[7]                    ; 2       ;
; cordic_top:CORDIC|cordic_stage:pipeline_gen[5].stage_inst|x_out[14]                   ; 2       ;
; cordic_top:CORDIC|cordic_stage:pipeline_gen[5].stage_inst|y_out[8]                    ; 2       ;
; cordic_top:CORDIC|cordic_stage:pipeline_gen[5].stage_inst|x_out[15]                   ; 2       ;
; cordic_top:CORDIC|cordic_stage:pipeline_gen[5].stage_inst|y_out[9]                    ; 2       ;
; cordic_top:CORDIC|cordic_stage:pipeline_gen[5].stage_inst|x_out[16]                   ; 2       ;
; cordic_top:CORDIC|cordic_stage:pipeline_gen[5].stage_inst|y_out[10]                   ; 2       ;
; cordic_top:CORDIC|cordic_stage:pipeline_gen[5].stage_inst|x_out[17]                   ; 2       ;
; cordic_top:CORDIC|cordic_stage:pipeline_gen[5].stage_inst|y_out[11]                   ; 2       ;
; cordic_top:CORDIC|cordic_stage:pipeline_gen[5].stage_inst|x_out[18]                   ; 2       ;
; cordic_top:CORDIC|cordic_stage:pipeline_gen[5].stage_inst|y_out[12]                   ; 2       ;
; cordic_top:CORDIC|cordic_stage:pipeline_gen[5].stage_inst|x_out[19]                   ; 2       ;
; cordic_top:CORDIC|cordic_stage:pipeline_gen[5].stage_inst|y_out[13]                   ; 2       ;
; cordic_top:CORDIC|cordic_stage:pipeline_gen[5].stage_inst|x_out[20]                   ; 2       ;
; cordic_top:CORDIC|cordic_stage:pipeline_gen[5].stage_inst|y_out[14]                   ; 2       ;
; cordic_top:CORDIC|cordic_stage:pipeline_gen[5].stage_inst|x_out[21]                   ; 2       ;
; cordic_top:CORDIC|cordic_stage:pipeline_gen[5].stage_inst|y_out[15]                   ; 2       ;
; cordic_top:CORDIC|cordic_stage:pipeline_gen[5].stage_inst|x_out[22]                   ; 2       ;
; cordic_top:CORDIC|cordic_stage:pipeline_gen[5].stage_inst|y_out[16]                   ; 2       ;
; cordic_top:CORDIC|cordic_stage:pipeline_gen[5].stage_inst|x_out[23]                   ; 2       ;
; cordic_top:CORDIC|cordic_stage:pipeline_gen[5].stage_inst|y_out[17]                   ; 2       ;
; cordic_top:CORDIC|cordic_stage:pipeline_gen[5].stage_inst|x_out[24]                   ; 2       ;
; cordic_top:CORDIC|cordic_stage:pipeline_gen[5].stage_inst|y_out[18]                   ; 2       ;
; cordic_top:CORDIC|cordic_stage:pipeline_gen[5].stage_inst|x_out[25]                   ; 2       ;
; cordic_top:CORDIC|cordic_stage:pipeline_gen[5].stage_inst|y_out[19]                   ; 2       ;
; cordic_top:CORDIC|cordic_stage:pipeline_gen[5].stage_inst|x_out[26]                   ; 2       ;
; cordic_top:CORDIC|cordic_stage:pipeline_gen[5].stage_inst|y_out[20]                   ; 2       ;
; cordic_top:CORDIC|cordic_stage:pipeline_gen[5].stage_inst|x_out[27]                   ; 2       ;
; cordic_top:CORDIC|cordic_stage:pipeline_gen[5].stage_inst|y_out[21]                   ; 2       ;
; cordic_top:CORDIC|cordic_stage:pipeline_gen[5].stage_inst|x_out[28]                   ; 2       ;
; cordic_top:CORDIC|cordic_stage:pipeline_gen[5].stage_inst|y_out[22]                   ; 2       ;
; cordic_top:CORDIC|cordic_stage:pipeline_gen[5].stage_inst|x_out[29]                   ; 2       ;
; cordic_top:CORDIC|cordic_stage:pipeline_gen[5].stage_inst|y_out[23]                   ; 2       ;
; cordic_top:CORDIC|cordic_stage:pipeline_gen[5].stage_inst|x_out[30]                   ; 2       ;
; cordic_top:CORDIC|cordic_stage:pipeline_gen[5].stage_inst|y_out[24]                   ; 2       ;
; cordic_top:CORDIC|cordic_stage:pipeline_gen[5].stage_inst|y_out[25]                   ; 2       ;
; cordic_top:CORDIC|cordic_stage:pipeline_gen[5].stage_inst|y_out[26]                   ; 2       ;
; cordic_top:CORDIC|cordic_stage:pipeline_gen[5].stage_inst|y_out[27]                   ; 2       ;
; cordic_top:CORDIC|cordic_stage:pipeline_gen[5].stage_inst|y_out[28]                   ; 2       ;
; cordic_top:CORDIC|cordic_stage:pipeline_gen[5].stage_inst|y_out[29]                   ; 2       ;
; cordic_top:CORDIC|cordic_stage:pipeline_gen[5].stage_inst|y_out[30]                   ; 2       ;
; cordic_top:CORDIC|cordic_stage:pipeline_gen[5].stage_inst|x_out[31]                   ; 2       ;
; cordic_top:CORDIC|cordic_stage:pipeline_gen[5].stage_inst|z_out[1]                    ; 2       ;
; cordic_top:CORDIC|cordic_stage:pipeline_gen[6].stage_inst|z_out[31]                   ; 2       ;
; cordic_top:CORDIC|cordic_stage:pipeline_gen[6].stage_inst|z_out[30]                   ; 2       ;
; cordic_top:CORDIC|cordic_stage:pipeline_gen[6].stage_inst|z_out[29]                   ; 2       ;
; cordic_top:CORDIC|cordic_stage:pipeline_gen[6].stage_inst|z_out[28]                   ; 2       ;
; cordic_top:CORDIC|cordic_stage:pipeline_gen[6].stage_inst|z_out[27]                   ; 2       ;
; cordic_top:CORDIC|cordic_stage:pipeline_gen[6].stage_inst|z_out[26]                   ; 2       ;
; cordic_top:CORDIC|cordic_stage:pipeline_gen[6].stage_inst|z_out[25]                   ; 2       ;
; cordic_top:CORDIC|cordic_stage:pipeline_gen[6].stage_inst|z_out[24]                   ; 2       ;
; cordic_top:CORDIC|cordic_stage:pipeline_gen[6].stage_inst|z_out[23]                   ; 2       ;
; cordic_top:CORDIC|cordic_stage:pipeline_gen[6].stage_inst|z_out[22]                   ; 2       ;
; cordic_top:CORDIC|cordic_stage:pipeline_gen[6].stage_inst|z_out[21]                   ; 2       ;
; cordic_top:CORDIC|cordic_stage:pipeline_gen[6].stage_inst|z_out[20]                   ; 2       ;
; cordic_top:CORDIC|cordic_stage:pipeline_gen[6].stage_inst|z_out[19]                   ; 2       ;
; cordic_top:CORDIC|cordic_stage:pipeline_gen[6].stage_inst|z_out[18]                   ; 2       ;
; cordic_top:CORDIC|cordic_stage:pipeline_gen[6].stage_inst|z_out[17]                   ; 2       ;
; cordic_top:CORDIC|cordic_stage:pipeline_gen[6].stage_inst|z_out[16]                   ; 2       ;
; cordic_top:CORDIC|cordic_stage:pipeline_gen[6].stage_inst|z_out[15]                   ; 2       ;
; cordic_top:CORDIC|cordic_stage:pipeline_gen[6].stage_inst|z_out[14]                   ; 2       ;
; cordic_top:CORDIC|cordic_stage:pipeline_gen[6].stage_inst|z_out[13]                   ; 2       ;
; cordic_top:CORDIC|cordic_stage:pipeline_gen[6].stage_inst|z_out[12]                   ; 2       ;
; cordic_top:CORDIC|cordic_stage:pipeline_gen[6].stage_inst|z_out[11]                   ; 2       ;
; cordic_top:CORDIC|cordic_stage:pipeline_gen[6].stage_inst|z_out[10]                   ; 2       ;
; cordic_top:CORDIC|cordic_stage:pipeline_gen[6].stage_inst|z_out[9]                    ; 2       ;
; cordic_top:CORDIC|cordic_stage:pipeline_gen[6].stage_inst|z_out[8]                    ; 2       ;
; cordic_top:CORDIC|cordic_stage:pipeline_gen[6].stage_inst|z_out[7]                    ; 2       ;
; cordic_top:CORDIC|cordic_stage:pipeline_gen[6].stage_inst|z_out[6]                    ; 2       ;
; cordic_top:CORDIC|cordic_stage:pipeline_gen[6].stage_inst|z_out[5]                    ; 2       ;
; cordic_top:CORDIC|cordic_stage:pipeline_gen[6].stage_inst|z_out[4]                    ; 2       ;
; cordic_top:CORDIC|cordic_stage:pipeline_gen[6].stage_inst|z_out[3]                    ; 2       ;
; cordic_top:CORDIC|cordic_stage:pipeline_gen[6].stage_inst|x_out[8]                    ; 2       ;
; cordic_top:CORDIC|cordic_stage:pipeline_gen[6].stage_inst|x_out[9]                    ; 2       ;
; cordic_top:CORDIC|cordic_stage:pipeline_gen[6].stage_inst|x_out[10]                   ; 2       ;
; cordic_top:CORDIC|cordic_stage:pipeline_gen[6].stage_inst|x_out[11]                   ; 2       ;
; cordic_top:CORDIC|cordic_stage:pipeline_gen[6].stage_inst|x_out[12]                   ; 2       ;
; cordic_top:CORDIC|cordic_stage:pipeline_gen[6].stage_inst|x_out[13]                   ; 2       ;
; cordic_top:CORDIC|cordic_stage:pipeline_gen[6].stage_inst|x_out[14]                   ; 2       ;
; cordic_top:CORDIC|cordic_stage:pipeline_gen[6].stage_inst|x_out[15]                   ; 2       ;
; cordic_top:CORDIC|cordic_stage:pipeline_gen[6].stage_inst|y_out[8]                    ; 2       ;
; cordic_top:CORDIC|cordic_stage:pipeline_gen[6].stage_inst|x_out[16]                   ; 2       ;
; cordic_top:CORDIC|cordic_stage:pipeline_gen[6].stage_inst|y_out[9]                    ; 2       ;
; cordic_top:CORDIC|cordic_stage:pipeline_gen[6].stage_inst|x_out[17]                   ; 2       ;
; cordic_top:CORDIC|cordic_stage:pipeline_gen[6].stage_inst|y_out[10]                   ; 2       ;
; cordic_top:CORDIC|cordic_stage:pipeline_gen[6].stage_inst|x_out[18]                   ; 2       ;
; cordic_top:CORDIC|cordic_stage:pipeline_gen[6].stage_inst|y_out[11]                   ; 2       ;
; cordic_top:CORDIC|cordic_stage:pipeline_gen[6].stage_inst|x_out[19]                   ; 2       ;
; cordic_top:CORDIC|cordic_stage:pipeline_gen[6].stage_inst|y_out[12]                   ; 2       ;
; cordic_top:CORDIC|cordic_stage:pipeline_gen[6].stage_inst|x_out[20]                   ; 2       ;
; cordic_top:CORDIC|cordic_stage:pipeline_gen[6].stage_inst|y_out[13]                   ; 2       ;
; cordic_top:CORDIC|cordic_stage:pipeline_gen[6].stage_inst|x_out[21]                   ; 2       ;
; cordic_top:CORDIC|cordic_stage:pipeline_gen[6].stage_inst|y_out[14]                   ; 2       ;
; cordic_top:CORDIC|cordic_stage:pipeline_gen[6].stage_inst|x_out[22]                   ; 2       ;
; cordic_top:CORDIC|cordic_stage:pipeline_gen[6].stage_inst|y_out[15]                   ; 2       ;
; cordic_top:CORDIC|cordic_stage:pipeline_gen[6].stage_inst|x_out[23]                   ; 2       ;
; cordic_top:CORDIC|cordic_stage:pipeline_gen[6].stage_inst|y_out[16]                   ; 2       ;
; cordic_top:CORDIC|cordic_stage:pipeline_gen[6].stage_inst|x_out[24]                   ; 2       ;
; cordic_top:CORDIC|cordic_stage:pipeline_gen[6].stage_inst|y_out[17]                   ; 2       ;
; cordic_top:CORDIC|cordic_stage:pipeline_gen[6].stage_inst|x_out[25]                   ; 2       ;
; cordic_top:CORDIC|cordic_stage:pipeline_gen[6].stage_inst|y_out[18]                   ; 2       ;
; cordic_top:CORDIC|cordic_stage:pipeline_gen[6].stage_inst|x_out[26]                   ; 2       ;
; cordic_top:CORDIC|cordic_stage:pipeline_gen[6].stage_inst|y_out[19]                   ; 2       ;
; cordic_top:CORDIC|cordic_stage:pipeline_gen[6].stage_inst|x_out[27]                   ; 2       ;
; cordic_top:CORDIC|cordic_stage:pipeline_gen[6].stage_inst|y_out[20]                   ; 2       ;
; cordic_top:CORDIC|cordic_stage:pipeline_gen[6].stage_inst|x_out[28]                   ; 2       ;
; cordic_top:CORDIC|cordic_stage:pipeline_gen[6].stage_inst|y_out[21]                   ; 2       ;
; cordic_top:CORDIC|cordic_stage:pipeline_gen[6].stage_inst|x_out[29]                   ; 2       ;
; cordic_top:CORDIC|cordic_stage:pipeline_gen[6].stage_inst|y_out[22]                   ; 2       ;
; cordic_top:CORDIC|cordic_stage:pipeline_gen[6].stage_inst|x_out[30]                   ; 2       ;
; cordic_top:CORDIC|cordic_stage:pipeline_gen[6].stage_inst|y_out[23]                   ; 2       ;
; cordic_top:CORDIC|cordic_stage:pipeline_gen[6].stage_inst|y_out[24]                   ; 2       ;
; cordic_top:CORDIC|cordic_stage:pipeline_gen[6].stage_inst|y_out[25]                   ; 2       ;
; cordic_top:CORDIC|cordic_stage:pipeline_gen[6].stage_inst|y_out[26]                   ; 2       ;
; cordic_top:CORDIC|cordic_stage:pipeline_gen[6].stage_inst|y_out[27]                   ; 2       ;
; cordic_top:CORDIC|cordic_stage:pipeline_gen[6].stage_inst|y_out[28]                   ; 2       ;
; cordic_top:CORDIC|cordic_stage:pipeline_gen[6].stage_inst|y_out[29]                   ; 2       ;
; cordic_top:CORDIC|cordic_stage:pipeline_gen[6].stage_inst|y_out[30]                   ; 2       ;
; cordic_top:CORDIC|cordic_stage:pipeline_gen[6].stage_inst|x_out[31]                   ; 2       ;
; cordic_top:CORDIC|cordic_stage:pipeline_gen[6].stage_inst|z_out[1]                    ; 2       ;
; cordic_top:CORDIC|cordic_stage:pipeline_gen[7].stage_inst|x_out[9]                    ; 2       ;
; cordic_top:CORDIC|cordic_stage:pipeline_gen[7].stage_inst|x_out[10]                   ; 2       ;
; cordic_top:CORDIC|cordic_stage:pipeline_gen[7].stage_inst|x_out[11]                   ; 2       ;
; cordic_top:CORDIC|cordic_stage:pipeline_gen[7].stage_inst|x_out[12]                   ; 2       ;
; cordic_top:CORDIC|cordic_stage:pipeline_gen[7].stage_inst|x_out[13]                   ; 2       ;
; cordic_top:CORDIC|cordic_stage:pipeline_gen[7].stage_inst|x_out[14]                   ; 2       ;
; cordic_top:CORDIC|cordic_stage:pipeline_gen[7].stage_inst|x_out[15]                   ; 2       ;
; cordic_top:CORDIC|cordic_stage:pipeline_gen[7].stage_inst|x_out[16]                   ; 2       ;
; cordic_top:CORDIC|cordic_stage:pipeline_gen[7].stage_inst|x_out[17]                   ; 2       ;
; cordic_top:CORDIC|cordic_stage:pipeline_gen[7].stage_inst|y_out[9]                    ; 2       ;
; cordic_top:CORDIC|cordic_stage:pipeline_gen[7].stage_inst|x_out[18]                   ; 2       ;
; cordic_top:CORDIC|cordic_stage:pipeline_gen[7].stage_inst|y_out[10]                   ; 2       ;
; cordic_top:CORDIC|cordic_stage:pipeline_gen[7].stage_inst|x_out[19]                   ; 2       ;
; cordic_top:CORDIC|cordic_stage:pipeline_gen[7].stage_inst|y_out[11]                   ; 2       ;
; cordic_top:CORDIC|cordic_stage:pipeline_gen[7].stage_inst|x_out[20]                   ; 2       ;
; cordic_top:CORDIC|cordic_stage:pipeline_gen[7].stage_inst|y_out[12]                   ; 2       ;
; cordic_top:CORDIC|cordic_stage:pipeline_gen[7].stage_inst|x_out[21]                   ; 2       ;
; cordic_top:CORDIC|cordic_stage:pipeline_gen[7].stage_inst|y_out[13]                   ; 2       ;
; cordic_top:CORDIC|cordic_stage:pipeline_gen[7].stage_inst|x_out[22]                   ; 2       ;
; cordic_top:CORDIC|cordic_stage:pipeline_gen[7].stage_inst|y_out[14]                   ; 2       ;
; cordic_top:CORDIC|cordic_stage:pipeline_gen[7].stage_inst|x_out[23]                   ; 2       ;
; cordic_top:CORDIC|cordic_stage:pipeline_gen[7].stage_inst|y_out[15]                   ; 2       ;
; cordic_top:CORDIC|cordic_stage:pipeline_gen[7].stage_inst|x_out[24]                   ; 2       ;
; cordic_top:CORDIC|cordic_stage:pipeline_gen[7].stage_inst|y_out[16]                   ; 2       ;
; cordic_top:CORDIC|cordic_stage:pipeline_gen[7].stage_inst|x_out[25]                   ; 2       ;
; cordic_top:CORDIC|cordic_stage:pipeline_gen[7].stage_inst|y_out[17]                   ; 2       ;
; cordic_top:CORDIC|cordic_stage:pipeline_gen[7].stage_inst|x_out[26]                   ; 2       ;
; cordic_top:CORDIC|cordic_stage:pipeline_gen[7].stage_inst|y_out[18]                   ; 2       ;
; cordic_top:CORDIC|cordic_stage:pipeline_gen[7].stage_inst|x_out[27]                   ; 2       ;
; cordic_top:CORDIC|cordic_stage:pipeline_gen[7].stage_inst|y_out[19]                   ; 2       ;
; cordic_top:CORDIC|cordic_stage:pipeline_gen[7].stage_inst|x_out[28]                   ; 2       ;
; cordic_top:CORDIC|cordic_stage:pipeline_gen[7].stage_inst|y_out[20]                   ; 2       ;
; cordic_top:CORDIC|cordic_stage:pipeline_gen[7].stage_inst|x_out[29]                   ; 2       ;
; cordic_top:CORDIC|cordic_stage:pipeline_gen[7].stage_inst|y_out[21]                   ; 2       ;
; cordic_top:CORDIC|cordic_stage:pipeline_gen[7].stage_inst|x_out[30]                   ; 2       ;
; cordic_top:CORDIC|cordic_stage:pipeline_gen[7].stage_inst|y_out[22]                   ; 2       ;
; cordic_top:CORDIC|cordic_stage:pipeline_gen[7].stage_inst|y_out[23]                   ; 2       ;
; cordic_top:CORDIC|cordic_stage:pipeline_gen[7].stage_inst|y_out[24]                   ; 2       ;
; cordic_top:CORDIC|cordic_stage:pipeline_gen[7].stage_inst|y_out[25]                   ; 2       ;
; cordic_top:CORDIC|cordic_stage:pipeline_gen[7].stage_inst|y_out[26]                   ; 2       ;
+---------------------------------------------------------------------------------------+---------+


+-------------------------------------------------------------------------------------------------------------------------------------------------------------------------------------------------------------------------------------------------------------------------------------------------------------------------------------------------------------------------------------------------------------------------------------------------------------------------------------------------------------------------------------------------------------------------------------------------+
; Fitter RAM Summary                                                                                                                                                                                                                                                                                                                                                                                                                                                                                                                                                                              ;
+------------------------------------------------------------------------------------+------+----------------+--------------+--------------+--------------+--------------+--------------+------------------------+-------------------------+------------------------+-------------------------+-------+-----------------------------+-----------------------------+-----------------------------+-----------------------------+---------------------+------+------------------------------------------+--------------------------------+----------------------+-----------------+-----------------+
; Name                                                                               ; Type ; Mode           ; Clock Mode   ; Port A Depth ; Port A Width ; Port B Depth ; Port B Width ; Port A Input Registers ; Port A Output Registers ; Port B Input Registers ; Port B Output Registers ; Size  ; Implementation Port A Depth ; Implementation Port A Width ; Implementation Port B Depth ; Implementation Port B Width ; Implementation Bits ; M9Ks ; MIF                                      ; Location                       ; Mixed Width RDW Mode ; Port A RDW Mode ; Port B RDW Mode ;
+------------------------------------------------------------------------------------+------+----------------+--------------+--------------+--------------+--------------+--------------+------------------------+-------------------------+------------------------+-------------------------+-------+-----------------------------+-----------------------------+-----------------------------+-----------------------------+---------------------+------+------------------------------------------+--------------------------------+----------------------+-----------------+-----------------+
; lut_sincos:dds|altsyncram:sine_lut_rtl_0|altsyncram_1sq1:auto_generated|ALTSYNCRAM ; M9K  ; True Dual Port ; Single Clock ; 1024         ; 12           ; 1024         ; 12           ; yes                    ; no                      ; yes                    ; no                      ; 12288 ; 1024                        ; 12                          ; 1024                        ; 12                          ; 12288               ; 2    ; db/DLIA.ram0_lut_sincos_bd5504ff.hdl.mif ; M9K_X22_Y18_N0, M9K_X22_Y17_N0 ; Don't care           ; Old data        ; Old data        ;
+------------------------------------------------------------------------------------+------+----------------+--------------+--------------+--------------+--------------+--------------+------------------------+-------------------------+------------------------+-------------------------+-------+-----------------------------+-----------------------------+-----------------------------+-----------------------------+---------------------+------+------------------------------------------+--------------------------------+----------------------+-----------------+-----------------+
Note: Fitter may spread logical memories into multiple blocks to improve timing. The actual required RAM blocks can be found in the Fitter Resource Usage section.


RAM content values are presented in the following format: (Binary) (Octal) (Decimal) (Hexadecimal) 
+------------------------------------------------------------------------------------------------------------------------------------------------------------------------------------------------------------------------------------------------------------------+
; |DLIA|lut_sincos:dds|altsyncram:sine_lut_rtl_0|altsyncram_1sq1:auto_generated|ALTSYNCRAM                                                                                                                                                                         ;
+------------------------------------------------------------------------------------------------------------------------------------------------------------------------------------------------------------------------------------------------------------------+
;   Addr   ;              +0              ;              +1              ;              +2              ;              +3              ;              +4              ;              +5              ;              +6              ;              +7              ;
+----------+------------------------------+------------------------------+------------------------------+------------------------------+------------------------------+------------------------------+------------------------------+------------------------------+
;0;(000000000000) (0) (0) (00)    ;(000000001100) (14) (12) (0C)   ;(000000011001) (31) (25) (19)   ;(000000100101) (45) (37) (25)   ;(000000110010) (62) (50) (32)   ;(000000111110) (76) (62) (3E)   ;(000001001011) (113) (75) (4B)   ;(000001010111) (127) (87) (57)   ;
;8;(000001100100) (144) (100) (64)    ;(000001110000) (160) (112) (70)   ;(000001111101) (175) (125) (7D)   ;(000010001010) (212) (138) (8A)   ;(000010010110) (226) (150) (96)   ;(000010100011) (243) (163) (A3)   ;(000010101111) (257) (175) (AF)   ;(000010111100) (274) (188) (BC)   ;
;16;(000011001000) (310) (200) (C8)    ;(000011010101) (325) (213) (D5)   ;(000011100001) (341) (225) (E1)   ;(000011101110) (356) (238) (EE)   ;(000011111010) (372) (250) (FA)   ;(000100000111) (407) (263) (107)   ;(000100010011) (423) (275) (113)   ;(000100011111) (437) (287) (11F)   ;
;24;(000100101100) (454) (300) (12C)    ;(000100111000) (470) (312) (138)   ;(000101000101) (505) (325) (145)   ;(000101010001) (521) (337) (151)   ;(000101011101) (535) (349) (15D)   ;(000101101010) (552) (362) (16A)   ;(000101110110) (566) (374) (176)   ;(000110000011) (603) (387) (183)   ;
;32;(000110001111) (617) (399) (18F)    ;(000110011011) (633) (411) (19B)   ;(000110100111) (647) (423) (1A7)   ;(000110110100) (664) (436) (1B4)   ;(000111000000) (700) (448) (1C0)   ;(000111001100) (714) (460) (1CC)   ;(000111011000) (730) (472) (1D8)   ;(000111100101) (745) (485) (1E5)   ;
;40;(000111110001) (761) (497) (1F1)    ;(000111111101) (775) (509) (1FD)   ;(001000001001) (1011) (521) (209)   ;(001000010101) (1025) (533) (215)   ;(001000100001) (1041) (545) (221)   ;(001000101110) (1056) (558) (22E)   ;(001000111010) (1072) (570) (23A)   ;(001001000110) (1106) (582) (246)   ;
;48;(001001010010) (1122) (594) (252)    ;(001001011110) (1136) (606) (25E)   ;(001001101010) (1152) (618) (26A)   ;(001001110110) (1166) (630) (276)   ;(001010000010) (1202) (642) (282)   ;(001010001110) (1216) (654) (28E)   ;(001010011001) (1231) (665) (299)   ;(001010100101) (1245) (677) (2A5)   ;
;56;(001010110001) (1261) (689) (2B1)    ;(001010111101) (1275) (701) (2BD)   ;(001011001001) (1311) (713) (2C9)   ;(001011010100) (1324) (724) (2D4)   ;(001011100000) (1340) (736) (2E0)   ;(001011101100) (1354) (748) (2EC)   ;(001011111000) (1370) (760) (2F8)   ;(001100000011) (1403) (771) (303)   ;
;64;(001100001111) (1417) (783) (30F)    ;(001100011010) (1432) (794) (31A)   ;(001100100110) (1446) (806) (326)   ;(001100110010) (1462) (818) (332)   ;(001100111101) (1475) (829) (33D)   ;(001101001000) (1510) (840) (348)   ;(001101010100) (1524) (852) (354)   ;(001101011111) (1537) (863) (35F)   ;
;72;(001101101011) (1553) (875) (36B)    ;(001101110110) (1566) (886) (376)   ;(001110000001) (1601) (897) (381)   ;(001110001101) (1615) (909) (38D)   ;(001110011000) (1630) (920) (398)   ;(001110100011) (1643) (931) (3A3)   ;(001110101110) (1656) (942) (3AE)   ;(001110111001) (1671) (953) (3B9)   ;
;80;(001111000100) (1704) (964) (3C4)    ;(001111010000) (1720) (976) (3D0)   ;(001111011011) (1733) (987) (3DB)   ;(001111100110) (1746) (998) (3E6)   ;(001111110000) (1760) (1008) (3F0)   ;(001111111011) (1773) (1019) (3FB)   ;(010000000110) (2006) (1030) (406)   ;(010000010001) (2021) (1041) (411)   ;
;88;(010000011100) (2034) (1052) (41C)    ;(010000100111) (2047) (1063) (427)   ;(010000110001) (2061) (1073) (431)   ;(010000111100) (2074) (1084) (43C)   ;(010001000111) (2107) (1095) (447)   ;(010001010001) (2121) (1105) (451)   ;(010001011100) (2134) (1116) (45C)   ;(010001100110) (2146) (1126) (466)   ;
;96;(010001110001) (2161) (1137) (471)    ;(010001111011) (2173) (1147) (47B)   ;(010010000110) (2206) (1158) (486)   ;(010010010000) (2220) (1168) (490)   ;(010010011010) (2232) (1178) (49A)   ;(010010100100) (2244) (1188) (4A4)   ;(010010101111) (2257) (1199) (4AF)   ;(010010111001) (2271) (1209) (4B9)   ;
;104;(010011000011) (2303) (1219) (4C3)    ;(010011001101) (2315) (1229) (4CD)   ;(010011010111) (2327) (1239) (4D7)   ;(010011100001) (2341) (1249) (4E1)   ;(010011101011) (2353) (1259) (4EB)   ;(010011110101) (2365) (1269) (4F5)   ;(010011111111) (2377) (1279) (4FF)   ;(010100001000) (2410) (1288) (508)   ;
;112;(010100010010) (2422) (1298) (512)    ;(010100011100) (2434) (1308) (51C)   ;(010100100101) (2445) (1317) (525)   ;(010100101111) (2457) (1327) (52F)   ;(010100111001) (2471) (1337) (539)   ;(010101000010) (2502) (1346) (542)   ;(010101001011) (2513) (1355) (54B)   ;(010101010101) (2525) (1365) (555)   ;
;120;(010101011110) (2536) (1374) (55E)    ;(010101100111) (2547) (1383) (567)   ;(010101110001) (2561) (1393) (571)   ;(010101111010) (2572) (1402) (57A)   ;(010110000011) (2603) (1411) (583)   ;(010110001100) (2614) (1420) (58C)   ;(010110010101) (2625) (1429) (595)   ;(010110011110) (2636) (1438) (59E)   ;
;128;(010110100111) (2647) (1447) (5A7)    ;(010110110000) (2660) (1456) (5B0)   ;(010110111001) (2671) (1465) (5B9)   ;(010111000001) (2701) (1473) (5C1)   ;(010111001010) (2712) (1482) (5CA)   ;(010111010011) (2723) (1491) (5D3)   ;(010111011011) (2733) (1499) (5DB)   ;(010111100100) (2744) (1508) (5E4)   ;
;136;(010111101100) (2754) (1516) (5EC)    ;(010111110101) (2765) (1525) (5F5)   ;(010111111101) (2775) (1533) (5FD)   ;(011000000101) (3005) (1541) (605)   ;(011000001110) (3016) (1550) (60E)   ;(011000010110) (3026) (1558) (616)   ;(011000011110) (3036) (1566) (61E)   ;(011000100110) (3046) (1574) (626)   ;
;144;(011000101110) (3056) (1582) (62E)    ;(011000110110) (3066) (1590) (636)   ;(011000111110) (3076) (1598) (63E)   ;(011001000101) (3105) (1605) (645)   ;(011001001101) (3115) (1613) (64D)   ;(011001010101) (3125) (1621) (655)   ;(011001011101) (3135) (1629) (65D)   ;(011001100100) (3144) (1636) (664)   ;
;152;(011001101100) (3154) (1644) (66C)    ;(011001110011) (3163) (1651) (673)   ;(011001111011) (3173) (1659) (67B)   ;(011010000010) (3202) (1666) (682)   ;(011010001001) (3211) (1673) (689)   ;(011010010000) (3220) (1680) (690)   ;(011010010111) (3227) (1687) (697)   ;(011010011111) (3237) (1695) (69F)   ;
;160;(011010100110) (3246) (1702) (6A6)    ;(011010101100) (3254) (1708) (6AC)   ;(011010110011) (3263) (1715) (6B3)   ;(011010111010) (3272) (1722) (6BA)   ;(011011000001) (3301) (1729) (6C1)   ;(011011001000) (3310) (1736) (6C8)   ;(011011001110) (3316) (1742) (6CE)   ;(011011010101) (3325) (1749) (6D5)   ;
;168;(011011011011) (3333) (1755) (6DB)    ;(011011100010) (3342) (1762) (6E2)   ;(011011101000) (3350) (1768) (6E8)   ;(011011101110) (3356) (1774) (6EE)   ;(011011110101) (3365) (1781) (6F5)   ;(011011111011) (3373) (1787) (6FB)   ;(011100000001) (3401) (1793) (701)   ;(011100000111) (3407) (1799) (707)   ;
;176;(011100001101) (3415) (1805) (70D)    ;(011100010011) (3423) (1811) (713)   ;(011100011000) (3430) (1816) (718)   ;(011100011110) (3436) (1822) (71E)   ;(011100100100) (3444) (1828) (724)   ;(011100101010) (3452) (1834) (72A)   ;(011100101111) (3457) (1839) (72F)   ;(011100110101) (3465) (1845) (735)   ;
;184;(011100111010) (3472) (1850) (73A)    ;(011100111111) (3477) (1855) (73F)   ;(011101000101) (3505) (1861) (745)   ;(011101001010) (3512) (1866) (74A)   ;(011101001111) (3517) (1871) (74F)   ;(011101010100) (3524) (1876) (754)   ;(011101011001) (3531) (1881) (759)   ;(011101011110) (3536) (1886) (75E)   ;
;192;(011101100011) (3543) (1891) (763)    ;(011101100111) (3547) (1895) (767)   ;(011101101100) (3554) (1900) (76C)   ;(011101110001) (3561) (1905) (771)   ;(011101110101) (3565) (1909) (775)   ;(011101111010) (3572) (1914) (77A)   ;(011101111110) (3576) (1918) (77E)   ;(011110000011) (3603) (1923) (783)   ;
;200;(011110000111) (3607) (1927) (787)    ;(011110001011) (3613) (1931) (78B)   ;(011110001111) (3617) (1935) (78F)   ;(011110010011) (3623) (1939) (793)   ;(011110010111) (3627) (1943) (797)   ;(011110011011) (3633) (1947) (79B)   ;(011110011111) (3637) (1951) (79F)   ;(011110100011) (3643) (1955) (7A3)   ;
;208;(011110100110) (3646) (1958) (7A6)    ;(011110101010) (3652) (1962) (7AA)   ;(011110101110) (3656) (1966) (7AE)   ;(011110110001) (3661) (1969) (7B1)   ;(011110110100) (3664) (1972) (7B4)   ;(011110111000) (3670) (1976) (7B8)   ;(011110111011) (3673) (1979) (7BB)   ;(011110111110) (3676) (1982) (7BE)   ;
;216;(011111000001) (3701) (1985) (7C1)    ;(011111000100) (3704) (1988) (7C4)   ;(011111000111) (3707) (1991) (7C7)   ;(011111001010) (3712) (1994) (7CA)   ;(011111001101) (3715) (1997) (7CD)   ;(011111001111) (3717) (1999) (7CF)   ;(011111010010) (3722) (2002) (7D2)   ;(011111010101) (3725) (2005) (7D5)   ;
;224;(011111010111) (3727) (2007) (7D7)    ;(011111011010) (3732) (2010) (7DA)   ;(011111011100) (3734) (2012) (7DC)   ;(011111011110) (3736) (2014) (7DE)   ;(011111100000) (3740) (2016) (7E0)   ;(011111100010) (3742) (2018) (7E2)   ;(011111100101) (3745) (2021) (7E5)   ;(011111100110) (3746) (2022) (7E6)   ;
;232;(011111101000) (3750) (2024) (7E8)    ;(011111101010) (3752) (2026) (7EA)   ;(011111101100) (3754) (2028) (7EC)   ;(011111101110) (3756) (2030) (7EE)   ;(011111101111) (3757) (2031) (7EF)   ;(011111110001) (3761) (2033) (7F1)   ;(011111110010) (3762) (2034) (7F2)   ;(011111110011) (3763) (2035) (7F3)   ;
;240;(011111110101) (3765) (2037) (7F5)    ;(011111110110) (3766) (2038) (7F6)   ;(011111110111) (3767) (2039) (7F7)   ;(011111111000) (3770) (2040) (7F8)   ;(011111111001) (3771) (2041) (7F9)   ;(011111111010) (3772) (2042) (7FA)   ;(011111111011) (3773) (2043) (7FB)   ;(011111111011) (3773) (2043) (7FB)   ;
;248;(011111111100) (3774) (2044) (7FC)    ;(011111111101) (3775) (2045) (7FD)   ;(011111111101) (3775) (2045) (7FD)   ;(011111111110) (3776) (2046) (7FE)   ;(011111111110) (3776) (2046) (7FE)   ;(011111111110) (3776) (2046) (7FE)   ;(011111111110) (3776) (2046) (7FE)   ;(011111111110) (3776) (2046) (7FE)   ;
;256;(011111111111) (3777) (2047) (7FF)    ;(011111111110) (3776) (2046) (7FE)   ;(011111111110) (3776) (2046) (7FE)   ;(011111111110) (3776) (2046) (7FE)   ;(011111111110) (3776) (2046) (7FE)   ;(011111111110) (3776) (2046) (7FE)   ;(011111111101) (3775) (2045) (7FD)   ;(011111111101) (3775) (2045) (7FD)   ;
;264;(011111111100) (3774) (2044) (7FC)    ;(011111111011) (3773) (2043) (7FB)   ;(011111111011) (3773) (2043) (7FB)   ;(011111111010) (3772) (2042) (7FA)   ;(011111111001) (3771) (2041) (7F9)   ;(011111111000) (3770) (2040) (7F8)   ;(011111110111) (3767) (2039) (7F7)   ;(011111110110) (3766) (2038) (7F6)   ;
;272;(011111110101) (3765) (2037) (7F5)    ;(011111110011) (3763) (2035) (7F3)   ;(011111110010) (3762) (2034) (7F2)   ;(011111110001) (3761) (2033) (7F1)   ;(011111101111) (3757) (2031) (7EF)   ;(011111101110) (3756) (2030) (7EE)   ;(011111101100) (3754) (2028) (7EC)   ;(011111101010) (3752) (2026) (7EA)   ;
;280;(011111101000) (3750) (2024) (7E8)    ;(011111100110) (3746) (2022) (7E6)   ;(011111100101) (3745) (2021) (7E5)   ;(011111100010) (3742) (2018) (7E2)   ;(011111100000) (3740) (2016) (7E0)   ;(011111011110) (3736) (2014) (7DE)   ;(011111011100) (3734) (2012) (7DC)   ;(011111011010) (3732) (2010) (7DA)   ;
;288;(011111010111) (3727) (2007) (7D7)    ;(011111010101) (3725) (2005) (7D5)   ;(011111010010) (3722) (2002) (7D2)   ;(011111001111) (3717) (1999) (7CF)   ;(011111001101) (3715) (1997) (7CD)   ;(011111001010) (3712) (1994) (7CA)   ;(011111000111) (3707) (1991) (7C7)   ;(011111000100) (3704) (1988) (7C4)   ;
;296;(011111000001) (3701) (1985) (7C1)    ;(011110111110) (3676) (1982) (7BE)   ;(011110111011) (3673) (1979) (7BB)   ;(011110111000) (3670) (1976) (7B8)   ;(011110110100) (3664) (1972) (7B4)   ;(011110110001) (3661) (1969) (7B1)   ;(011110101110) (3656) (1966) (7AE)   ;(011110101010) (3652) (1962) (7AA)   ;
;304;(011110100110) (3646) (1958) (7A6)    ;(011110100011) (3643) (1955) (7A3)   ;(011110011111) (3637) (1951) (79F)   ;(011110011011) (3633) (1947) (79B)   ;(011110010111) (3627) (1943) (797)   ;(011110010011) (3623) (1939) (793)   ;(011110001111) (3617) (1935) (78F)   ;(011110001011) (3613) (1931) (78B)   ;
;312;(011110000111) (3607) (1927) (787)    ;(011110000011) (3603) (1923) (783)   ;(011101111110) (3576) (1918) (77E)   ;(011101111010) (3572) (1914) (77A)   ;(011101110101) (3565) (1909) (775)   ;(011101110001) (3561) (1905) (771)   ;(011101101100) (3554) (1900) (76C)   ;(011101100111) (3547) (1895) (767)   ;
;320;(011101100011) (3543) (1891) (763)    ;(011101011110) (3536) (1886) (75E)   ;(011101011001) (3531) (1881) (759)   ;(011101010100) (3524) (1876) (754)   ;(011101001111) (3517) (1871) (74F)   ;(011101001010) (3512) (1866) (74A)   ;(011101000101) (3505) (1861) (745)   ;(011100111111) (3477) (1855) (73F)   ;
;328;(011100111010) (3472) (1850) (73A)    ;(011100110101) (3465) (1845) (735)   ;(011100101111) (3457) (1839) (72F)   ;(011100101010) (3452) (1834) (72A)   ;(011100100100) (3444) (1828) (724)   ;(011100011110) (3436) (1822) (71E)   ;(011100011000) (3430) (1816) (718)   ;(011100010011) (3423) (1811) (713)   ;
;336;(011100001101) (3415) (1805) (70D)    ;(011100000111) (3407) (1799) (707)   ;(011100000001) (3401) (1793) (701)   ;(011011111011) (3373) (1787) (6FB)   ;(011011110101) (3365) (1781) (6F5)   ;(011011101110) (3356) (1774) (6EE)   ;(011011101000) (3350) (1768) (6E8)   ;(011011100010) (3342) (1762) (6E2)   ;
;344;(011011011011) (3333) (1755) (6DB)    ;(011011010101) (3325) (1749) (6D5)   ;(011011001110) (3316) (1742) (6CE)   ;(011011001000) (3310) (1736) (6C8)   ;(011011000001) (3301) (1729) (6C1)   ;(011010111010) (3272) (1722) (6BA)   ;(011010110011) (3263) (1715) (6B3)   ;(011010101100) (3254) (1708) (6AC)   ;
;352;(011010100110) (3246) (1702) (6A6)    ;(011010011111) (3237) (1695) (69F)   ;(011010010111) (3227) (1687) (697)   ;(011010010000) (3220) (1680) (690)   ;(011010001001) (3211) (1673) (689)   ;(011010000010) (3202) (1666) (682)   ;(011001111011) (3173) (1659) (67B)   ;(011001110011) (3163) (1651) (673)   ;
;360;(011001101100) (3154) (1644) (66C)    ;(011001100100) (3144) (1636) (664)   ;(011001011101) (3135) (1629) (65D)   ;(011001010101) (3125) (1621) (655)   ;(011001001101) (3115) (1613) (64D)   ;(011001000101) (3105) (1605) (645)   ;(011000111110) (3076) (1598) (63E)   ;(011000110110) (3066) (1590) (636)   ;
;368;(011000101110) (3056) (1582) (62E)    ;(011000100110) (3046) (1574) (626)   ;(011000011110) (3036) (1566) (61E)   ;(011000010110) (3026) (1558) (616)   ;(011000001110) (3016) (1550) (60E)   ;(011000000101) (3005) (1541) (605)   ;(010111111101) (2775) (1533) (5FD)   ;(010111110101) (2765) (1525) (5F5)   ;
;376;(010111101100) (2754) (1516) (5EC)    ;(010111100100) (2744) (1508) (5E4)   ;(010111011011) (2733) (1499) (5DB)   ;(010111010011) (2723) (1491) (5D3)   ;(010111001010) (2712) (1482) (5CA)   ;(010111000001) (2701) (1473) (5C1)   ;(010110111001) (2671) (1465) (5B9)   ;(010110110000) (2660) (1456) (5B0)   ;
;384;(010110100111) (2647) (1447) (5A7)    ;(010110011110) (2636) (1438) (59E)   ;(010110010101) (2625) (1429) (595)   ;(010110001100) (2614) (1420) (58C)   ;(010110000011) (2603) (1411) (583)   ;(010101111010) (2572) (1402) (57A)   ;(010101110001) (2561) (1393) (571)   ;(010101100111) (2547) (1383) (567)   ;
;392;(010101011110) (2536) (1374) (55E)    ;(010101010101) (2525) (1365) (555)   ;(010101001011) (2513) (1355) (54B)   ;(010101000010) (2502) (1346) (542)   ;(010100111001) (2471) (1337) (539)   ;(010100101111) (2457) (1327) (52F)   ;(010100100101) (2445) (1317) (525)   ;(010100011100) (2434) (1308) (51C)   ;
;400;(010100010010) (2422) (1298) (512)    ;(010100001000) (2410) (1288) (508)   ;(010011111111) (2377) (1279) (4FF)   ;(010011110101) (2365) (1269) (4F5)   ;(010011101011) (2353) (1259) (4EB)   ;(010011100001) (2341) (1249) (4E1)   ;(010011010111) (2327) (1239) (4D7)   ;(010011001101) (2315) (1229) (4CD)   ;
;408;(010011000011) (2303) (1219) (4C3)    ;(010010111001) (2271) (1209) (4B9)   ;(010010101111) (2257) (1199) (4AF)   ;(010010100100) (2244) (1188) (4A4)   ;(010010011010) (2232) (1178) (49A)   ;(010010010000) (2220) (1168) (490)   ;(010010000110) (2206) (1158) (486)   ;(010001111011) (2173) (1147) (47B)   ;
;416;(010001110001) (2161) (1137) (471)    ;(010001100110) (2146) (1126) (466)   ;(010001011100) (2134) (1116) (45C)   ;(010001010001) (2121) (1105) (451)   ;(010001000111) (2107) (1095) (447)   ;(010000111100) (2074) (1084) (43C)   ;(010000110001) (2061) (1073) (431)   ;(010000100111) (2047) (1063) (427)   ;
;424;(010000011100) (2034) (1052) (41C)    ;(010000010001) (2021) (1041) (411)   ;(010000000110) (2006) (1030) (406)   ;(001111111011) (1773) (1019) (3FB)   ;(001111110000) (1760) (1008) (3F0)   ;(001111100110) (1746) (998) (3E6)   ;(001111011011) (1733) (987) (3DB)   ;(001111010000) (1720) (976) (3D0)   ;
;432;(001111000100) (1704) (964) (3C4)    ;(001110111001) (1671) (953) (3B9)   ;(001110101110) (1656) (942) (3AE)   ;(001110100011) (1643) (931) (3A3)   ;(001110011000) (1630) (920) (398)   ;(001110001101) (1615) (909) (38D)   ;(001110000001) (1601) (897) (381)   ;(001101110110) (1566) (886) (376)   ;
;440;(001101101011) (1553) (875) (36B)    ;(001101011111) (1537) (863) (35F)   ;(001101010100) (1524) (852) (354)   ;(001101001000) (1510) (840) (348)   ;(001100111101) (1475) (829) (33D)   ;(001100110010) (1462) (818) (332)   ;(001100100110) (1446) (806) (326)   ;(001100011010) (1432) (794) (31A)   ;
;448;(001100001111) (1417) (783) (30F)    ;(001100000011) (1403) (771) (303)   ;(001011111000) (1370) (760) (2F8)   ;(001011101100) (1354) (748) (2EC)   ;(001011100000) (1340) (736) (2E0)   ;(001011010100) (1324) (724) (2D4)   ;(001011001001) (1311) (713) (2C9)   ;(001010111101) (1275) (701) (2BD)   ;
;456;(001010110001) (1261) (689) (2B1)    ;(001010100101) (1245) (677) (2A5)   ;(001010011001) (1231) (665) (299)   ;(001010001110) (1216) (654) (28E)   ;(001010000010) (1202) (642) (282)   ;(001001110110) (1166) (630) (276)   ;(001001101010) (1152) (618) (26A)   ;(001001011110) (1136) (606) (25E)   ;
;464;(001001010010) (1122) (594) (252)    ;(001001000110) (1106) (582) (246)   ;(001000111010) (1072) (570) (23A)   ;(001000101110) (1056) (558) (22E)   ;(001000100001) (1041) (545) (221)   ;(001000010101) (1025) (533) (215)   ;(001000001001) (1011) (521) (209)   ;(000111111101) (775) (509) (1FD)   ;
;472;(000111110001) (761) (497) (1F1)    ;(000111100101) (745) (485) (1E5)   ;(000111011000) (730) (472) (1D8)   ;(000111001100) (714) (460) (1CC)   ;(000111000000) (700) (448) (1C0)   ;(000110110100) (664) (436) (1B4)   ;(000110100111) (647) (423) (1A7)   ;(000110011011) (633) (411) (19B)   ;
;480;(000110001111) (617) (399) (18F)    ;(000110000011) (603) (387) (183)   ;(000101110110) (566) (374) (176)   ;(000101101010) (552) (362) (16A)   ;(000101011101) (535) (349) (15D)   ;(000101010001) (521) (337) (151)   ;(000101000101) (505) (325) (145)   ;(000100111000) (470) (312) (138)   ;
;488;(000100101100) (454) (300) (12C)    ;(000100011111) (437) (287) (11F)   ;(000100010011) (423) (275) (113)   ;(000100000111) (407) (263) (107)   ;(000011111010) (372) (250) (FA)   ;(000011101110) (356) (238) (EE)   ;(000011100001) (341) (225) (E1)   ;(000011010101) (325) (213) (D5)   ;
;496;(000011001000) (310) (200) (C8)    ;(000010111100) (274) (188) (BC)   ;(000010101111) (257) (175) (AF)   ;(000010100011) (243) (163) (A3)   ;(000010010110) (226) (150) (96)   ;(000010001010) (212) (138) (8A)   ;(000001111101) (175) (125) (7D)   ;(000001110000) (160) (112) (70)   ;
;504;(000001100100) (144) (100) (64)    ;(000001010111) (127) (87) (57)   ;(000001001011) (113) (75) (4B)   ;(000000111110) (76) (62) (3E)   ;(000000110010) (62) (50) (32)   ;(000000100101) (45) (37) (25)   ;(000000011001) (31) (25) (19)   ;(000000001100) (14) (12) (0C)   ;
;512;(000000000000) (0) (0) (00)    ;(111111110100) (7764) (4084) (FF4)   ;(111111100111) (7747) (4071) (FE7)   ;(111111011011) (7733) (4059) (FDB)   ;(111111001110) (7716) (4046) (FCE)   ;(111111000010) (7702) (4034) (FC2)   ;(111110110101) (7665) (4021) (FB5)   ;(111110101001) (7651) (4009) (FA9)   ;
;520;(111110011100) (7634) (3996) (F9C)    ;(111110010000) (7620) (3984) (F90)   ;(111110000011) (7603) (3971) (F83)   ;(111101110110) (7566) (3958) (F76)   ;(111101101010) (7552) (3946) (F6A)   ;(111101011101) (7535) (3933) (F5D)   ;(111101010001) (7521) (3921) (F51)   ;(111101000100) (7504) (3908) (F44)   ;
;528;(111100111000) (7470) (3896) (F38)    ;(111100101011) (7453) (3883) (F2B)   ;(111100011111) (7437) (3871) (F1F)   ;(111100010010) (7422) (3858) (F12)   ;(111100000110) (7406) (3846) (F06)   ;(111011111001) (7371) (3833) (EF9)   ;(111011101101) (7355) (3821) (EED)   ;(111011100001) (7341) (3809) (EE1)   ;
;536;(111011010100) (7324) (3796) (ED4)    ;(111011001000) (7310) (3784) (EC8)   ;(111010111011) (7273) (3771) (EBB)   ;(111010101111) (7257) (3759) (EAF)   ;(111010100011) (7243) (3747) (EA3)   ;(111010010110) (7226) (3734) (E96)   ;(111010001010) (7212) (3722) (E8A)   ;(111001111101) (7175) (3709) (E7D)   ;
;544;(111001110001) (7161) (3697) (E71)    ;(111001100101) (7145) (3685) (E65)   ;(111001011001) (7131) (3673) (E59)   ;(111001001100) (7114) (3660) (E4C)   ;(111001000000) (7100) (3648) (E40)   ;(111000110100) (7064) (3636) (E34)   ;(111000101000) (7050) (3624) (E28)   ;(111000011011) (7033) (3611) (E1B)   ;
;552;(111000001111) (7017) (3599) (E0F)    ;(111000000011) (7003) (3587) (E03)   ;(110111110111) (6767) (3575) (DF7)   ;(110111101011) (6753) (3563) (DEB)   ;(110111011111) (6737) (3551) (DDF)   ;(110111010010) (6722) (3538) (DD2)   ;(110111000110) (6706) (3526) (DC6)   ;(110110111010) (6672) (3514) (DBA)   ;
;560;(110110101110) (6656) (3502) (DAE)    ;(110110100010) (6642) (3490) (DA2)   ;(110110010110) (6626) (3478) (D96)   ;(110110001010) (6612) (3466) (D8A)   ;(110101111110) (6576) (3454) (D7E)   ;(110101110010) (6562) (3442) (D72)   ;(110101100111) (6547) (3431) (D67)   ;(110101011011) (6533) (3419) (D5B)   ;
;568;(110101001111) (6517) (3407) (D4F)    ;(110101000011) (6503) (3395) (D43)   ;(110100110111) (6467) (3383) (D37)   ;(110100101100) (6454) (3372) (D2C)   ;(110100100000) (6440) (3360) (D20)   ;(110100010100) (6424) (3348) (D14)   ;(110100001000) (6410) (3336) (D08)   ;(110011111101) (6375) (3325) (CFD)   ;
;576;(110011110001) (6361) (3313) (CF1)    ;(110011100110) (6346) (3302) (CE6)   ;(110011011010) (6332) (3290) (CDA)   ;(110011001110) (6316) (3278) (CCE)   ;(110011000011) (6303) (3267) (CC3)   ;(110010111000) (6270) (3256) (CB8)   ;(110010101100) (6254) (3244) (CAC)   ;(110010100001) (6241) (3233) (CA1)   ;
;584;(110010010101) (6225) (3221) (C95)    ;(110010001010) (6212) (3210) (C8A)   ;(110001111111) (6177) (3199) (C7F)   ;(110001110011) (6163) (3187) (C73)   ;(110001101000) (6150) (3176) (C68)   ;(110001011101) (6135) (3165) (C5D)   ;(110001010010) (6122) (3154) (C52)   ;(110001000111) (6107) (3143) (C47)   ;
;592;(110000111100) (6074) (3132) (C3C)    ;(110000110000) (6060) (3120) (C30)   ;(110000100101) (6045) (3109) (C25)   ;(110000011010) (6032) (3098) (C1A)   ;(110000010000) (6020) (3088) (C10)   ;(110000000101) (6005) (3077) (C05)   ;(101111111010) (5772) (3066) (BFA)   ;(101111101111) (5757) (3055) (BEF)   ;
;600;(101111100100) (5744) (3044) (BE4)    ;(101111011001) (5731) (3033) (BD9)   ;(101111001111) (5717) (3023) (BCF)   ;(101111000100) (5704) (3012) (BC4)   ;(101110111001) (5671) (3001) (BB9)   ;(101110101111) (5657) (2991) (BAF)   ;(101110100100) (5644) (2980) (BA4)   ;(101110011010) (5632) (2970) (B9A)   ;
;608;(101110001111) (5617) (2959) (B8F)    ;(101110000101) (5605) (2949) (B85)   ;(101101111010) (5572) (2938) (B7A)   ;(101101110000) (5560) (2928) (B70)   ;(101101100110) (5546) (2918) (B66)   ;(101101011100) (5534) (2908) (B5C)   ;(101101010001) (5521) (2897) (B51)   ;(101101000111) (5507) (2887) (B47)   ;
;616;(101100111101) (5475) (2877) (B3D)    ;(101100110011) (5463) (2867) (B33)   ;(101100101001) (5451) (2857) (B29)   ;(101100011111) (5437) (2847) (B1F)   ;(101100010101) (5425) (2837) (B15)   ;(101100001011) (5413) (2827) (B0B)   ;(101100000001) (5401) (2817) (B01)   ;(101011111000) (5370) (2808) (AF8)   ;
;624;(101011101110) (5356) (2798) (AEE)    ;(101011100100) (5344) (2788) (AE4)   ;(101011011011) (5333) (2779) (ADB)   ;(101011010001) (5321) (2769) (AD1)   ;(101011000111) (5307) (2759) (AC7)   ;(101010111110) (5276) (2750) (ABE)   ;(101010110101) (5265) (2741) (AB5)   ;(101010101011) (5253) (2731) (AAB)   ;
;632;(101010100010) (5242) (2722) (AA2)    ;(101010011001) (5231) (2713) (A99)   ;(101010001111) (5217) (2703) (A8F)   ;(101010000110) (5206) (2694) (A86)   ;(101001111101) (5175) (2685) (A7D)   ;(101001110100) (5164) (2676) (A74)   ;(101001101011) (5153) (2667) (A6B)   ;(101001100010) (5142) (2658) (A62)   ;
;640;(101001011001) (5131) (2649) (A59)    ;(101001010000) (5120) (2640) (A50)   ;(101001000111) (5107) (2631) (A47)   ;(101000111111) (5077) (2623) (A3F)   ;(101000110110) (5066) (2614) (A36)   ;(101000101101) (5055) (2605) (A2D)   ;(101000100101) (5045) (2597) (A25)   ;(101000011100) (5034) (2588) (A1C)   ;
;648;(101000010100) (5024) (2580) (A14)    ;(101000001011) (5013) (2571) (A0B)   ;(101000000011) (5003) (2563) (A03)   ;(100111111011) (4773) (2555) (9FB)   ;(100111110010) (4762) (2546) (9F2)   ;(100111101010) (4752) (2538) (9EA)   ;(100111100010) (4742) (2530) (9E2)   ;(100111011010) (4732) (2522) (9DA)   ;
;656;(100111010010) (4722) (2514) (9D2)    ;(100111001010) (4712) (2506) (9CA)   ;(100111000010) (4702) (2498) (9C2)   ;(100110111011) (4673) (2491) (9BB)   ;(100110110011) (4663) (2483) (9B3)   ;(100110101011) (4653) (2475) (9AB)   ;(100110100011) (4643) (2467) (9A3)   ;(100110011100) (4634) (2460) (99C)   ;
;664;(100110010100) (4624) (2452) (994)    ;(100110001101) (4615) (2445) (98D)   ;(100110000101) (4605) (2437) (985)   ;(100101111110) (4576) (2430) (97E)   ;(100101110111) (4567) (2423) (977)   ;(100101110000) (4560) (2416) (970)   ;(100101101001) (4551) (2409) (969)   ;(100101100001) (4541) (2401) (961)   ;
;672;(100101011010) (4532) (2394) (95A)    ;(100101010100) (4524) (2388) (954)   ;(100101001101) (4515) (2381) (94D)   ;(100101000110) (4506) (2374) (946)   ;(100100111111) (4477) (2367) (93F)   ;(100100111000) (4470) (2360) (938)   ;(100100110010) (4462) (2354) (932)   ;(100100101011) (4453) (2347) (92B)   ;
;680;(100100100101) (4445) (2341) (925)    ;(100100011110) (4436) (2334) (91E)   ;(100100011000) (4430) (2328) (918)   ;(100100010010) (4422) (2322) (912)   ;(100100001011) (4413) (2315) (90B)   ;(100100000101) (4405) (2309) (905)   ;(100011111111) (4377) (2303) (8FF)   ;(100011111001) (4371) (2297) (8F9)   ;
;688;(100011110011) (4363) (2291) (8F3)    ;(100011101101) (4355) (2285) (8ED)   ;(100011101000) (4350) (2280) (8E8)   ;(100011100010) (4342) (2274) (8E2)   ;(100011011100) (4334) (2268) (8DC)   ;(100011010110) (4326) (2262) (8D6)   ;(100011010001) (4321) (2257) (8D1)   ;(100011001011) (4313) (2251) (8CB)   ;
;696;(100011000110) (4306) (2246) (8C6)    ;(100011000001) (4301) (2241) (8C1)   ;(100010111011) (4273) (2235) (8BB)   ;(100010110110) (4266) (2230) (8B6)   ;(100010110001) (4261) (2225) (8B1)   ;(100010101100) (4254) (2220) (8AC)   ;(100010100111) (4247) (2215) (8A7)   ;(100010100010) (4242) (2210) (8A2)   ;
;704;(100010011101) (4235) (2205) (89D)    ;(100010011001) (4231) (2201) (899)   ;(100010010100) (4224) (2196) (894)   ;(100010001111) (4217) (2191) (88F)   ;(100010001011) (4213) (2187) (88B)   ;(100010000110) (4206) (2182) (886)   ;(100010000010) (4202) (2178) (882)   ;(100001111101) (4175) (2173) (87D)   ;
;712;(100001111001) (4171) (2169) (879)    ;(100001110101) (4165) (2165) (875)   ;(100001110001) (4161) (2161) (871)   ;(100001101101) (4155) (2157) (86D)   ;(100001101001) (4151) (2153) (869)   ;(100001100101) (4145) (2149) (865)   ;(100001100001) (4141) (2145) (861)   ;(100001011101) (4135) (2141) (85D)   ;
;720;(100001011010) (4132) (2138) (85A)    ;(100001010110) (4126) (2134) (856)   ;(100001010010) (4122) (2130) (852)   ;(100001001111) (4117) (2127) (84F)   ;(100001001100) (4114) (2124) (84C)   ;(100001001000) (4110) (2120) (848)   ;(100001000101) (4105) (2117) (845)   ;(100001000010) (4102) (2114) (842)   ;
;728;(100000111111) (4077) (2111) (83F)    ;(100000111100) (4074) (2108) (83C)   ;(100000111001) (4071) (2105) (839)   ;(100000110110) (4066) (2102) (836)   ;(100000110011) (4063) (2099) (833)   ;(100000110001) (4061) (2097) (831)   ;(100000101110) (4056) (2094) (82E)   ;(100000101011) (4053) (2091) (82B)   ;
;736;(100000101001) (4051) (2089) (829)    ;(100000100110) (4046) (2086) (826)   ;(100000100100) (4044) (2084) (824)   ;(100000100010) (4042) (2082) (822)   ;(100000100000) (4040) (2080) (820)   ;(100000011110) (4036) (2078) (81E)   ;(100000011011) (4033) (2075) (81B)   ;(100000011010) (4032) (2074) (81A)   ;
;744;(100000011000) (4030) (2072) (818)    ;(100000010110) (4026) (2070) (816)   ;(100000010100) (4024) (2068) (814)   ;(100000010010) (4022) (2066) (812)   ;(100000010001) (4021) (2065) (811)   ;(100000001111) (4017) (2063) (80F)   ;(100000001110) (4016) (2062) (80E)   ;(100000001101) (4015) (2061) (80D)   ;
;752;(100000001011) (4013) (2059) (80B)    ;(100000001010) (4012) (2058) (80A)   ;(100000001001) (4011) (2057) (809)   ;(100000001000) (4010) (2056) (808)   ;(100000000111) (4007) (2055) (807)   ;(100000000110) (4006) (2054) (806)   ;(100000000101) (4005) (2053) (805)   ;(100000000101) (4005) (2053) (805)   ;
;760;(100000000100) (4004) (2052) (804)    ;(100000000011) (4003) (2051) (803)   ;(100000000011) (4003) (2051) (803)   ;(100000000010) (4002) (2050) (802)   ;(100000000010) (4002) (2050) (802)   ;(100000000010) (4002) (2050) (802)   ;(100000000010) (4002) (2050) (802)   ;(100000000010) (4002) (2050) (802)   ;
;768;(100000000001) (4001) (2049) (801)    ;(100000000010) (4002) (2050) (802)   ;(100000000010) (4002) (2050) (802)   ;(100000000010) (4002) (2050) (802)   ;(100000000010) (4002) (2050) (802)   ;(100000000010) (4002) (2050) (802)   ;(100000000011) (4003) (2051) (803)   ;(100000000011) (4003) (2051) (803)   ;
;776;(100000000100) (4004) (2052) (804)    ;(100000000101) (4005) (2053) (805)   ;(100000000101) (4005) (2053) (805)   ;(100000000110) (4006) (2054) (806)   ;(100000000111) (4007) (2055) (807)   ;(100000001000) (4010) (2056) (808)   ;(100000001001) (4011) (2057) (809)   ;(100000001010) (4012) (2058) (80A)   ;
;784;(100000001011) (4013) (2059) (80B)    ;(100000001101) (4015) (2061) (80D)   ;(100000001110) (4016) (2062) (80E)   ;(100000001111) (4017) (2063) (80F)   ;(100000010001) (4021) (2065) (811)   ;(100000010010) (4022) (2066) (812)   ;(100000010100) (4024) (2068) (814)   ;(100000010110) (4026) (2070) (816)   ;
;792;(100000011000) (4030) (2072) (818)    ;(100000011010) (4032) (2074) (81A)   ;(100000011011) (4033) (2075) (81B)   ;(100000011110) (4036) (2078) (81E)   ;(100000100000) (4040) (2080) (820)   ;(100000100010) (4042) (2082) (822)   ;(100000100100) (4044) (2084) (824)   ;(100000100110) (4046) (2086) (826)   ;
;800;(100000101001) (4051) (2089) (829)    ;(100000101011) (4053) (2091) (82B)   ;(100000101110) (4056) (2094) (82E)   ;(100000110001) (4061) (2097) (831)   ;(100000110011) (4063) (2099) (833)   ;(100000110110) (4066) (2102) (836)   ;(100000111001) (4071) (2105) (839)   ;(100000111100) (4074) (2108) (83C)   ;
;808;(100000111111) (4077) (2111) (83F)    ;(100001000010) (4102) (2114) (842)   ;(100001000101) (4105) (2117) (845)   ;(100001001000) (4110) (2120) (848)   ;(100001001100) (4114) (2124) (84C)   ;(100001001111) (4117) (2127) (84F)   ;(100001010010) (4122) (2130) (852)   ;(100001010110) (4126) (2134) (856)   ;
;816;(100001011010) (4132) (2138) (85A)    ;(100001011101) (4135) (2141) (85D)   ;(100001100001) (4141) (2145) (861)   ;(100001100101) (4145) (2149) (865)   ;(100001101001) (4151) (2153) (869)   ;(100001101101) (4155) (2157) (86D)   ;(100001110001) (4161) (2161) (871)   ;(100001110101) (4165) (2165) (875)   ;
;824;(100001111001) (4171) (2169) (879)    ;(100001111101) (4175) (2173) (87D)   ;(100010000010) (4202) (2178) (882)   ;(100010000110) (4206) (2182) (886)   ;(100010001011) (4213) (2187) (88B)   ;(100010001111) (4217) (2191) (88F)   ;(100010010100) (4224) (2196) (894)   ;(100010011001) (4231) (2201) (899)   ;
;832;(100010011101) (4235) (2205) (89D)    ;(100010100010) (4242) (2210) (8A2)   ;(100010100111) (4247) (2215) (8A7)   ;(100010101100) (4254) (2220) (8AC)   ;(100010110001) (4261) (2225) (8B1)   ;(100010110110) (4266) (2230) (8B6)   ;(100010111011) (4273) (2235) (8BB)   ;(100011000001) (4301) (2241) (8C1)   ;
;840;(100011000110) (4306) (2246) (8C6)    ;(100011001011) (4313) (2251) (8CB)   ;(100011010001) (4321) (2257) (8D1)   ;(100011010110) (4326) (2262) (8D6)   ;(100011011100) (4334) (2268) (8DC)   ;(100011100010) (4342) (2274) (8E2)   ;(100011101000) (4350) (2280) (8E8)   ;(100011101101) (4355) (2285) (8ED)   ;
;848;(100011110011) (4363) (2291) (8F3)    ;(100011111001) (4371) (2297) (8F9)   ;(100011111111) (4377) (2303) (8FF)   ;(100100000101) (4405) (2309) (905)   ;(100100001011) (4413) (2315) (90B)   ;(100100010010) (4422) (2322) (912)   ;(100100011000) (4430) (2328) (918)   ;(100100011110) (4436) (2334) (91E)   ;
;856;(100100100101) (4445) (2341) (925)    ;(100100101011) (4453) (2347) (92B)   ;(100100110010) (4462) (2354) (932)   ;(100100111000) (4470) (2360) (938)   ;(100100111111) (4477) (2367) (93F)   ;(100101000110) (4506) (2374) (946)   ;(100101001101) (4515) (2381) (94D)   ;(100101010100) (4524) (2388) (954)   ;
;864;(100101011010) (4532) (2394) (95A)    ;(100101100001) (4541) (2401) (961)   ;(100101101001) (4551) (2409) (969)   ;(100101110000) (4560) (2416) (970)   ;(100101110111) (4567) (2423) (977)   ;(100101111110) (4576) (2430) (97E)   ;(100110000101) (4605) (2437) (985)   ;(100110001101) (4615) (2445) (98D)   ;
;872;(100110010100) (4624) (2452) (994)    ;(100110011100) (4634) (2460) (99C)   ;(100110100011) (4643) (2467) (9A3)   ;(100110101011) (4653) (2475) (9AB)   ;(100110110011) (4663) (2483) (9B3)   ;(100110111011) (4673) (2491) (9BB)   ;(100111000010) (4702) (2498) (9C2)   ;(100111001010) (4712) (2506) (9CA)   ;
;880;(100111010010) (4722) (2514) (9D2)    ;(100111011010) (4732) (2522) (9DA)   ;(100111100010) (4742) (2530) (9E2)   ;(100111101010) (4752) (2538) (9EA)   ;(100111110010) (4762) (2546) (9F2)   ;(100111111011) (4773) (2555) (9FB)   ;(101000000011) (5003) (2563) (A03)   ;(101000001011) (5013) (2571) (A0B)   ;
;888;(101000010100) (5024) (2580) (A14)    ;(101000011100) (5034) (2588) (A1C)   ;(101000100101) (5045) (2597) (A25)   ;(101000101101) (5055) (2605) (A2D)   ;(101000110110) (5066) (2614) (A36)   ;(101000111111) (5077) (2623) (A3F)   ;(101001000111) (5107) (2631) (A47)   ;(101001010000) (5120) (2640) (A50)   ;
;896;(101001011001) (5131) (2649) (A59)    ;(101001100010) (5142) (2658) (A62)   ;(101001101011) (5153) (2667) (A6B)   ;(101001110100) (5164) (2676) (A74)   ;(101001111101) (5175) (2685) (A7D)   ;(101010000110) (5206) (2694) (A86)   ;(101010001111) (5217) (2703) (A8F)   ;(101010011001) (5231) (2713) (A99)   ;
;904;(101010100010) (5242) (2722) (AA2)    ;(101010101011) (5253) (2731) (AAB)   ;(101010110101) (5265) (2741) (AB5)   ;(101010111110) (5276) (2750) (ABE)   ;(101011000111) (5307) (2759) (AC7)   ;(101011010001) (5321) (2769) (AD1)   ;(101011011011) (5333) (2779) (ADB)   ;(101011100100) (5344) (2788) (AE4)   ;
;912;(101011101110) (5356) (2798) (AEE)    ;(101011111000) (5370) (2808) (AF8)   ;(101100000001) (5401) (2817) (B01)   ;(101100001011) (5413) (2827) (B0B)   ;(101100010101) (5425) (2837) (B15)   ;(101100011111) (5437) (2847) (B1F)   ;(101100101001) (5451) (2857) (B29)   ;(101100110011) (5463) (2867) (B33)   ;
;920;(101100111101) (5475) (2877) (B3D)    ;(101101000111) (5507) (2887) (B47)   ;(101101010001) (5521) (2897) (B51)   ;(101101011100) (5534) (2908) (B5C)   ;(101101100110) (5546) (2918) (B66)   ;(101101110000) (5560) (2928) (B70)   ;(101101111010) (5572) (2938) (B7A)   ;(101110000101) (5605) (2949) (B85)   ;
;928;(101110001111) (5617) (2959) (B8F)    ;(101110011010) (5632) (2970) (B9A)   ;(101110100100) (5644) (2980) (BA4)   ;(101110101111) (5657) (2991) (BAF)   ;(101110111001) (5671) (3001) (BB9)   ;(101111000100) (5704) (3012) (BC4)   ;(101111001111) (5717) (3023) (BCF)   ;(101111011001) (5731) (3033) (BD9)   ;
;936;(101111100100) (5744) (3044) (BE4)    ;(101111101111) (5757) (3055) (BEF)   ;(101111111010) (5772) (3066) (BFA)   ;(110000000101) (6005) (3077) (C05)   ;(110000010000) (6020) (3088) (C10)   ;(110000011010) (6032) (3098) (C1A)   ;(110000100101) (6045) (3109) (C25)   ;(110000110000) (6060) (3120) (C30)   ;
;944;(110000111100) (6074) (3132) (C3C)    ;(110001000111) (6107) (3143) (C47)   ;(110001010010) (6122) (3154) (C52)   ;(110001011101) (6135) (3165) (C5D)   ;(110001101000) (6150) (3176) (C68)   ;(110001110011) (6163) (3187) (C73)   ;(110001111111) (6177) (3199) (C7F)   ;(110010001010) (6212) (3210) (C8A)   ;
;952;(110010010101) (6225) (3221) (C95)    ;(110010100001) (6241) (3233) (CA1)   ;(110010101100) (6254) (3244) (CAC)   ;(110010111000) (6270) (3256) (CB8)   ;(110011000011) (6303) (3267) (CC3)   ;(110011001110) (6316) (3278) (CCE)   ;(110011011010) (6332) (3290) (CDA)   ;(110011100110) (6346) (3302) (CE6)   ;
;960;(110011110001) (6361) (3313) (CF1)    ;(110011111101) (6375) (3325) (CFD)   ;(110100001000) (6410) (3336) (D08)   ;(110100010100) (6424) (3348) (D14)   ;(110100100000) (6440) (3360) (D20)   ;(110100101100) (6454) (3372) (D2C)   ;(110100110111) (6467) (3383) (D37)   ;(110101000011) (6503) (3395) (D43)   ;
;968;(110101001111) (6517) (3407) (D4F)    ;(110101011011) (6533) (3419) (D5B)   ;(110101100111) (6547) (3431) (D67)   ;(110101110010) (6562) (3442) (D72)   ;(110101111110) (6576) (3454) (D7E)   ;(110110001010) (6612) (3466) (D8A)   ;(110110010110) (6626) (3478) (D96)   ;(110110100010) (6642) (3490) (DA2)   ;
;976;(110110101110) (6656) (3502) (DAE)    ;(110110111010) (6672) (3514) (DBA)   ;(110111000110) (6706) (3526) (DC6)   ;(110111010010) (6722) (3538) (DD2)   ;(110111011111) (6737) (3551) (DDF)   ;(110111101011) (6753) (3563) (DEB)   ;(110111110111) (6767) (3575) (DF7)   ;(111000000011) (7003) (3587) (E03)   ;
;984;(111000001111) (7017) (3599) (E0F)    ;(111000011011) (7033) (3611) (E1B)   ;(111000101000) (7050) (3624) (E28)   ;(111000110100) (7064) (3636) (E34)   ;(111001000000) (7100) (3648) (E40)   ;(111001001100) (7114) (3660) (E4C)   ;(111001011001) (7131) (3673) (E59)   ;(111001100101) (7145) (3685) (E65)   ;
;992;(111001110001) (7161) (3697) (E71)    ;(111001111101) (7175) (3709) (E7D)   ;(111010001010) (7212) (3722) (E8A)   ;(111010010110) (7226) (3734) (E96)   ;(111010100011) (7243) (3747) (EA3)   ;(111010101111) (7257) (3759) (EAF)   ;(111010111011) (7273) (3771) (EBB)   ;(111011001000) (7310) (3784) (EC8)   ;
;1000;(111011010100) (7324) (3796) (ED4)    ;(111011100001) (7341) (3809) (EE1)   ;(111011101101) (7355) (3821) (EED)   ;(111011111001) (7371) (3833) (EF9)   ;(111100000110) (7406) (3846) (F06)   ;(111100010010) (7422) (3858) (F12)   ;(111100011111) (7437) (3871) (F1F)   ;(111100101011) (7453) (3883) (F2B)   ;
;1008;(111100111000) (7470) (3896) (F38)    ;(111101000100) (7504) (3908) (F44)   ;(111101010001) (7521) (3921) (F51)   ;(111101011101) (7535) (3933) (F5D)   ;(111101101010) (7552) (3946) (F6A)   ;(111101110110) (7566) (3958) (F76)   ;(111110000011) (7603) (3971) (F83)   ;(111110010000) (7620) (3984) (F90)   ;
;1016;(111110011100) (7634) (3996) (F9C)    ;(111110101001) (7651) (4009) (FA9)   ;(111110110101) (7665) (4021) (FB5)   ;(111111000010) (7702) (4034) (FC2)   ;(111111001110) (7716) (4046) (FCE)   ;(111111011011) (7733) (4059) (FDB)   ;(111111100111) (7747) (4071) (FE7)   ;(111111110100) (7764) (4084) (FF4)   ;


+-----------------------------------------------------------------------------------------------+
; Fitter DSP Block Usage Summary                                                                ;
+---------------------------------------+-------------+---------------------+-------------------+
; Statistic                             ; Number Used ; Available per Block ; Maximum Available ;
+---------------------------------------+-------------+---------------------+-------------------+
; Simple Multipliers (9-bit)            ; 0           ; 2                   ; 132               ;
; Simple Multipliers (18-bit)           ; 2           ; 1                   ; 66                ;
; Embedded Multiplier Blocks            ; 2           ; --                  ; 66                ;
; Embedded Multiplier 9-bit elements    ; 4           ; 2                   ; 132               ;
; Signed Embedded Multipliers           ; 2           ; --                  ; --                ;
; Unsigned Embedded Multipliers         ; 0           ; --                  ; --                ;
; Mixed Sign Embedded Multipliers       ; 0           ; --                  ; --                ;
; Variable Sign Embedded Multipliers    ; 0           ; --                  ; --                ;
; Dedicated Input Shift Register Chains ; 0           ; --                  ; --                ;
+---------------------------------------+-------------+---------------------+-------------------+


+--------------------------------------------------------------------------------------------------------------------------------------------------------------------------------------------------------------------------------------------------------------------------+
; DSP Block Details                                                                                                                                                                                                                                                        ;
+---------------------------------------------------------------------------+----------------------------+--------------------+---------------------+--------------------------------+-----------------------+-----------------------+-------------------+-----------------+
; Name                                                                      ; Mode                       ; Location           ; Sign Representation ; Has Input Shift Register Chain ; Data A Input Register ; Data B Input Register ; Pipeline Register ; Output Register ;
+---------------------------------------------------------------------------+----------------------------+--------------------+---------------------+--------------------------------+-----------------------+-----------------------+-------------------+-----------------+
; multiplier:sine_mix|product[0]                                            ; Simple Multiplier (18-bit) ; DSPOUT_X13_Y18_N2  ;                     ; No                             ;                       ;                       ;                   ; yes             ;
;    multiplier:sine_mix|lpm_mult:Mult0|mult_t5t:auto_generated|mac_mult1   ;                            ; DSPMULT_X13_Y18_N0 ; Signed              ;                                ; no                    ; no                    ; no                ;                 ;
; multiplier:cosine_mix|product[0]                                          ; Simple Multiplier (18-bit) ; DSPOUT_X13_Y20_N2  ;                     ; No                             ;                       ;                       ;                   ; yes             ;
;    multiplier:cosine_mix|lpm_mult:Mult0|mult_t5t:auto_generated|mac_mult1 ;                            ; DSPMULT_X13_Y20_N0 ; Signed              ;                                ; no                    ; no                    ; no                ;                 ;
+---------------------------------------------------------------------------+----------------------------+--------------------+---------------------+--------------------------------+-----------------------+-----------------------+-------------------+-----------------+


+------------------------------------------------------+
; Other Routing Usage Summary                          ;
+-----------------------------+------------------------+
; Other Routing Resource Type ; Usage                  ;
+-----------------------------+------------------------+
; Block interconnects         ; 6,122 / 71,559 ( 9 % ) ;
; C16 interconnects           ; 29 / 2,597 ( 1 % )     ;
; C4 interconnects            ; 3,043 / 46,848 ( 6 % ) ;
; Direct links                ; 1,193 / 71,559 ( 2 % ) ;
; Global clocks               ; 2 / 20 ( 10 % )        ;
; Local interconnects         ; 686 / 24,624 ( 3 % )   ;
; R24 interconnects           ; 46 / 2,496 ( 2 % )     ;
; R4 interconnects            ; 3,989 / 62,424 ( 6 % ) ;
+-----------------------------+------------------------+


+-----------------------------------------------------------------------------+
; LAB Logic Elements                                                          ;
+---------------------------------------------+-------------------------------+
; Number of Logic Elements  (Average = 13.40) ; Number of LABs  (Total = 354) ;
+---------------------------------------------+-------------------------------+
; 1                                           ; 13                            ;
; 2                                           ; 19                            ;
; 3                                           ; 3                             ;
; 4                                           ; 4                             ;
; 5                                           ; 3                             ;
; 6                                           ; 0                             ;
; 7                                           ; 5                             ;
; 8                                           ; 2                             ;
; 9                                           ; 8                             ;
; 10                                          ; 9                             ;
; 11                                          ; 3                             ;
; 12                                          ; 7                             ;
; 13                                          ; 9                             ;
; 14                                          ; 19                            ;
; 15                                          ; 59                            ;
; 16                                          ; 191                           ;
+---------------------------------------------+-------------------------------+


+--------------------------------------------------------------------+
; LAB-wide Signals                                                   ;
+------------------------------------+-------------------------------+
; LAB-wide Signals  (Average = 1.57) ; Number of LABs  (Total = 354) ;
+------------------------------------+-------------------------------+
; 1 Clock                            ; 270                           ;
; 1 Clock enable                     ; 235                           ;
; 1 Sync. clear                      ; 11                            ;
; 1 Sync. load                       ; 24                            ;
; 2 Clock enables                    ; 12                            ;
; 2 Clocks                           ; 3                             ;
+------------------------------------+-------------------------------+


+------------------------------------------------------------------------------+
; LAB Signals Sourced                                                          ;
+----------------------------------------------+-------------------------------+
; Number of Signals Sourced  (Average = 21.75) ; Number of LABs  (Total = 354) ;
+----------------------------------------------+-------------------------------+
; 0                                            ; 1                             ;
; 1                                            ; 10                            ;
; 2                                            ; 17                            ;
; 3                                            ; 4                             ;
; 4                                            ; 6                             ;
; 5                                            ; 1                             ;
; 6                                            ; 2                             ;
; 7                                            ; 6                             ;
; 8                                            ; 2                             ;
; 9                                            ; 3                             ;
; 10                                           ; 2                             ;
; 11                                           ; 0                             ;
; 12                                           ; 1                             ;
; 13                                           ; 5                             ;
; 14                                           ; 11                            ;
; 15                                           ; 18                            ;
; 16                                           ; 13                            ;
; 17                                           ; 2                             ;
; 18                                           ; 6                             ;
; 19                                           ; 11                            ;
; 20                                           ; 9                             ;
; 21                                           ; 28                            ;
; 22                                           ; 22                            ;
; 23                                           ; 0                             ;
; 24                                           ; 7                             ;
; 25                                           ; 37                            ;
; 26                                           ; 0                             ;
; 27                                           ; 2                             ;
; 28                                           ; 3                             ;
; 29                                           ; 0                             ;
; 30                                           ; 14                            ;
; 31                                           ; 19                            ;
; 32                                           ; 92                            ;
+----------------------------------------------+-------------------------------+


+----------------------------------------------------------------------------------+
; LAB Signals Sourced Out                                                          ;
+--------------------------------------------------+-------------------------------+
; Number of Signals Sourced Out  (Average = 11.64) ; Number of LABs  (Total = 354) ;
+--------------------------------------------------+-------------------------------+
; 0                                                ; 2                             ;
; 1                                                ; 15                            ;
; 2                                                ; 21                            ;
; 3                                                ; 4                             ;
; 4                                                ; 7                             ;
; 5                                                ; 3                             ;
; 6                                                ; 3                             ;
; 7                                                ; 43                            ;
; 8                                                ; 17                            ;
; 9                                                ; 14                            ;
; 10                                               ; 13                            ;
; 11                                               ; 5                             ;
; 12                                               ; 7                             ;
; 13                                               ; 8                             ;
; 14                                               ; 18                            ;
; 15                                               ; 41                            ;
; 16                                               ; 129                           ;
; 17                                               ; 0                             ;
; 18                                               ; 0                             ;
; 19                                               ; 0                             ;
; 20                                               ; 0                             ;
; 21                                               ; 0                             ;
; 22                                               ; 0                             ;
; 23                                               ; 0                             ;
; 24                                               ; 0                             ;
; 25                                               ; 0                             ;
; 26                                               ; 0                             ;
; 27                                               ; 0                             ;
; 28                                               ; 0                             ;
; 29                                               ; 1                             ;
; 30                                               ; 1                             ;
; 31                                               ; 1                             ;
; 32                                               ; 1                             ;
+--------------------------------------------------+-------------------------------+


+------------------------------------------------------------------------------+
; LAB Distinct Inputs                                                          ;
+----------------------------------------------+-------------------------------+
; Number of Distinct Inputs  (Average = 17.34) ; Number of LABs  (Total = 354) ;
+----------------------------------------------+-------------------------------+
; 0                                            ; 0                             ;
; 1                                            ; 0                             ;
; 2                                            ; 16                            ;
; 3                                            ; 19                            ;
; 4                                            ; 6                             ;
; 5                                            ; 3                             ;
; 6                                            ; 4                             ;
; 7                                            ; 2                             ;
; 8                                            ; 8                             ;
; 9                                            ; 1                             ;
; 10                                           ; 3                             ;
; 11                                           ; 2                             ;
; 12                                           ; 9                             ;
; 13                                           ; 41                            ;
; 14                                           ; 7                             ;
; 15                                           ; 23                            ;
; 16                                           ; 19                            ;
; 17                                           ; 41                            ;
; 18                                           ; 30                            ;
; 19                                           ; 26                            ;
; 20                                           ; 19                            ;
; 21                                           ; 2                             ;
; 22                                           ; 3                             ;
; 23                                           ; 2                             ;
; 24                                           ; 2                             ;
; 25                                           ; 2                             ;
; 26                                           ; 2                             ;
; 27                                           ; 2                             ;
; 28                                           ; 4                             ;
; 29                                           ; 2                             ;
; 30                                           ; 6                             ;
; 31                                           ; 5                             ;
; 32                                           ; 7                             ;
; 33                                           ; 5                             ;
; 34                                           ; 2                             ;
; 35                                           ; 17                            ;
; 36                                           ; 12                            ;
+----------------------------------------------+-------------------------------+


+------------------------------------------+
; I/O Rules Summary                        ;
+----------------------------------+-------+
; I/O Rules Statistic              ; Total ;
+----------------------------------+-------+
; Total I/O Rules                  ; 30    ;
; Number of I/O Rules Passed       ; 12    ;
; Number of I/O Rules Failed       ; 0     ;
; Number of I/O Rules Unchecked    ; 0     ;
; Number of I/O Rules Inapplicable ; 18    ;
+----------------------------------+-------+


+-----------------------------------------------------------------------------------------------------------------------------------------------------------------------------------------------------------------------------------------------------------------------------------------------------+
; I/O Rules Details                                                                                                                                                                                                                                                                                   ;
+--------------+-----------+-----------------------------------+------------------------------------------------------------------------------------------------------+----------+--------------------------------------------------------------------------+---------------------+-------------------+
; Status       ; ID        ; Category                          ; Rule Description                                                                                     ; Severity ; Information                                                              ; Area                ; Extra Information ;
+--------------+-----------+-----------------------------------+------------------------------------------------------------------------------------------------------+----------+--------------------------------------------------------------------------+---------------------+-------------------+
; Pass         ; IO_000001 ; Capacity Checks                   ; Number of pins in an I/O bank should not exceed the number of locations available.                   ; Critical ; 0 such failures found.                                                   ; I/O                 ;                   ;
; Inapplicable ; IO_000002 ; Capacity Checks                   ; Number of clocks in an I/O bank should not exceed the number of clocks available.                    ; Critical ; No Global Signal assignments found.                                      ; I/O                 ;                   ;
; Pass         ; IO_000003 ; Capacity Checks                   ; Number of pins in a Vrefgroup should not exceed the number of locations available.                   ; Critical ; 0 such failures found.                                                   ; I/O                 ;                   ;
; Inapplicable ; IO_000004 ; Voltage Compatibility Checks      ; The I/O bank should support the requested VCCIO.                                                     ; Critical ; No IOBANK_VCCIO assignments found.                                       ; I/O                 ;                   ;
; Inapplicable ; IO_000005 ; Voltage Compatibility Checks      ; The I/O bank should not have competing VREF values.                                                  ; Critical ; No VREF I/O Standard assignments found.                                  ; I/O                 ;                   ;
; Pass         ; IO_000006 ; Voltage Compatibility Checks      ; The I/O bank should not have competing VCCIO values.                                                 ; Critical ; 0 such failures found.                                                   ; I/O                 ;                   ;
; Pass         ; IO_000007 ; Valid Location Checks             ; Checks for unavailable locations.                                                                    ; Critical ; 0 such failures found.                                                   ; I/O                 ;                   ;
; Inapplicable ; IO_000008 ; Valid Location Checks             ; Checks for reserved locations.                                                                       ; Critical ; No reserved LogicLock region found.                                      ; I/O                 ;                   ;
; Pass         ; IO_000009 ; I/O Properties Checks for One I/O ; The location should support the requested I/O standard.                                              ; Critical ; 0 such failures found.                                                   ; I/O                 ;                   ;
; Pass         ; IO_000010 ; I/O Properties Checks for One I/O ; The location should support the requested I/O direction.                                             ; Critical ; 0 such failures found.                                                   ; I/O                 ;                   ;
; Inapplicable ; IO_000011 ; I/O Properties Checks for One I/O ; The location should support the requested Current Strength.                                          ; Critical ; No Current Strength assignments found.                                   ; I/O                 ;                   ;
; Pass         ; IO_000012 ; I/O Properties Checks for One I/O ; The location should support the requested On Chip Termination value.                                 ; Critical ; 0 such failures found.                                                   ; I/O                 ;                   ;
; Inapplicable ; IO_000013 ; I/O Properties Checks for One I/O ; The location should support the requested Bus Hold value.                                            ; Critical ; No Enable Bus-Hold Circuitry assignments found.                          ; I/O                 ;                   ;
; Inapplicable ; IO_000014 ; I/O Properties Checks for One I/O ; The location should support the requested Weak Pull Up value.                                        ; Critical ; No Weak Pull-Up Resistor assignments found.                              ; I/O                 ;                   ;
; Pass         ; IO_000015 ; I/O Properties Checks for One I/O ; The location should support the requested PCI Clamp Diode.                                           ; Critical ; 0 such failures found.                                                   ; I/O                 ;                   ;
; Inapplicable ; IO_000018 ; I/O Properties Checks for One I/O ; The I/O standard should support the requested Current Strength.                                      ; Critical ; No Current Strength assignments found.                                   ; I/O                 ;                   ;
; Pass         ; IO_000019 ; I/O Properties Checks for One I/O ; The I/O standard should support the requested On Chip Termination value.                             ; Critical ; 0 such failures found.                                                   ; I/O                 ;                   ;
; Pass         ; IO_000020 ; I/O Properties Checks for One I/O ; The I/O standard should support the requested PCI Clamp Diode.                                       ; Critical ; 0 such failures found.                                                   ; I/O                 ;                   ;
; Inapplicable ; IO_000021 ; I/O Properties Checks for One I/O ; The I/O standard should support the requested Weak Pull Up value.                                    ; Critical ; No Weak Pull-Up Resistor assignments found.                              ; I/O                 ;                   ;
; Inapplicable ; IO_000022 ; I/O Properties Checks for One I/O ; The I/O standard should support the requested Bus Hold value.                                        ; Critical ; No Enable Bus-Hold Circuitry assignments found.                          ; I/O                 ;                   ;
; Inapplicable ; IO_000023 ; I/O Properties Checks for One I/O ; The I/O standard should support the Open Drain value.                                                ; Critical ; No open drain assignments found.                                         ; I/O                 ;                   ;
; Pass         ; IO_000024 ; I/O Properties Checks for One I/O ; The I/O direction should support the On Chip Termination value.                                      ; Critical ; 0 such failures found.                                                   ; I/O                 ;                   ;
; Inapplicable ; IO_000026 ; I/O Properties Checks for One I/O ; On Chip Termination and Current Strength should not be used at the same time.                        ; Critical ; No Current Strength assignments found.                                   ; I/O                 ;                   ;
; Inapplicable ; IO_000027 ; I/O Properties Checks for One I/O ; Weak Pull Up and Bus Hold should not be used at the same time.                                       ; Critical ; No Enable Bus-Hold Circuitry or Weak Pull-Up Resistor assignments found. ; I/O                 ;                   ;
; Inapplicable ; IO_000045 ; I/O Properties Checks for One I/O ; The I/O standard should support the requested Slew Rate value.                                       ; Critical ; No Slew Rate assignments found.                                          ; I/O                 ;                   ;
; Inapplicable ; IO_000046 ; I/O Properties Checks for One I/O ; The location should support the requested Slew Rate value.                                           ; Critical ; No Slew Rate assignments found.                                          ; I/O                 ;                   ;
; Inapplicable ; IO_000047 ; I/O Properties Checks for One I/O ; On Chip Termination and Slew Rate should not be used at the same time.                               ; Critical ; No Slew Rate assignments found.                                          ; I/O                 ;                   ;
; Pass         ; IO_000033 ; Electromigration Checks           ; Current density for consecutive I/Os should not exceed 240mA for row I/Os and 240mA for column I/Os. ; Critical ; 0 such failures found.                                                   ; I/O                 ;                   ;
; Inapplicable ; IO_000034 ; SI Related Distance Checks        ; Single-ended outputs should be 5 LAB row(s) away from a differential I/O.                            ; High     ; No Differential I/O Standard assignments found.                          ; I/O                 ;                   ;
; Inapplicable ; IO_000042 ; SI Related SSO Limit Checks       ; No more than 20 outputs are allowed in a VREF group when VREF is being read from.                    ; High     ; No VREF I/O Standard assignments found.                                  ; I/O                 ;                   ;
; ----         ; ----      ; Disclaimer                        ; OCT rules are checked but not reported.                                                              ; None     ; ----                                                                     ; On Chip Termination ;                   ;
+--------------+-----------+-----------------------------------+------------------------------------------------------------------------------------------------------+----------+--------------------------------------------------------------------------+---------------------+-------------------+


+--------------------------------------------------------------------------------------------------------------------------------------------------------------------------------------------------------------------------------------------------------------------------------------------------------------------------------------------------------------------------------------------------------------------------------------------------------------------------+
; I/O Rules Matrix                                                                                                                                                                                                                                                                                                                                                                                                                                                         ;
+--------------------+--------------+--------------+--------------+--------------+--------------+-----------+--------------+--------------+-----------+-----------+--------------+--------------+--------------+--------------+--------------+--------------+--------------+--------------+--------------+--------------+--------------+--------------+--------------+--------------+--------------+--------------+--------------+-----------+--------------+--------------+
; Pin/Rules          ; IO_000001    ; IO_000002    ; IO_000003    ; IO_000004    ; IO_000005    ; IO_000006 ; IO_000007    ; IO_000008    ; IO_000009 ; IO_000010 ; IO_000011    ; IO_000012    ; IO_000013    ; IO_000014    ; IO_000015    ; IO_000018    ; IO_000019    ; IO_000020    ; IO_000021    ; IO_000022    ; IO_000023    ; IO_000024    ; IO_000026    ; IO_000027    ; IO_000045    ; IO_000046    ; IO_000047    ; IO_000033 ; IO_000034    ; IO_000042    ;
+--------------------+--------------+--------------+--------------+--------------+--------------+-----------+--------------+--------------+-----------+-----------+--------------+--------------+--------------+--------------+--------------+--------------+--------------+--------------+--------------+--------------+--------------+--------------+--------------+--------------+--------------+--------------+--------------+-----------+--------------+--------------+
; Total Pass         ; 6            ; 0            ; 6            ; 0            ; 0            ; 116       ; 6            ; 0            ; 116       ; 116       ; 0            ; 112          ; 0            ; 0            ; 4            ; 0            ; 112          ; 4            ; 0            ; 0            ; 0            ; 112          ; 0            ; 0            ; 0            ; 0            ; 0            ; 116       ; 0            ; 0            ;
; Total Unchecked    ; 0            ; 0            ; 0            ; 0            ; 0            ; 0         ; 0            ; 0            ; 0         ; 0         ; 0            ; 0            ; 0            ; 0            ; 0            ; 0            ; 0            ; 0            ; 0            ; 0            ; 0            ; 0            ; 0            ; 0            ; 0            ; 0            ; 0            ; 0         ; 0            ; 0            ;
; Total Inapplicable ; 110          ; 116          ; 110          ; 116          ; 116          ; 0         ; 110          ; 116          ; 0         ; 0         ; 116          ; 4            ; 116          ; 116          ; 112          ; 116          ; 4            ; 112          ; 116          ; 116          ; 116          ; 4            ; 116          ; 116          ; 116          ; 116          ; 116          ; 0         ; 116          ; 116          ;
; Total Fail         ; 0            ; 0            ; 0            ; 0            ; 0            ; 0         ; 0            ; 0            ; 0         ; 0         ; 0            ; 0            ; 0            ; 0            ; 0            ; 0            ; 0            ; 0            ; 0            ; 0            ; 0            ; 0            ; 0            ; 0            ; 0            ; 0            ; 0            ; 0         ; 0            ; 0            ;
; rst_n              ; Inapplicable ; Inapplicable ; Inapplicable ; Inapplicable ; Inapplicable ; Pass      ; Inapplicable ; Inapplicable ; Pass      ; Pass      ; Inapplicable ; Inapplicable ; Inapplicable ; Inapplicable ; Pass         ; Inapplicable ; Inapplicable ; Pass         ; Inapplicable ; Inapplicable ; Inapplicable ; Inapplicable ; Inapplicable ; Inapplicable ; Inapplicable ; Inapplicable ; Inapplicable ; Pass      ; Inapplicable ; Inapplicable ;
; sclk               ; Pass         ; Inapplicable ; Pass         ; Inapplicable ; Inapplicable ; Pass      ; Pass         ; Inapplicable ; Pass      ; Pass      ; Inapplicable ; Pass         ; Inapplicable ; Inapplicable ; Inapplicable ; Inapplicable ; Pass         ; Inapplicable ; Inapplicable ; Inapplicable ; Inapplicable ; Pass         ; Inapplicable ; Inapplicable ; Inapplicable ; Inapplicable ; Inapplicable ; Pass      ; Inapplicable ; Inapplicable ;
; din                ; Pass         ; Inapplicable ; Pass         ; Inapplicable ; Inapplicable ; Pass      ; Pass         ; Inapplicable ; Pass      ; Pass      ; Inapplicable ; Pass         ; Inapplicable ; Inapplicable ; Inapplicable ; Inapplicable ; Pass         ; Inapplicable ; Inapplicable ; Inapplicable ; Inapplicable ; Pass         ; Inapplicable ; Inapplicable ; Inapplicable ; Inapplicable ; Inapplicable ; Pass      ; Inapplicable ; Inapplicable ;
; cs                 ; Pass         ; Inapplicable ; Pass         ; Inapplicable ; Inapplicable ; Pass      ; Pass         ; Inapplicable ; Pass      ; Pass      ; Inapplicable ; Pass         ; Inapplicable ; Inapplicable ; Inapplicable ; Inapplicable ; Pass         ; Inapplicable ; Inapplicable ; Inapplicable ; Inapplicable ; Pass         ; Inapplicable ; Inapplicable ; Inapplicable ; Inapplicable ; Inapplicable ; Pass      ; Inapplicable ; Inapplicable ;
; clock_out          ; Inapplicable ; Inapplicable ; Inapplicable ; Inapplicable ; Inapplicable ; Pass      ; Inapplicable ; Inapplicable ; Pass      ; Pass      ; Inapplicable ; Pass         ; Inapplicable ; Inapplicable ; Inapplicable ; Inapplicable ; Pass         ; Inapplicable ; Inapplicable ; Inapplicable ; Inapplicable ; Pass         ; Inapplicable ; Inapplicable ; Inapplicable ; Inapplicable ; Inapplicable ; Pass      ; Inapplicable ; Inapplicable ;
; afe_data[0]        ; Inapplicable ; Inapplicable ; Inapplicable ; Inapplicable ; Inapplicable ; Pass      ; Inapplicable ; Inapplicable ; Pass      ; Pass      ; Inapplicable ; Pass         ; Inapplicable ; Inapplicable ; Inapplicable ; Inapplicable ; Pass         ; Inapplicable ; Inapplicable ; Inapplicable ; Inapplicable ; Pass         ; Inapplicable ; Inapplicable ; Inapplicable ; Inapplicable ; Inapplicable ; Pass      ; Inapplicable ; Inapplicable ;
; afe_data[1]        ; Inapplicable ; Inapplicable ; Inapplicable ; Inapplicable ; Inapplicable ; Pass      ; Inapplicable ; Inapplicable ; Pass      ; Pass      ; Inapplicable ; Pass         ; Inapplicable ; Inapplicable ; Inapplicable ; Inapplicable ; Pass         ; Inapplicable ; Inapplicable ; Inapplicable ; Inapplicable ; Pass         ; Inapplicable ; Inapplicable ; Inapplicable ; Inapplicable ; Inapplicable ; Pass      ; Inapplicable ; Inapplicable ;
; afe_data[2]        ; Inapplicable ; Inapplicable ; Inapplicable ; Inapplicable ; Inapplicable ; Pass      ; Inapplicable ; Inapplicable ; Pass      ; Pass      ; Inapplicable ; Pass         ; Inapplicable ; Inapplicable ; Inapplicable ; Inapplicable ; Pass         ; Inapplicable ; Inapplicable ; Inapplicable ; Inapplicable ; Pass         ; Inapplicable ; Inapplicable ; Inapplicable ; Inapplicable ; Inapplicable ; Pass      ; Inapplicable ; Inapplicable ;
; afe_data[3]        ; Inapplicable ; Inapplicable ; Inapplicable ; Inapplicable ; Inapplicable ; Pass      ; Inapplicable ; Inapplicable ; Pass      ; Pass      ; Inapplicable ; Pass         ; Inapplicable ; Inapplicable ; Inapplicable ; Inapplicable ; Pass         ; Inapplicable ; Inapplicable ; Inapplicable ; Inapplicable ; Pass         ; Inapplicable ; Inapplicable ; Inapplicable ; Inapplicable ; Inapplicable ; Pass      ; Inapplicable ; Inapplicable ;
; afe_data[4]        ; Inapplicable ; Inapplicable ; Inapplicable ; Inapplicable ; Inapplicable ; Pass      ; Inapplicable ; Inapplicable ; Pass      ; Pass      ; Inapplicable ; Pass         ; Inapplicable ; Inapplicable ; Inapplicable ; Inapplicable ; Pass         ; Inapplicable ; Inapplicable ; Inapplicable ; Inapplicable ; Pass         ; Inapplicable ; Inapplicable ; Inapplicable ; Inapplicable ; Inapplicable ; Pass      ; Inapplicable ; Inapplicable ;
; afe_data[5]        ; Inapplicable ; Inapplicable ; Inapplicable ; Inapplicable ; Inapplicable ; Pass      ; Inapplicable ; Inapplicable ; Pass      ; Pass      ; Inapplicable ; Pass         ; Inapplicable ; Inapplicable ; Inapplicable ; Inapplicable ; Pass         ; Inapplicable ; Inapplicable ; Inapplicable ; Inapplicable ; Pass         ; Inapplicable ; Inapplicable ; Inapplicable ; Inapplicable ; Inapplicable ; Pass      ; Inapplicable ; Inapplicable ;
; afe_data[6]        ; Inapplicable ; Inapplicable ; Inapplicable ; Inapplicable ; Inapplicable ; Pass      ; Inapplicable ; Inapplicable ; Pass      ; Pass      ; Inapplicable ; Pass         ; Inapplicable ; Inapplicable ; Inapplicable ; Inapplicable ; Pass         ; Inapplicable ; Inapplicable ; Inapplicable ; Inapplicable ; Pass         ; Inapplicable ; Inapplicable ; Inapplicable ; Inapplicable ; Inapplicable ; Pass      ; Inapplicable ; Inapplicable ;
; afe_data[7]        ; Inapplicable ; Inapplicable ; Inapplicable ; Inapplicable ; Inapplicable ; Pass      ; Inapplicable ; Inapplicable ; Pass      ; Pass      ; Inapplicable ; Pass         ; Inapplicable ; Inapplicable ; Inapplicable ; Inapplicable ; Pass         ; Inapplicable ; Inapplicable ; Inapplicable ; Inapplicable ; Pass         ; Inapplicable ; Inapplicable ; Inapplicable ; Inapplicable ; Inapplicable ; Pass      ; Inapplicable ; Inapplicable ;
; afe_data[8]        ; Inapplicable ; Inapplicable ; Inapplicable ; Inapplicable ; Inapplicable ; Pass      ; Inapplicable ; Inapplicable ; Pass      ; Pass      ; Inapplicable ; Pass         ; Inapplicable ; Inapplicable ; Inapplicable ; Inapplicable ; Pass         ; Inapplicable ; Inapplicable ; Inapplicable ; Inapplicable ; Pass         ; Inapplicable ; Inapplicable ; Inapplicable ; Inapplicable ; Inapplicable ; Pass      ; Inapplicable ; Inapplicable ;
; afe_data[9]        ; Inapplicable ; Inapplicable ; Inapplicable ; Inapplicable ; Inapplicable ; Pass      ; Inapplicable ; Inapplicable ; Pass      ; Pass      ; Inapplicable ; Pass         ; Inapplicable ; Inapplicable ; Inapplicable ; Inapplicable ; Pass         ; Inapplicable ; Inapplicable ; Inapplicable ; Inapplicable ; Pass         ; Inapplicable ; Inapplicable ; Inapplicable ; Inapplicable ; Inapplicable ; Pass      ; Inapplicable ; Inapplicable ;
; afe_data[10]       ; Inapplicable ; Inapplicable ; Inapplicable ; Inapplicable ; Inapplicable ; Pass      ; Inapplicable ; Inapplicable ; Pass      ; Pass      ; Inapplicable ; Pass         ; Inapplicable ; Inapplicable ; Inapplicable ; Inapplicable ; Pass         ; Inapplicable ; Inapplicable ; Inapplicable ; Inapplicable ; Pass         ; Inapplicable ; Inapplicable ; Inapplicable ; Inapplicable ; Inapplicable ; Pass      ; Inapplicable ; Inapplicable ;
; afe_data[11]       ; Inapplicable ; Inapplicable ; Inapplicable ; Inapplicable ; Inapplicable ; Pass      ; Inapplicable ; Inapplicable ; Pass      ; Pass      ; Inapplicable ; Pass         ; Inapplicable ; Inapplicable ; Inapplicable ; Inapplicable ; Pass         ; Inapplicable ; Inapplicable ; Inapplicable ; Inapplicable ; Pass         ; Inapplicable ; Inapplicable ; Inapplicable ; Inapplicable ; Inapplicable ; Pass      ; Inapplicable ; Inapplicable ;
; N_sample_out[0]    ; Inapplicable ; Inapplicable ; Inapplicable ; Inapplicable ; Inapplicable ; Pass      ; Inapplicable ; Inapplicable ; Pass      ; Pass      ; Inapplicable ; Pass         ; Inapplicable ; Inapplicable ; Inapplicable ; Inapplicable ; Pass         ; Inapplicable ; Inapplicable ; Inapplicable ; Inapplicable ; Pass         ; Inapplicable ; Inapplicable ; Inapplicable ; Inapplicable ; Inapplicable ; Pass      ; Inapplicable ; Inapplicable ;
; N_sample_out[1]    ; Inapplicable ; Inapplicable ; Inapplicable ; Inapplicable ; Inapplicable ; Pass      ; Inapplicable ; Inapplicable ; Pass      ; Pass      ; Inapplicable ; Pass         ; Inapplicable ; Inapplicable ; Inapplicable ; Inapplicable ; Pass         ; Inapplicable ; Inapplicable ; Inapplicable ; Inapplicable ; Pass         ; Inapplicable ; Inapplicable ; Inapplicable ; Inapplicable ; Inapplicable ; Pass      ; Inapplicable ; Inapplicable ;
; N_sample_out[2]    ; Inapplicable ; Inapplicable ; Inapplicable ; Inapplicable ; Inapplicable ; Pass      ; Inapplicable ; Inapplicable ; Pass      ; Pass      ; Inapplicable ; Pass         ; Inapplicable ; Inapplicable ; Inapplicable ; Inapplicable ; Pass         ; Inapplicable ; Inapplicable ; Inapplicable ; Inapplicable ; Pass         ; Inapplicable ; Inapplicable ; Inapplicable ; Inapplicable ; Inapplicable ; Pass      ; Inapplicable ; Inapplicable ;
; N_sample_out[3]    ; Inapplicable ; Inapplicable ; Inapplicable ; Inapplicable ; Inapplicable ; Pass      ; Inapplicable ; Inapplicable ; Pass      ; Pass      ; Inapplicable ; Pass         ; Inapplicable ; Inapplicable ; Inapplicable ; Inapplicable ; Pass         ; Inapplicable ; Inapplicable ; Inapplicable ; Inapplicable ; Pass         ; Inapplicable ; Inapplicable ; Inapplicable ; Inapplicable ; Inapplicable ; Pass      ; Inapplicable ; Inapplicable ;
; N_sample_out[4]    ; Inapplicable ; Inapplicable ; Inapplicable ; Inapplicable ; Inapplicable ; Pass      ; Inapplicable ; Inapplicable ; Pass      ; Pass      ; Inapplicable ; Pass         ; Inapplicable ; Inapplicable ; Inapplicable ; Inapplicable ; Pass         ; Inapplicable ; Inapplicable ; Inapplicable ; Inapplicable ; Pass         ; Inapplicable ; Inapplicable ; Inapplicable ; Inapplicable ; Inapplicable ; Pass      ; Inapplicable ; Inapplicable ;
; N_sample_out[5]    ; Inapplicable ; Inapplicable ; Inapplicable ; Inapplicable ; Inapplicable ; Pass      ; Inapplicable ; Inapplicable ; Pass      ; Pass      ; Inapplicable ; Pass         ; Inapplicable ; Inapplicable ; Inapplicable ; Inapplicable ; Pass         ; Inapplicable ; Inapplicable ; Inapplicable ; Inapplicable ; Pass         ; Inapplicable ; Inapplicable ; Inapplicable ; Inapplicable ; Inapplicable ; Pass      ; Inapplicable ; Inapplicable ;
; N_sample_out[6]    ; Inapplicable ; Inapplicable ; Inapplicable ; Inapplicable ; Inapplicable ; Pass      ; Inapplicable ; Inapplicable ; Pass      ; Pass      ; Inapplicable ; Pass         ; Inapplicable ; Inapplicable ; Inapplicable ; Inapplicable ; Pass         ; Inapplicable ; Inapplicable ; Inapplicable ; Inapplicable ; Pass         ; Inapplicable ; Inapplicable ; Inapplicable ; Inapplicable ; Inapplicable ; Pass      ; Inapplicable ; Inapplicable ;
; N_sample_out[7]    ; Inapplicable ; Inapplicable ; Inapplicable ; Inapplicable ; Inapplicable ; Pass      ; Inapplicable ; Inapplicable ; Pass      ; Pass      ; Inapplicable ; Pass         ; Inapplicable ; Inapplicable ; Inapplicable ; Inapplicable ; Pass         ; Inapplicable ; Inapplicable ; Inapplicable ; Inapplicable ; Pass         ; Inapplicable ; Inapplicable ; Inapplicable ; Inapplicable ; Inapplicable ; Pass      ; Inapplicable ; Inapplicable ;
; N_sample_out[8]    ; Inapplicable ; Inapplicable ; Inapplicable ; Inapplicable ; Inapplicable ; Pass      ; Inapplicable ; Inapplicable ; Pass      ; Pass      ; Inapplicable ; Pass         ; Inapplicable ; Inapplicable ; Inapplicable ; Inapplicable ; Pass         ; Inapplicable ; Inapplicable ; Inapplicable ; Inapplicable ; Pass         ; Inapplicable ; Inapplicable ; Inapplicable ; Inapplicable ; Inapplicable ; Pass      ; Inapplicable ; Inapplicable ;
; N_sample_out[9]    ; Inapplicable ; Inapplicable ; Inapplicable ; Inapplicable ; Inapplicable ; Pass      ; Inapplicable ; Inapplicable ; Pass      ; Pass      ; Inapplicable ; Pass         ; Inapplicable ; Inapplicable ; Inapplicable ; Inapplicable ; Pass         ; Inapplicable ; Inapplicable ; Inapplicable ; Inapplicable ; Pass         ; Inapplicable ; Inapplicable ; Inapplicable ; Inapplicable ; Inapplicable ; Pass      ; Inapplicable ; Inapplicable ;
; N_sample_out[10]   ; Inapplicable ; Inapplicable ; Inapplicable ; Inapplicable ; Inapplicable ; Pass      ; Inapplicable ; Inapplicable ; Pass      ; Pass      ; Inapplicable ; Pass         ; Inapplicable ; Inapplicable ; Inapplicable ; Inapplicable ; Pass         ; Inapplicable ; Inapplicable ; Inapplicable ; Inapplicable ; Pass         ; Inapplicable ; Inapplicable ; Inapplicable ; Inapplicable ; Inapplicable ; Pass      ; Inapplicable ; Inapplicable ;
; N_sample_out[11]   ; Inapplicable ; Inapplicable ; Inapplicable ; Inapplicable ; Inapplicable ; Pass      ; Inapplicable ; Inapplicable ; Pass      ; Pass      ; Inapplicable ; Pass         ; Inapplicable ; Inapplicable ; Inapplicable ; Inapplicable ; Pass         ; Inapplicable ; Inapplicable ; Inapplicable ; Inapplicable ; Pass         ; Inapplicable ; Inapplicable ; Inapplicable ; Inapplicable ; Inapplicable ; Pass      ; Inapplicable ; Inapplicable ;
; N_sample_out[12]   ; Inapplicable ; Inapplicable ; Inapplicable ; Inapplicable ; Inapplicable ; Pass      ; Inapplicable ; Inapplicable ; Pass      ; Pass      ; Inapplicable ; Pass         ; Inapplicable ; Inapplicable ; Inapplicable ; Inapplicable ; Pass         ; Inapplicable ; Inapplicable ; Inapplicable ; Inapplicable ; Pass         ; Inapplicable ; Inapplicable ; Inapplicable ; Inapplicable ; Inapplicable ; Pass      ; Inapplicable ; Inapplicable ;
; N_sample_out[13]   ; Inapplicable ; Inapplicable ; Inapplicable ; Inapplicable ; Inapplicable ; Pass      ; Inapplicable ; Inapplicable ; Pass      ; Pass      ; Inapplicable ; Pass         ; Inapplicable ; Inapplicable ; Inapplicable ; Inapplicable ; Pass         ; Inapplicable ; Inapplicable ; Inapplicable ; Inapplicable ; Pass         ; Inapplicable ; Inapplicable ; Inapplicable ; Inapplicable ; Inapplicable ; Pass      ; Inapplicable ; Inapplicable ;
; N_sample_out[14]   ; Inapplicable ; Inapplicable ; Inapplicable ; Inapplicable ; Inapplicable ; Pass      ; Inapplicable ; Inapplicable ; Pass      ; Pass      ; Inapplicable ; Pass         ; Inapplicable ; Inapplicable ; Inapplicable ; Inapplicable ; Pass         ; Inapplicable ; Inapplicable ; Inapplicable ; Inapplicable ; Pass         ; Inapplicable ; Inapplicable ; Inapplicable ; Inapplicable ; Inapplicable ; Pass      ; Inapplicable ; Inapplicable ;
; N_sample_out[15]   ; Inapplicable ; Inapplicable ; Inapplicable ; Inapplicable ; Inapplicable ; Pass      ; Inapplicable ; Inapplicable ; Pass      ; Pass      ; Inapplicable ; Pass         ; Inapplicable ; Inapplicable ; Inapplicable ; Inapplicable ; Pass         ; Inapplicable ; Inapplicable ; Inapplicable ; Inapplicable ; Pass         ; Inapplicable ; Inapplicable ; Inapplicable ; Inapplicable ; Inapplicable ; Pass      ; Inapplicable ; Inapplicable ;
; N_sample_out[16]   ; Inapplicable ; Inapplicable ; Inapplicable ; Inapplicable ; Inapplicable ; Pass      ; Inapplicable ; Inapplicable ; Pass      ; Pass      ; Inapplicable ; Pass         ; Inapplicable ; Inapplicable ; Inapplicable ; Inapplicable ; Pass         ; Inapplicable ; Inapplicable ; Inapplicable ; Inapplicable ; Pass         ; Inapplicable ; Inapplicable ; Inapplicable ; Inapplicable ; Inapplicable ; Pass      ; Inapplicable ; Inapplicable ;
; N_sample_out[17]   ; Inapplicable ; Inapplicable ; Inapplicable ; Inapplicable ; Inapplicable ; Pass      ; Inapplicable ; Inapplicable ; Pass      ; Pass      ; Inapplicable ; Pass         ; Inapplicable ; Inapplicable ; Inapplicable ; Inapplicable ; Pass         ; Inapplicable ; Inapplicable ; Inapplicable ; Inapplicable ; Pass         ; Inapplicable ; Inapplicable ; Inapplicable ; Inapplicable ; Inapplicable ; Pass      ; Inapplicable ; Inapplicable ;
; N_sample_out[18]   ; Inapplicable ; Inapplicable ; Inapplicable ; Inapplicable ; Inapplicable ; Pass      ; Inapplicable ; Inapplicable ; Pass      ; Pass      ; Inapplicable ; Pass         ; Inapplicable ; Inapplicable ; Inapplicable ; Inapplicable ; Pass         ; Inapplicable ; Inapplicable ; Inapplicable ; Inapplicable ; Pass         ; Inapplicable ; Inapplicable ; Inapplicable ; Inapplicable ; Inapplicable ; Pass      ; Inapplicable ; Inapplicable ;
; N_sample_out[19]   ; Inapplicable ; Inapplicable ; Inapplicable ; Inapplicable ; Inapplicable ; Pass      ; Inapplicable ; Inapplicable ; Pass      ; Pass      ; Inapplicable ; Pass         ; Inapplicable ; Inapplicable ; Inapplicable ; Inapplicable ; Pass         ; Inapplicable ; Inapplicable ; Inapplicable ; Inapplicable ; Pass         ; Inapplicable ; Inapplicable ; Inapplicable ; Inapplicable ; Inapplicable ; Pass      ; Inapplicable ; Inapplicable ;
; N_sample_out[20]   ; Inapplicable ; Inapplicable ; Inapplicable ; Inapplicable ; Inapplicable ; Pass      ; Inapplicable ; Inapplicable ; Pass      ; Pass      ; Inapplicable ; Pass         ; Inapplicable ; Inapplicable ; Inapplicable ; Inapplicable ; Pass         ; Inapplicable ; Inapplicable ; Inapplicable ; Inapplicable ; Pass         ; Inapplicable ; Inapplicable ; Inapplicable ; Inapplicable ; Inapplicable ; Pass      ; Inapplicable ; Inapplicable ;
; N_sample_out[21]   ; Inapplicable ; Inapplicable ; Inapplicable ; Inapplicable ; Inapplicable ; Pass      ; Inapplicable ; Inapplicable ; Pass      ; Pass      ; Inapplicable ; Pass         ; Inapplicable ; Inapplicable ; Inapplicable ; Inapplicable ; Pass         ; Inapplicable ; Inapplicable ; Inapplicable ; Inapplicable ; Pass         ; Inapplicable ; Inapplicable ; Inapplicable ; Inapplicable ; Inapplicable ; Pass      ; Inapplicable ; Inapplicable ;
; N_sample_out[22]   ; Inapplicable ; Inapplicable ; Inapplicable ; Inapplicable ; Inapplicable ; Pass      ; Inapplicable ; Inapplicable ; Pass      ; Pass      ; Inapplicable ; Pass         ; Inapplicable ; Inapplicable ; Inapplicable ; Inapplicable ; Pass         ; Inapplicable ; Inapplicable ; Inapplicable ; Inapplicable ; Pass         ; Inapplicable ; Inapplicable ; Inapplicable ; Inapplicable ; Inapplicable ; Pass      ; Inapplicable ; Inapplicable ;
; N_sample_out[23]   ; Inapplicable ; Inapplicable ; Inapplicable ; Inapplicable ; Inapplicable ; Pass      ; Inapplicable ; Inapplicable ; Pass      ; Pass      ; Inapplicable ; Pass         ; Inapplicable ; Inapplicable ; Inapplicable ; Inapplicable ; Pass         ; Inapplicable ; Inapplicable ; Inapplicable ; Inapplicable ; Pass         ; Inapplicable ; Inapplicable ; Inapplicable ; Inapplicable ; Inapplicable ; Pass      ; Inapplicable ; Inapplicable ;
; N_sample_out[24]   ; Inapplicable ; Inapplicable ; Inapplicable ; Inapplicable ; Inapplicable ; Pass      ; Inapplicable ; Inapplicable ; Pass      ; Pass      ; Inapplicable ; Pass         ; Inapplicable ; Inapplicable ; Inapplicable ; Inapplicable ; Pass         ; Inapplicable ; Inapplicable ; Inapplicable ; Inapplicable ; Pass         ; Inapplicable ; Inapplicable ; Inapplicable ; Inapplicable ; Inapplicable ; Pass      ; Inapplicable ; Inapplicable ;
; N_sample_out[25]   ; Inapplicable ; Inapplicable ; Inapplicable ; Inapplicable ; Inapplicable ; Pass      ; Inapplicable ; Inapplicable ; Pass      ; Pass      ; Inapplicable ; Pass         ; Inapplicable ; Inapplicable ; Inapplicable ; Inapplicable ; Pass         ; Inapplicable ; Inapplicable ; Inapplicable ; Inapplicable ; Pass         ; Inapplicable ; Inapplicable ; Inapplicable ; Inapplicable ; Inapplicable ; Pass      ; Inapplicable ; Inapplicable ;
; N_sample_out[26]   ; Inapplicable ; Inapplicable ; Inapplicable ; Inapplicable ; Inapplicable ; Pass      ; Inapplicable ; Inapplicable ; Pass      ; Pass      ; Inapplicable ; Pass         ; Inapplicable ; Inapplicable ; Inapplicable ; Inapplicable ; Pass         ; Inapplicable ; Inapplicable ; Inapplicable ; Inapplicable ; Pass         ; Inapplicable ; Inapplicable ; Inapplicable ; Inapplicable ; Inapplicable ; Pass      ; Inapplicable ; Inapplicable ;
; N_sample_out[27]   ; Inapplicable ; Inapplicable ; Inapplicable ; Inapplicable ; Inapplicable ; Pass      ; Inapplicable ; Inapplicable ; Pass      ; Pass      ; Inapplicable ; Pass         ; Inapplicable ; Inapplicable ; Inapplicable ; Inapplicable ; Pass         ; Inapplicable ; Inapplicable ; Inapplicable ; Inapplicable ; Pass         ; Inapplicable ; Inapplicable ; Inapplicable ; Inapplicable ; Inapplicable ; Pass      ; Inapplicable ; Inapplicable ;
; N_sample_out[28]   ; Inapplicable ; Inapplicable ; Inapplicable ; Inapplicable ; Inapplicable ; Pass      ; Inapplicable ; Inapplicable ; Pass      ; Pass      ; Inapplicable ; Pass         ; Inapplicable ; Inapplicable ; Inapplicable ; Inapplicable ; Pass         ; Inapplicable ; Inapplicable ; Inapplicable ; Inapplicable ; Pass         ; Inapplicable ; Inapplicable ; Inapplicable ; Inapplicable ; Inapplicable ; Pass      ; Inapplicable ; Inapplicable ;
; N_sample_out[29]   ; Inapplicable ; Inapplicable ; Inapplicable ; Inapplicable ; Inapplicable ; Pass      ; Inapplicable ; Inapplicable ; Pass      ; Pass      ; Inapplicable ; Pass         ; Inapplicable ; Inapplicable ; Inapplicable ; Inapplicable ; Pass         ; Inapplicable ; Inapplicable ; Inapplicable ; Inapplicable ; Pass         ; Inapplicable ; Inapplicable ; Inapplicable ; Inapplicable ; Inapplicable ; Pass      ; Inapplicable ; Inapplicable ;
; N_sample_out[30]   ; Inapplicable ; Inapplicable ; Inapplicable ; Inapplicable ; Inapplicable ; Pass      ; Inapplicable ; Inapplicable ; Pass      ; Pass      ; Inapplicable ; Pass         ; Inapplicable ; Inapplicable ; Inapplicable ; Inapplicable ; Pass         ; Inapplicable ; Inapplicable ; Inapplicable ; Inapplicable ; Pass         ; Inapplicable ; Inapplicable ; Inapplicable ; Inapplicable ; Inapplicable ; Pass      ; Inapplicable ; Inapplicable ;
; N_sample_out[31]   ; Inapplicable ; Inapplicable ; Inapplicable ; Inapplicable ; Inapplicable ; Pass      ; Inapplicable ; Inapplicable ; Pass      ; Pass      ; Inapplicable ; Pass         ; Inapplicable ; Inapplicable ; Inapplicable ; Inapplicable ; Pass         ; Inapplicable ; Inapplicable ; Inapplicable ; Inapplicable ; Pass         ; Inapplicable ; Inapplicable ; Inapplicable ; Inapplicable ; Inapplicable ; Pass      ; Inapplicable ; Inapplicable ;
; phase[0]           ; Inapplicable ; Inapplicable ; Inapplicable ; Inapplicable ; Inapplicable ; Pass      ; Inapplicable ; Inapplicable ; Pass      ; Pass      ; Inapplicable ; Pass         ; Inapplicable ; Inapplicable ; Inapplicable ; Inapplicable ; Pass         ; Inapplicable ; Inapplicable ; Inapplicable ; Inapplicable ; Pass         ; Inapplicable ; Inapplicable ; Inapplicable ; Inapplicable ; Inapplicable ; Pass      ; Inapplicable ; Inapplicable ;
; phase[1]           ; Inapplicable ; Inapplicable ; Inapplicable ; Inapplicable ; Inapplicable ; Pass      ; Inapplicable ; Inapplicable ; Pass      ; Pass      ; Inapplicable ; Pass         ; Inapplicable ; Inapplicable ; Inapplicable ; Inapplicable ; Pass         ; Inapplicable ; Inapplicable ; Inapplicable ; Inapplicable ; Pass         ; Inapplicable ; Inapplicable ; Inapplicable ; Inapplicable ; Inapplicable ; Pass      ; Inapplicable ; Inapplicable ;
; phase[2]           ; Inapplicable ; Inapplicable ; Inapplicable ; Inapplicable ; Inapplicable ; Pass      ; Inapplicable ; Inapplicable ; Pass      ; Pass      ; Inapplicable ; Pass         ; Inapplicable ; Inapplicable ; Inapplicable ; Inapplicable ; Pass         ; Inapplicable ; Inapplicable ; Inapplicable ; Inapplicable ; Pass         ; Inapplicable ; Inapplicable ; Inapplicable ; Inapplicable ; Inapplicable ; Pass      ; Inapplicable ; Inapplicable ;
; phase[3]           ; Inapplicable ; Inapplicable ; Inapplicable ; Inapplicable ; Inapplicable ; Pass      ; Inapplicable ; Inapplicable ; Pass      ; Pass      ; Inapplicable ; Pass         ; Inapplicable ; Inapplicable ; Inapplicable ; Inapplicable ; Pass         ; Inapplicable ; Inapplicable ; Inapplicable ; Inapplicable ; Pass         ; Inapplicable ; Inapplicable ; Inapplicable ; Inapplicable ; Inapplicable ; Pass      ; Inapplicable ; Inapplicable ;
; phase[4]           ; Inapplicable ; Inapplicable ; Inapplicable ; Inapplicable ; Inapplicable ; Pass      ; Inapplicable ; Inapplicable ; Pass      ; Pass      ; Inapplicable ; Pass         ; Inapplicable ; Inapplicable ; Inapplicable ; Inapplicable ; Pass         ; Inapplicable ; Inapplicable ; Inapplicable ; Inapplicable ; Pass         ; Inapplicable ; Inapplicable ; Inapplicable ; Inapplicable ; Inapplicable ; Pass      ; Inapplicable ; Inapplicable ;
; phase[5]           ; Inapplicable ; Inapplicable ; Inapplicable ; Inapplicable ; Inapplicable ; Pass      ; Inapplicable ; Inapplicable ; Pass      ; Pass      ; Inapplicable ; Pass         ; Inapplicable ; Inapplicable ; Inapplicable ; Inapplicable ; Pass         ; Inapplicable ; Inapplicable ; Inapplicable ; Inapplicable ; Pass         ; Inapplicable ; Inapplicable ; Inapplicable ; Inapplicable ; Inapplicable ; Pass      ; Inapplicable ; Inapplicable ;
; phase[6]           ; Inapplicable ; Inapplicable ; Inapplicable ; Inapplicable ; Inapplicable ; Pass      ; Inapplicable ; Inapplicable ; Pass      ; Pass      ; Inapplicable ; Pass         ; Inapplicable ; Inapplicable ; Inapplicable ; Inapplicable ; Pass         ; Inapplicable ; Inapplicable ; Inapplicable ; Inapplicable ; Pass         ; Inapplicable ; Inapplicable ; Inapplicable ; Inapplicable ; Inapplicable ; Pass      ; Inapplicable ; Inapplicable ;
; phase[7]           ; Inapplicable ; Inapplicable ; Inapplicable ; Inapplicable ; Inapplicable ; Pass      ; Inapplicable ; Inapplicable ; Pass      ; Pass      ; Inapplicable ; Pass         ; Inapplicable ; Inapplicable ; Inapplicable ; Inapplicable ; Pass         ; Inapplicable ; Inapplicable ; Inapplicable ; Inapplicable ; Pass         ; Inapplicable ; Inapplicable ; Inapplicable ; Inapplicable ; Inapplicable ; Pass      ; Inapplicable ; Inapplicable ;
; phase[8]           ; Inapplicable ; Inapplicable ; Inapplicable ; Inapplicable ; Inapplicable ; Pass      ; Inapplicable ; Inapplicable ; Pass      ; Pass      ; Inapplicable ; Pass         ; Inapplicable ; Inapplicable ; Inapplicable ; Inapplicable ; Pass         ; Inapplicable ; Inapplicable ; Inapplicable ; Inapplicable ; Pass         ; Inapplicable ; Inapplicable ; Inapplicable ; Inapplicable ; Inapplicable ; Pass      ; Inapplicable ; Inapplicable ;
; phase[9]           ; Inapplicable ; Inapplicable ; Inapplicable ; Inapplicable ; Inapplicable ; Pass      ; Inapplicable ; Inapplicable ; Pass      ; Pass      ; Inapplicable ; Pass         ; Inapplicable ; Inapplicable ; Inapplicable ; Inapplicable ; Pass         ; Inapplicable ; Inapplicable ; Inapplicable ; Inapplicable ; Pass         ; Inapplicable ; Inapplicable ; Inapplicable ; Inapplicable ; Inapplicable ; Pass      ; Inapplicable ; Inapplicable ;
; phase[10]          ; Inapplicable ; Inapplicable ; Inapplicable ; Inapplicable ; Inapplicable ; Pass      ; Inapplicable ; Inapplicable ; Pass      ; Pass      ; Inapplicable ; Pass         ; Inapplicable ; Inapplicable ; Inapplicable ; Inapplicable ; Pass         ; Inapplicable ; Inapplicable ; Inapplicable ; Inapplicable ; Pass         ; Inapplicable ; Inapplicable ; Inapplicable ; Inapplicable ; Inapplicable ; Pass      ; Inapplicable ; Inapplicable ;
; phase[11]          ; Inapplicable ; Inapplicable ; Inapplicable ; Inapplicable ; Inapplicable ; Pass      ; Inapplicable ; Inapplicable ; Pass      ; Pass      ; Inapplicable ; Pass         ; Inapplicable ; Inapplicable ; Inapplicable ; Inapplicable ; Pass         ; Inapplicable ; Inapplicable ; Inapplicable ; Inapplicable ; Pass         ; Inapplicable ; Inapplicable ; Inapplicable ; Inapplicable ; Inapplicable ; Pass      ; Inapplicable ; Inapplicable ;
; phase[12]          ; Inapplicable ; Inapplicable ; Inapplicable ; Inapplicable ; Inapplicable ; Pass      ; Inapplicable ; Inapplicable ; Pass      ; Pass      ; Inapplicable ; Pass         ; Inapplicable ; Inapplicable ; Inapplicable ; Inapplicable ; Pass         ; Inapplicable ; Inapplicable ; Inapplicable ; Inapplicable ; Pass         ; Inapplicable ; Inapplicable ; Inapplicable ; Inapplicable ; Inapplicable ; Pass      ; Inapplicable ; Inapplicable ;
; phase[13]          ; Inapplicable ; Inapplicable ; Inapplicable ; Inapplicable ; Inapplicable ; Pass      ; Inapplicable ; Inapplicable ; Pass      ; Pass      ; Inapplicable ; Pass         ; Inapplicable ; Inapplicable ; Inapplicable ; Inapplicable ; Pass         ; Inapplicable ; Inapplicable ; Inapplicable ; Inapplicable ; Pass         ; Inapplicable ; Inapplicable ; Inapplicable ; Inapplicable ; Inapplicable ; Pass      ; Inapplicable ; Inapplicable ;
; phase[14]          ; Inapplicable ; Inapplicable ; Inapplicable ; Inapplicable ; Inapplicable ; Pass      ; Inapplicable ; Inapplicable ; Pass      ; Pass      ; Inapplicable ; Pass         ; Inapplicable ; Inapplicable ; Inapplicable ; Inapplicable ; Pass         ; Inapplicable ; Inapplicable ; Inapplicable ; Inapplicable ; Pass         ; Inapplicable ; Inapplicable ; Inapplicable ; Inapplicable ; Inapplicable ; Pass      ; Inapplicable ; Inapplicable ;
; phase[15]          ; Inapplicable ; Inapplicable ; Inapplicable ; Inapplicable ; Inapplicable ; Pass      ; Inapplicable ; Inapplicable ; Pass      ; Pass      ; Inapplicable ; Pass         ; Inapplicable ; Inapplicable ; Inapplicable ; Inapplicable ; Pass         ; Inapplicable ; Inapplicable ; Inapplicable ; Inapplicable ; Pass         ; Inapplicable ; Inapplicable ; Inapplicable ; Inapplicable ; Inapplicable ; Pass      ; Inapplicable ; Inapplicable ;
; phase[16]          ; Inapplicable ; Inapplicable ; Inapplicable ; Inapplicable ; Inapplicable ; Pass      ; Inapplicable ; Inapplicable ; Pass      ; Pass      ; Inapplicable ; Pass         ; Inapplicable ; Inapplicable ; Inapplicable ; Inapplicable ; Pass         ; Inapplicable ; Inapplicable ; Inapplicable ; Inapplicable ; Pass         ; Inapplicable ; Inapplicable ; Inapplicable ; Inapplicable ; Inapplicable ; Pass      ; Inapplicable ; Inapplicable ;
; phase[17]          ; Inapplicable ; Inapplicable ; Inapplicable ; Inapplicable ; Inapplicable ; Pass      ; Inapplicable ; Inapplicable ; Pass      ; Pass      ; Inapplicable ; Pass         ; Inapplicable ; Inapplicable ; Inapplicable ; Inapplicable ; Pass         ; Inapplicable ; Inapplicable ; Inapplicable ; Inapplicable ; Pass         ; Inapplicable ; Inapplicable ; Inapplicable ; Inapplicable ; Inapplicable ; Pass      ; Inapplicable ; Inapplicable ;
; phase[18]          ; Inapplicable ; Inapplicable ; Inapplicable ; Inapplicable ; Inapplicable ; Pass      ; Inapplicable ; Inapplicable ; Pass      ; Pass      ; Inapplicable ; Pass         ; Inapplicable ; Inapplicable ; Inapplicable ; Inapplicable ; Pass         ; Inapplicable ; Inapplicable ; Inapplicable ; Inapplicable ; Pass         ; Inapplicable ; Inapplicable ; Inapplicable ; Inapplicable ; Inapplicable ; Pass      ; Inapplicable ; Inapplicable ;
; phase[19]          ; Inapplicable ; Inapplicable ; Inapplicable ; Inapplicable ; Inapplicable ; Pass      ; Inapplicable ; Inapplicable ; Pass      ; Pass      ; Inapplicable ; Pass         ; Inapplicable ; Inapplicable ; Inapplicable ; Inapplicable ; Pass         ; Inapplicable ; Inapplicable ; Inapplicable ; Inapplicable ; Pass         ; Inapplicable ; Inapplicable ; Inapplicable ; Inapplicable ; Inapplicable ; Pass      ; Inapplicable ; Inapplicable ;
; phase[20]          ; Inapplicable ; Inapplicable ; Inapplicable ; Inapplicable ; Inapplicable ; Pass      ; Inapplicable ; Inapplicable ; Pass      ; Pass      ; Inapplicable ; Pass         ; Inapplicable ; Inapplicable ; Inapplicable ; Inapplicable ; Pass         ; Inapplicable ; Inapplicable ; Inapplicable ; Inapplicable ; Pass         ; Inapplicable ; Inapplicable ; Inapplicable ; Inapplicable ; Inapplicable ; Pass      ; Inapplicable ; Inapplicable ;
; phase[21]          ; Inapplicable ; Inapplicable ; Inapplicable ; Inapplicable ; Inapplicable ; Pass      ; Inapplicable ; Inapplicable ; Pass      ; Pass      ; Inapplicable ; Pass         ; Inapplicable ; Inapplicable ; Inapplicable ; Inapplicable ; Pass         ; Inapplicable ; Inapplicable ; Inapplicable ; Inapplicable ; Pass         ; Inapplicable ; Inapplicable ; Inapplicable ; Inapplicable ; Inapplicable ; Pass      ; Inapplicable ; Inapplicable ;
; phase[22]          ; Inapplicable ; Inapplicable ; Inapplicable ; Inapplicable ; Inapplicable ; Pass      ; Inapplicable ; Inapplicable ; Pass      ; Pass      ; Inapplicable ; Pass         ; Inapplicable ; Inapplicable ; Inapplicable ; Inapplicable ; Pass         ; Inapplicable ; Inapplicable ; Inapplicable ; Inapplicable ; Pass         ; Inapplicable ; Inapplicable ; Inapplicable ; Inapplicable ; Inapplicable ; Pass      ; Inapplicable ; Inapplicable ;
; phase[23]          ; Inapplicable ; Inapplicable ; Inapplicable ; Inapplicable ; Inapplicable ; Pass      ; Inapplicable ; Inapplicable ; Pass      ; Pass      ; Inapplicable ; Pass         ; Inapplicable ; Inapplicable ; Inapplicable ; Inapplicable ; Pass         ; Inapplicable ; Inapplicable ; Inapplicable ; Inapplicable ; Pass         ; Inapplicable ; Inapplicable ; Inapplicable ; Inapplicable ; Inapplicable ; Pass      ; Inapplicable ; Inapplicable ;
; phase[24]          ; Inapplicable ; Inapplicable ; Inapplicable ; Inapplicable ; Inapplicable ; Pass      ; Inapplicable ; Inapplicable ; Pass      ; Pass      ; Inapplicable ; Pass         ; Inapplicable ; Inapplicable ; Inapplicable ; Inapplicable ; Pass         ; Inapplicable ; Inapplicable ; Inapplicable ; Inapplicable ; Pass         ; Inapplicable ; Inapplicable ; Inapplicable ; Inapplicable ; Inapplicable ; Pass      ; Inapplicable ; Inapplicable ;
; phase[25]          ; Inapplicable ; Inapplicable ; Inapplicable ; Inapplicable ; Inapplicable ; Pass      ; Inapplicable ; Inapplicable ; Pass      ; Pass      ; Inapplicable ; Pass         ; Inapplicable ; Inapplicable ; Inapplicable ; Inapplicable ; Pass         ; Inapplicable ; Inapplicable ; Inapplicable ; Inapplicable ; Pass         ; Inapplicable ; Inapplicable ; Inapplicable ; Inapplicable ; Inapplicable ; Pass      ; Inapplicable ; Inapplicable ;
; phase[26]          ; Inapplicable ; Inapplicable ; Inapplicable ; Inapplicable ; Inapplicable ; Pass      ; Inapplicable ; Inapplicable ; Pass      ; Pass      ; Inapplicable ; Pass         ; Inapplicable ; Inapplicable ; Inapplicable ; Inapplicable ; Pass         ; Inapplicable ; Inapplicable ; Inapplicable ; Inapplicable ; Pass         ; Inapplicable ; Inapplicable ; Inapplicable ; Inapplicable ; Inapplicable ; Pass      ; Inapplicable ; Inapplicable ;
; phase[27]          ; Inapplicable ; Inapplicable ; Inapplicable ; Inapplicable ; Inapplicable ; Pass      ; Inapplicable ; Inapplicable ; Pass      ; Pass      ; Inapplicable ; Pass         ; Inapplicable ; Inapplicable ; Inapplicable ; Inapplicable ; Pass         ; Inapplicable ; Inapplicable ; Inapplicable ; Inapplicable ; Pass         ; Inapplicable ; Inapplicable ; Inapplicable ; Inapplicable ; Inapplicable ; Pass      ; Inapplicable ; Inapplicable ;
; phase[28]          ; Inapplicable ; Inapplicable ; Inapplicable ; Inapplicable ; Inapplicable ; Pass      ; Inapplicable ; Inapplicable ; Pass      ; Pass      ; Inapplicable ; Pass         ; Inapplicable ; Inapplicable ; Inapplicable ; Inapplicable ; Pass         ; Inapplicable ; Inapplicable ; Inapplicable ; Inapplicable ; Pass         ; Inapplicable ; Inapplicable ; Inapplicable ; Inapplicable ; Inapplicable ; Pass      ; Inapplicable ; Inapplicable ;
; phase[29]          ; Inapplicable ; Inapplicable ; Inapplicable ; Inapplicable ; Inapplicable ; Pass      ; Inapplicable ; Inapplicable ; Pass      ; Pass      ; Inapplicable ; Pass         ; Inapplicable ; Inapplicable ; Inapplicable ; Inapplicable ; Pass         ; Inapplicable ; Inapplicable ; Inapplicable ; Inapplicable ; Pass         ; Inapplicable ; Inapplicable ; Inapplicable ; Inapplicable ; Inapplicable ; Pass      ; Inapplicable ; Inapplicable ;
; phase[30]          ; Inapplicable ; Inapplicable ; Inapplicable ; Inapplicable ; Inapplicable ; Pass      ; Inapplicable ; Inapplicable ; Pass      ; Pass      ; Inapplicable ; Pass         ; Inapplicable ; Inapplicable ; Inapplicable ; Inapplicable ; Pass         ; Inapplicable ; Inapplicable ; Inapplicable ; Inapplicable ; Pass         ; Inapplicable ; Inapplicable ; Inapplicable ; Inapplicable ; Inapplicable ; Pass      ; Inapplicable ; Inapplicable ;
; phase[31]          ; Inapplicable ; Inapplicable ; Inapplicable ; Inapplicable ; Inapplicable ; Pass      ; Inapplicable ; Inapplicable ; Pass      ; Pass      ; Inapplicable ; Pass         ; Inapplicable ; Inapplicable ; Inapplicable ; Inapplicable ; Pass         ; Inapplicable ; Inapplicable ; Inapplicable ; Inapplicable ; Pass         ; Inapplicable ; Inapplicable ; Inapplicable ; Inapplicable ; Inapplicable ; Pass      ; Inapplicable ; Inapplicable ;
; magnitude[0]       ; Inapplicable ; Inapplicable ; Inapplicable ; Inapplicable ; Inapplicable ; Pass      ; Inapplicable ; Inapplicable ; Pass      ; Pass      ; Inapplicable ; Pass         ; Inapplicable ; Inapplicable ; Inapplicable ; Inapplicable ; Pass         ; Inapplicable ; Inapplicable ; Inapplicable ; Inapplicable ; Pass         ; Inapplicable ; Inapplicable ; Inapplicable ; Inapplicable ; Inapplicable ; Pass      ; Inapplicable ; Inapplicable ;
; magnitude[1]       ; Inapplicable ; Inapplicable ; Inapplicable ; Inapplicable ; Inapplicable ; Pass      ; Inapplicable ; Inapplicable ; Pass      ; Pass      ; Inapplicable ; Pass         ; Inapplicable ; Inapplicable ; Inapplicable ; Inapplicable ; Pass         ; Inapplicable ; Inapplicable ; Inapplicable ; Inapplicable ; Pass         ; Inapplicable ; Inapplicable ; Inapplicable ; Inapplicable ; Inapplicable ; Pass      ; Inapplicable ; Inapplicable ;
; magnitude[2]       ; Inapplicable ; Inapplicable ; Inapplicable ; Inapplicable ; Inapplicable ; Pass      ; Inapplicable ; Inapplicable ; Pass      ; Pass      ; Inapplicable ; Pass         ; Inapplicable ; Inapplicable ; Inapplicable ; Inapplicable ; Pass         ; Inapplicable ; Inapplicable ; Inapplicable ; Inapplicable ; Pass         ; Inapplicable ; Inapplicable ; Inapplicable ; Inapplicable ; Inapplicable ; Pass      ; Inapplicable ; Inapplicable ;
; magnitude[3]       ; Inapplicable ; Inapplicable ; Inapplicable ; Inapplicable ; Inapplicable ; Pass      ; Inapplicable ; Inapplicable ; Pass      ; Pass      ; Inapplicable ; Pass         ; Inapplicable ; Inapplicable ; Inapplicable ; Inapplicable ; Pass         ; Inapplicable ; Inapplicable ; Inapplicable ; Inapplicable ; Pass         ; Inapplicable ; Inapplicable ; Inapplicable ; Inapplicable ; Inapplicable ; Pass      ; Inapplicable ; Inapplicable ;
; magnitude[4]       ; Inapplicable ; Inapplicable ; Inapplicable ; Inapplicable ; Inapplicable ; Pass      ; Inapplicable ; Inapplicable ; Pass      ; Pass      ; Inapplicable ; Pass         ; Inapplicable ; Inapplicable ; Inapplicable ; Inapplicable ; Pass         ; Inapplicable ; Inapplicable ; Inapplicable ; Inapplicable ; Pass         ; Inapplicable ; Inapplicable ; Inapplicable ; Inapplicable ; Inapplicable ; Pass      ; Inapplicable ; Inapplicable ;
; magnitude[5]       ; Inapplicable ; Inapplicable ; Inapplicable ; Inapplicable ; Inapplicable ; Pass      ; Inapplicable ; Inapplicable ; Pass      ; Pass      ; Inapplicable ; Pass         ; Inapplicable ; Inapplicable ; Inapplicable ; Inapplicable ; Pass         ; Inapplicable ; Inapplicable ; Inapplicable ; Inapplicable ; Pass         ; Inapplicable ; Inapplicable ; Inapplicable ; Inapplicable ; Inapplicable ; Pass      ; Inapplicable ; Inapplicable ;
; magnitude[6]       ; Inapplicable ; Inapplicable ; Inapplicable ; Inapplicable ; Inapplicable ; Pass      ; Inapplicable ; Inapplicable ; Pass      ; Pass      ; Inapplicable ; Pass         ; Inapplicable ; Inapplicable ; Inapplicable ; Inapplicable ; Pass         ; Inapplicable ; Inapplicable ; Inapplicable ; Inapplicable ; Pass         ; Inapplicable ; Inapplicable ; Inapplicable ; Inapplicable ; Inapplicable ; Pass      ; Inapplicable ; Inapplicable ;
; magnitude[7]       ; Inapplicable ; Inapplicable ; Inapplicable ; Inapplicable ; Inapplicable ; Pass      ; Inapplicable ; Inapplicable ; Pass      ; Pass      ; Inapplicable ; Pass         ; Inapplicable ; Inapplicable ; Inapplicable ; Inapplicable ; Pass         ; Inapplicable ; Inapplicable ; Inapplicable ; Inapplicable ; Pass         ; Inapplicable ; Inapplicable ; Inapplicable ; Inapplicable ; Inapplicable ; Pass      ; Inapplicable ; Inapplicable ;
; magnitude[8]       ; Inapplicable ; Inapplicable ; Inapplicable ; Inapplicable ; Inapplicable ; Pass      ; Inapplicable ; Inapplicable ; Pass      ; Pass      ; Inapplicable ; Pass         ; Inapplicable ; Inapplicable ; Inapplicable ; Inapplicable ; Pass         ; Inapplicable ; Inapplicable ; Inapplicable ; Inapplicable ; Pass         ; Inapplicable ; Inapplicable ; Inapplicable ; Inapplicable ; Inapplicable ; Pass      ; Inapplicable ; Inapplicable ;
; magnitude[9]       ; Inapplicable ; Inapplicable ; Inapplicable ; Inapplicable ; Inapplicable ; Pass      ; Inapplicable ; Inapplicable ; Pass      ; Pass      ; Inapplicable ; Pass         ; Inapplicable ; Inapplicable ; Inapplicable ; Inapplicable ; Pass         ; Inapplicable ; Inapplicable ; Inapplicable ; Inapplicable ; Pass         ; Inapplicable ; Inapplicable ; Inapplicable ; Inapplicable ; Inapplicable ; Pass      ; Inapplicable ; Inapplicable ;
; magnitude[10]      ; Inapplicable ; Inapplicable ; Inapplicable ; Inapplicable ; Inapplicable ; Pass      ; Inapplicable ; Inapplicable ; Pass      ; Pass      ; Inapplicable ; Pass         ; Inapplicable ; Inapplicable ; Inapplicable ; Inapplicable ; Pass         ; Inapplicable ; Inapplicable ; Inapplicable ; Inapplicable ; Pass         ; Inapplicable ; Inapplicable ; Inapplicable ; Inapplicable ; Inapplicable ; Pass      ; Inapplicable ; Inapplicable ;
; magnitude[11]      ; Inapplicable ; Inapplicable ; Inapplicable ; Inapplicable ; Inapplicable ; Pass      ; Inapplicable ; Inapplicable ; Pass      ; Pass      ; Inapplicable ; Pass         ; Inapplicable ; Inapplicable ; Inapplicable ; Inapplicable ; Pass         ; Inapplicable ; Inapplicable ; Inapplicable ; Inapplicable ; Pass         ; Inapplicable ; Inapplicable ; Inapplicable ; Inapplicable ; Inapplicable ; Pass      ; Inapplicable ; Inapplicable ;
; magnitude[12]      ; Inapplicable ; Inapplicable ; Inapplicable ; Inapplicable ; Inapplicable ; Pass      ; Inapplicable ; Inapplicable ; Pass      ; Pass      ; Inapplicable ; Pass         ; Inapplicable ; Inapplicable ; Inapplicable ; Inapplicable ; Pass         ; Inapplicable ; Inapplicable ; Inapplicable ; Inapplicable ; Pass         ; Inapplicable ; Inapplicable ; Inapplicable ; Inapplicable ; Inapplicable ; Pass      ; Inapplicable ; Inapplicable ;
; magnitude[13]      ; Inapplicable ; Inapplicable ; Inapplicable ; Inapplicable ; Inapplicable ; Pass      ; Inapplicable ; Inapplicable ; Pass      ; Pass      ; Inapplicable ; Pass         ; Inapplicable ; Inapplicable ; Inapplicable ; Inapplicable ; Pass         ; Inapplicable ; Inapplicable ; Inapplicable ; Inapplicable ; Pass         ; Inapplicable ; Inapplicable ; Inapplicable ; Inapplicable ; Inapplicable ; Pass      ; Inapplicable ; Inapplicable ;
; magnitude[14]      ; Inapplicable ; Inapplicable ; Inapplicable ; Inapplicable ; Inapplicable ; Pass      ; Inapplicable ; Inapplicable ; Pass      ; Pass      ; Inapplicable ; Pass         ; Inapplicable ; Inapplicable ; Inapplicable ; Inapplicable ; Pass         ; Inapplicable ; Inapplicable ; Inapplicable ; Inapplicable ; Pass         ; Inapplicable ; Inapplicable ; Inapplicable ; Inapplicable ; Inapplicable ; Pass      ; Inapplicable ; Inapplicable ;
; magnitude[15]      ; Inapplicable ; Inapplicable ; Inapplicable ; Inapplicable ; Inapplicable ; Pass      ; Inapplicable ; Inapplicable ; Pass      ; Pass      ; Inapplicable ; Pass         ; Inapplicable ; Inapplicable ; Inapplicable ; Inapplicable ; Pass         ; Inapplicable ; Inapplicable ; Inapplicable ; Inapplicable ; Pass         ; Inapplicable ; Inapplicable ; Inapplicable ; Inapplicable ; Inapplicable ; Pass      ; Inapplicable ; Inapplicable ;
; magnitude[16]      ; Inapplicable ; Inapplicable ; Inapplicable ; Inapplicable ; Inapplicable ; Pass      ; Inapplicable ; Inapplicable ; Pass      ; Pass      ; Inapplicable ; Pass         ; Inapplicable ; Inapplicable ; Inapplicable ; Inapplicable ; Pass         ; Inapplicable ; Inapplicable ; Inapplicable ; Inapplicable ; Pass         ; Inapplicable ; Inapplicable ; Inapplicable ; Inapplicable ; Inapplicable ; Pass      ; Inapplicable ; Inapplicable ;
; magnitude[17]      ; Inapplicable ; Inapplicable ; Inapplicable ; Inapplicable ; Inapplicable ; Pass      ; Inapplicable ; Inapplicable ; Pass      ; Pass      ; Inapplicable ; Pass         ; Inapplicable ; Inapplicable ; Inapplicable ; Inapplicable ; Pass         ; Inapplicable ; Inapplicable ; Inapplicable ; Inapplicable ; Pass         ; Inapplicable ; Inapplicable ; Inapplicable ; Inapplicable ; Inapplicable ; Pass      ; Inapplicable ; Inapplicable ;
; magnitude[18]      ; Inapplicable ; Inapplicable ; Inapplicable ; Inapplicable ; Inapplicable ; Pass      ; Inapplicable ; Inapplicable ; Pass      ; Pass      ; Inapplicable ; Pass         ; Inapplicable ; Inapplicable ; Inapplicable ; Inapplicable ; Pass         ; Inapplicable ; Inapplicable ; Inapplicable ; Inapplicable ; Pass         ; Inapplicable ; Inapplicable ; Inapplicable ; Inapplicable ; Inapplicable ; Pass      ; Inapplicable ; Inapplicable ;
; magnitude[19]      ; Inapplicable ; Inapplicable ; Inapplicable ; Inapplicable ; Inapplicable ; Pass      ; Inapplicable ; Inapplicable ; Pass      ; Pass      ; Inapplicable ; Pass         ; Inapplicable ; Inapplicable ; Inapplicable ; Inapplicable ; Pass         ; Inapplicable ; Inapplicable ; Inapplicable ; Inapplicable ; Pass         ; Inapplicable ; Inapplicable ; Inapplicable ; Inapplicable ; Inapplicable ; Pass      ; Inapplicable ; Inapplicable ;
; magnitude[20]      ; Inapplicable ; Inapplicable ; Inapplicable ; Inapplicable ; Inapplicable ; Pass      ; Inapplicable ; Inapplicable ; Pass      ; Pass      ; Inapplicable ; Pass         ; Inapplicable ; Inapplicable ; Inapplicable ; Inapplicable ; Pass         ; Inapplicable ; Inapplicable ; Inapplicable ; Inapplicable ; Pass         ; Inapplicable ; Inapplicable ; Inapplicable ; Inapplicable ; Inapplicable ; Pass      ; Inapplicable ; Inapplicable ;
; magnitude[21]      ; Inapplicable ; Inapplicable ; Inapplicable ; Inapplicable ; Inapplicable ; Pass      ; Inapplicable ; Inapplicable ; Pass      ; Pass      ; Inapplicable ; Pass         ; Inapplicable ; Inapplicable ; Inapplicable ; Inapplicable ; Pass         ; Inapplicable ; Inapplicable ; Inapplicable ; Inapplicable ; Pass         ; Inapplicable ; Inapplicable ; Inapplicable ; Inapplicable ; Inapplicable ; Pass      ; Inapplicable ; Inapplicable ;
; magnitude[22]      ; Inapplicable ; Inapplicable ; Inapplicable ; Inapplicable ; Inapplicable ; Pass      ; Inapplicable ; Inapplicable ; Pass      ; Pass      ; Inapplicable ; Pass         ; Inapplicable ; Inapplicable ; Inapplicable ; Inapplicable ; Pass         ; Inapplicable ; Inapplicable ; Inapplicable ; Inapplicable ; Pass         ; Inapplicable ; Inapplicable ; Inapplicable ; Inapplicable ; Inapplicable ; Pass      ; Inapplicable ; Inapplicable ;
; magnitude[23]      ; Inapplicable ; Inapplicable ; Inapplicable ; Inapplicable ; Inapplicable ; Pass      ; Inapplicable ; Inapplicable ; Pass      ; Pass      ; Inapplicable ; Pass         ; Inapplicable ; Inapplicable ; Inapplicable ; Inapplicable ; Pass         ; Inapplicable ; Inapplicable ; Inapplicable ; Inapplicable ; Pass         ; Inapplicable ; Inapplicable ; Inapplicable ; Inapplicable ; Inapplicable ; Pass      ; Inapplicable ; Inapplicable ;
; magnitude[24]      ; Inapplicable ; Inapplicable ; Inapplicable ; Inapplicable ; Inapplicable ; Pass      ; Inapplicable ; Inapplicable ; Pass      ; Pass      ; Inapplicable ; Pass         ; Inapplicable ; Inapplicable ; Inapplicable ; Inapplicable ; Pass         ; Inapplicable ; Inapplicable ; Inapplicable ; Inapplicable ; Pass         ; Inapplicable ; Inapplicable ; Inapplicable ; Inapplicable ; Inapplicable ; Pass      ; Inapplicable ; Inapplicable ;
; magnitude[25]      ; Inapplicable ; Inapplicable ; Inapplicable ; Inapplicable ; Inapplicable ; Pass      ; Inapplicable ; Inapplicable ; Pass      ; Pass      ; Inapplicable ; Pass         ; Inapplicable ; Inapplicable ; Inapplicable ; Inapplicable ; Pass         ; Inapplicable ; Inapplicable ; Inapplicable ; Inapplicable ; Pass         ; Inapplicable ; Inapplicable ; Inapplicable ; Inapplicable ; Inapplicable ; Pass      ; Inapplicable ; Inapplicable ;
; magnitude[26]      ; Inapplicable ; Inapplicable ; Inapplicable ; Inapplicable ; Inapplicable ; Pass      ; Inapplicable ; Inapplicable ; Pass      ; Pass      ; Inapplicable ; Pass         ; Inapplicable ; Inapplicable ; Inapplicable ; Inapplicable ; Pass         ; Inapplicable ; Inapplicable ; Inapplicable ; Inapplicable ; Pass         ; Inapplicable ; Inapplicable ; Inapplicable ; Inapplicable ; Inapplicable ; Pass      ; Inapplicable ; Inapplicable ;
; magnitude[27]      ; Inapplicable ; Inapplicable ; Inapplicable ; Inapplicable ; Inapplicable ; Pass      ; Inapplicable ; Inapplicable ; Pass      ; Pass      ; Inapplicable ; Pass         ; Inapplicable ; Inapplicable ; Inapplicable ; Inapplicable ; Pass         ; Inapplicable ; Inapplicable ; Inapplicable ; Inapplicable ; Pass         ; Inapplicable ; Inapplicable ; Inapplicable ; Inapplicable ; Inapplicable ; Pass      ; Inapplicable ; Inapplicable ;
; magnitude[28]      ; Inapplicable ; Inapplicable ; Inapplicable ; Inapplicable ; Inapplicable ; Pass      ; Inapplicable ; Inapplicable ; Pass      ; Pass      ; Inapplicable ; Pass         ; Inapplicable ; Inapplicable ; Inapplicable ; Inapplicable ; Pass         ; Inapplicable ; Inapplicable ; Inapplicable ; Inapplicable ; Pass         ; Inapplicable ; Inapplicable ; Inapplicable ; Inapplicable ; Inapplicable ; Pass      ; Inapplicable ; Inapplicable ;
; magnitude[29]      ; Inapplicable ; Inapplicable ; Inapplicable ; Inapplicable ; Inapplicable ; Pass      ; Inapplicable ; Inapplicable ; Pass      ; Pass      ; Inapplicable ; Pass         ; Inapplicable ; Inapplicable ; Inapplicable ; Inapplicable ; Pass         ; Inapplicable ; Inapplicable ; Inapplicable ; Inapplicable ; Pass         ; Inapplicable ; Inapplicable ; Inapplicable ; Inapplicable ; Inapplicable ; Pass      ; Inapplicable ; Inapplicable ;
; magnitude[30]      ; Inapplicable ; Inapplicable ; Inapplicable ; Inapplicable ; Inapplicable ; Pass      ; Inapplicable ; Inapplicable ; Pass      ; Pass      ; Inapplicable ; Pass         ; Inapplicable ; Inapplicable ; Inapplicable ; Inapplicable ; Pass         ; Inapplicable ; Inapplicable ; Inapplicable ; Inapplicable ; Pass         ; Inapplicable ; Inapplicable ; Inapplicable ; Inapplicable ; Inapplicable ; Pass      ; Inapplicable ; Inapplicable ;
; magnitude[31]      ; Inapplicable ; Inapplicable ; Inapplicable ; Inapplicable ; Inapplicable ; Pass      ; Inapplicable ; Inapplicable ; Pass      ; Pass      ; Inapplicable ; Pass         ; Inapplicable ; Inapplicable ; Inapplicable ; Inapplicable ; Pass         ; Inapplicable ; Inapplicable ; Inapplicable ; Inapplicable ; Pass         ; Inapplicable ; Inapplicable ; Inapplicable ; Inapplicable ; Inapplicable ; Pass      ; Inapplicable ; Inapplicable ;
; clk                ; Pass         ; Inapplicable ; Pass         ; Inapplicable ; Inapplicable ; Pass      ; Pass         ; Inapplicable ; Pass      ; Pass      ; Inapplicable ; Inapplicable ; Inapplicable ; Inapplicable ; Pass         ; Inapplicable ; Inapplicable ; Pass         ; Inapplicable ; Inapplicable ; Inapplicable ; Inapplicable ; Inapplicable ; Inapplicable ; Inapplicable ; Inapplicable ; Inapplicable ; Pass      ; Inapplicable ; Inapplicable ;
; dout               ; Pass         ; Inapplicable ; Pass         ; Inapplicable ; Inapplicable ; Pass      ; Pass         ; Inapplicable ; Pass      ; Pass      ; Inapplicable ; Inapplicable ; Inapplicable ; Inapplicable ; Pass         ; Inapplicable ; Inapplicable ; Pass         ; Inapplicable ; Inapplicable ; Inapplicable ; Inapplicable ; Inapplicable ; Inapplicable ; Inapplicable ; Inapplicable ; Inapplicable ; Pass      ; Inapplicable ; Inapplicable ;
; ttl_in             ; Pass         ; Inapplicable ; Pass         ; Inapplicable ; Inapplicable ; Pass      ; Pass         ; Inapplicable ; Pass      ; Pass      ; Inapplicable ; Inapplicable ; Inapplicable ; Inapplicable ; Pass         ; Inapplicable ; Inapplicable ; Pass         ; Inapplicable ; Inapplicable ; Inapplicable ; Inapplicable ; Inapplicable ; Inapplicable ; Inapplicable ; Inapplicable ; Inapplicable ; Pass      ; Inapplicable ; Inapplicable ;
+--------------------+--------------+--------------+--------------+--------------+--------------+-----------+--------------+--------------+-----------+-----------+--------------+--------------+--------------+--------------+--------------+--------------+--------------+--------------+--------------+--------------+--------------+--------------+--------------+--------------+--------------+--------------+--------------+-----------+--------------+--------------+


+---------------------------------------------------------------------------------------------+
; Fitter Device Options                                                                       ;
+------------------------------------------------------------------+--------------------------+
; Option                                                           ; Setting                  ;
+------------------------------------------------------------------+--------------------------+
; Enable user-supplied start-up clock (CLKUSR)                     ; Off                      ;
; Enable device-wide reset (DEV_CLRn)                              ; Off                      ;
; Enable device-wide output enable (DEV_OE)                        ; Off                      ;
; Enable INIT_DONE output                                          ; Off                      ;
; Configuration scheme                                             ; Active Serial            ;
; Error detection CRC                                              ; Off                      ;
; Enable open drain on CRC_ERROR pin                               ; Off                      ;
; Enable input tri-state on active configuration pins in user mode ; Off                      ;
; Configuration Voltage Level                                      ; Auto                     ;
; Force Configuration Voltage Level                                ; Off                      ;
; nCEO                                                             ; As output driving ground ;
; Data[0]                                                          ; As input tri-stated      ;
; Data[1]/ASDO                                                     ; As input tri-stated      ;
; Data[7..2]                                                       ; Unreserved               ;
; FLASH_nCE/nCSO                                                   ; As input tri-stated      ;
; Other Active Parallel pins                                       ; Unreserved               ;
; DCLK                                                             ; As output driving ground ;
; Base pin-out file on sameframe device                            ; Off                      ;
+------------------------------------------------------------------+--------------------------+


+------------------------------------+
; Operating Settings and Conditions  ;
+---------------------------+--------+
; Setting                   ; Value  ;
+---------------------------+--------+
; Nominal Core Voltage      ; 1.20 V ;
; Low Junction Temperature  ; 0 °C   ;
; High Junction Temperature ; 85 °C  ;
+---------------------------+--------+


+---------------------------------------------------------------------------------------------+
; Estimated Delay Added for Hold Timing Summary                                               ;
+--------------------------------------------------+----------------------+-------------------+
; Source Clock(s)                                  ; Destination Clock(s) ; Delay Added in ns ;
+--------------------------------------------------+----------------------+-------------------+
; p_ll|altpll_component|auto_generated|pll1|clk[0] ; clk                  ; 38.2              ;
+--------------------------------------------------+----------------------+-------------------+
Note: For more information on problematic transfers, consider running the Fitter again with the Optimize hold timing option (Settings Menu) turned off.
This will disable optimization of problematic paths and expose them for further analysis using either the TimeQuest Timing Analyzer or the Classic Timing Analyzer.


+----------------------------------------------------------------------------------------------------------+
; Estimated Delay Added for Hold Timing Details                                                            ;
+------------------------------------+-------------------------------------------------+-------------------+
; Source Register                    ; Destination Register                            ; Delay Added in ns ;
+------------------------------------+-------------------------------------------------+-------------------+
; spi_interface:afe|dataout_slow[0]  ; integrate_and_dump:cosine_filter|accumlator[38] ; 2.960             ;
; spi_interface:afe|dataout_slow[1]  ; integrate_and_dump:cosine_filter|accumlator[38] ; 2.960             ;
; spi_interface:afe|dataout_slow[2]  ; integrate_and_dump:cosine_filter|accumlator[38] ; 2.960             ;
; spi_interface:afe|dataout_slow[3]  ; integrate_and_dump:cosine_filter|accumlator[38] ; 2.960             ;
; spi_interface:afe|dataout_slow[4]  ; integrate_and_dump:cosine_filter|accumlator[38] ; 2.960             ;
; spi_interface:afe|dataout_slow[5]  ; integrate_and_dump:cosine_filter|accumlator[38] ; 2.960             ;
; spi_interface:afe|dataout_slow[6]  ; integrate_and_dump:cosine_filter|accumlator[38] ; 2.960             ;
; spi_interface:afe|dataout_slow[7]  ; integrate_and_dump:cosine_filter|accumlator[38] ; 2.960             ;
; spi_interface:afe|dataout_slow[8]  ; integrate_and_dump:cosine_filter|accumlator[38] ; 2.960             ;
; spi_interface:afe|dataout_slow[9]  ; integrate_and_dump:cosine_filter|accumlator[38] ; 2.960             ;
; spi_interface:afe|dataout_slow[10] ; integrate_and_dump:cosine_filter|accumlator[38] ; 2.960             ;
; spi_interface:afe|valid_slow       ; integrate_and_dump:sine_filter|sample_count[31] ; 2.960             ;
; spi_interface:afe|dataout_slow[11] ; integrate_and_dump:cosine_filter|accumlator[38] ; 2.691             ;
+------------------------------------+-------------------------------------------------+-------------------+
Note: This table only shows the top 13 path(s) that have the largest delay added for hold.


+-----------------+
; Fitter Messages ;
+-----------------+
Info (11104): Parallel Compilation has detected 8 hyper-threaded processors. However, the extra hyper-threaded processors will not be used by default. Parallel Compilation will use 4 of the 4 physical processors detected instead.
Info (119006): Selected device EP4CE22F17C6 for design "DLIA"
Info (21077): Low junction temperature is 0 degrees C
Info (21077): High junction temperature is 85 degrees C
Info (15535): Implemented PLL "phase_locked_loop:p_ll|altpll:altpll_component|phase_locked_loop_altpll:auto_generated|pll1" as Cyclone IV E PLL type
    Info (15099): Implementing clock multiplication of 8, clock division of 125, and phase shift of 0 degrees (0 ps) for phase_locked_loop:p_ll|altpll:altpll_component|phase_locked_loop_altpll:auto_generated|wire_pll1_clk[0] port
Info (119042): Found following RAM instances in design that are actually implemented as ROM because the write logic is always disabled
    Info (119043): Atom "lut_sincos:dds|altsyncram:sine_lut_rtl_0|altsyncram_1sq1:auto_generated|ram_block1a0" is instantiated as RAM, but it is actually implemented as ROM function because the write logic is always disabled
    Info (119043): Atom "lut_sincos:dds|altsyncram:sine_lut_rtl_0|altsyncram_1sq1:auto_generated|ram_block1a1" is instantiated as RAM, but it is actually implemented as ROM function because the write logic is always disabled
    Info (119043): Atom "lut_sincos:dds|altsyncram:sine_lut_rtl_0|altsyncram_1sq1:auto_generated|ram_block1a2" is instantiated as RAM, but it is actually implemented as ROM function because the write logic is always disabled
    Info (119043): Atom "lut_sincos:dds|altsyncram:sine_lut_rtl_0|altsyncram_1sq1:auto_generated|ram_block1a3" is instantiated as RAM, but it is actually implemented as ROM function because the write logic is always disabled
    Info (119043): Atom "lut_sincos:dds|altsyncram:sine_lut_rtl_0|altsyncram_1sq1:auto_generated|ram_block1a4" is instantiated as RAM, but it is actually implemented as ROM function because the write logic is always disabled
    Info (119043): Atom "lut_sincos:dds|altsyncram:sine_lut_rtl_0|altsyncram_1sq1:auto_generated|ram_block1a5" is instantiated as RAM, but it is actually implemented as ROM function because the write logic is always disabled
    Info (119043): Atom "lut_sincos:dds|altsyncram:sine_lut_rtl_0|altsyncram_1sq1:auto_generated|ram_block1a6" is instantiated as RAM, but it is actually implemented as ROM function because the write logic is always disabled
    Info (119043): Atom "lut_sincos:dds|altsyncram:sine_lut_rtl_0|altsyncram_1sq1:auto_generated|ram_block1a7" is instantiated as RAM, but it is actually implemented as ROM function because the write logic is always disabled
    Info (119043): Atom "lut_sincos:dds|altsyncram:sine_lut_rtl_0|altsyncram_1sq1:auto_generated|ram_block1a8" is instantiated as RAM, but it is actually implemented as ROM function because the write logic is always disabled
    Info (119043): Atom "lut_sincos:dds|altsyncram:sine_lut_rtl_0|altsyncram_1sq1:auto_generated|ram_block1a9" is instantiated as RAM, but it is actually implemented as ROM function because the write logic is always disabled
    Info (119043): Atom "lut_sincos:dds|altsyncram:sine_lut_rtl_0|altsyncram_1sq1:auto_generated|ram_block1a10" is instantiated as RAM, but it is actually implemented as ROM function because the write logic is always disabled
    Info (119043): Atom "lut_sincos:dds|altsyncram:sine_lut_rtl_0|altsyncram_1sq1:auto_generated|ram_block1a11" is instantiated as RAM, but it is actually implemented as ROM function because the write logic is always disabled
Info (171003): Fitter is performing an Auto Fit compilation, which may decrease Fitter effort to reduce compilation time
Warning (292013): Feature LogicLock is only available with a valid subscription license. You can purchase a software subscription to gain full access to this feature.
Info (176444): Device migration not selected. If you intend to use device migration later, you may need to change the pin assignments as they may be incompatible with other devices
    Info (176445): Device EP4CE10F17C6 is compatible
    Info (176445): Device EP4CE6F17C6 is compatible
    Info (176445): Device EP4CE15F17C6 is compatible
Info (169124): Fitter converted 5 user pins into dedicated programming pins
    Info (169125): Pin ~ALTERA_ASDO_DATA1~ is reserved at location C1
    Info (169125): Pin ~ALTERA_FLASH_nCE_nCSO~ is reserved at location D2
    Info (169125): Pin ~ALTERA_DCLK~ is reserved at location H1
    Info (169125): Pin ~ALTERA_DATA0~ is reserved at location H2
    Info (169125): Pin ~ALTERA_nCEO~ is reserved at location F16
Warning (15714): Some pins have incomplete I/O assignments. Refer to the I/O Assignment Warnings report for details
Info (176045): Design uses memory blocks. Violating setup or hold times of memory block address registers for either read or write operations could cause memory contents to be corrupted. Make sure that all memory block address registers meet the setup and hold time requirements.
Critical Warning (169085): No exact pin location assignment(s) for 110 pins of 116 total pins
    Info (169086): Pin rst_n not assigned to an exact location on the device
    Info (169086): Pin clock_out not assigned to an exact location on the device
    Info (169086): Pin afe_data[0] not assigned to an exact location on the device
    Info (169086): Pin afe_data[1] not assigned to an exact location on the device
    Info (169086): Pin afe_data[2] not assigned to an exact location on the device
    Info (169086): Pin afe_data[3] not assigned to an exact location on the device
    Info (169086): Pin afe_data[4] not assigned to an exact location on the device
    Info (169086): Pin afe_data[5] not assigned to an exact location on the device
    Info (169086): Pin afe_data[6] not assigned to an exact location on the device
    Info (169086): Pin afe_data[7] not assigned to an exact location on the device
    Info (169086): Pin afe_data[8] not assigned to an exact location on the device
    Info (169086): Pin afe_data[9] not assigned to an exact location on the device
    Info (169086): Pin afe_data[10] not assigned to an exact location on the device
    Info (169086): Pin afe_data[11] not assigned to an exact location on the device
    Info (169086): Pin N_sample_out[0] not assigned to an exact location on the device
    Info (169086): Pin N_sample_out[1] not assigned to an exact location on the device
    Info (169086): Pin N_sample_out[2] not assigned to an exact location on the device
    Info (169086): Pin N_sample_out[3] not assigned to an exact location on the device
    Info (169086): Pin N_sample_out[4] not assigned to an exact location on the device
    Info (169086): Pin N_sample_out[5] not assigned to an exact location on the device
    Info (169086): Pin N_sample_out[6] not assigned to an exact location on the device
    Info (169086): Pin N_sample_out[7] not assigned to an exact location on the device
    Info (169086): Pin N_sample_out[8] not assigned to an exact location on the device
    Info (169086): Pin N_sample_out[9] not assigned to an exact location on the device
    Info (169086): Pin N_sample_out[10] not assigned to an exact location on the device
    Info (169086): Pin N_sample_out[11] not assigned to an exact location on the device
    Info (169086): Pin N_sample_out[12] not assigned to an exact location on the device
    Info (169086): Pin N_sample_out[13] not assigned to an exact location on the device
    Info (169086): Pin N_sample_out[14] not assigned to an exact location on the device
    Info (169086): Pin N_sample_out[15] not assigned to an exact location on the device
    Info (169086): Pin N_sample_out[16] not assigned to an exact location on the device
    Info (169086): Pin N_sample_out[17] not assigned to an exact location on the device
    Info (169086): Pin N_sample_out[18] not assigned to an exact location on the device
    Info (169086): Pin N_sample_out[19] not assigned to an exact location on the device
    Info (169086): Pin N_sample_out[20] not assigned to an exact location on the device
    Info (169086): Pin N_sample_out[21] not assigned to an exact location on the device
    Info (169086): Pin N_sample_out[22] not assigned to an exact location on the device
    Info (169086): Pin N_sample_out[23] not assigned to an exact location on the device
    Info (169086): Pin N_sample_out[24] not assigned to an exact location on the device
    Info (169086): Pin N_sample_out[25] not assigned to an exact location on the device
    Info (169086): Pin N_sample_out[26] not assigned to an exact location on the device
    Info (169086): Pin N_sample_out[27] not assigned to an exact location on the device
    Info (169086): Pin N_sample_out[28] not assigned to an exact location on the device
    Info (169086): Pin N_sample_out[29] not assigned to an exact location on the device
    Info (169086): Pin N_sample_out[30] not assigned to an exact location on the device
    Info (169086): Pin N_sample_out[31] not assigned to an exact location on the device
    Info (169086): Pin phase[0] not assigned to an exact location on the device
    Info (169086): Pin phase[1] not assigned to an exact location on the device
    Info (169086): Pin phase[2] not assigned to an exact location on the device
    Info (169086): Pin phase[3] not assigned to an exact location on the device
    Info (169086): Pin phase[4] not assigned to an exact location on the device
    Info (169086): Pin phase[5] not assigned to an exact location on the device
    Info (169086): Pin phase[6] not assigned to an exact location on the device
    Info (169086): Pin phase[7] not assigned to an exact location on the device
    Info (169086): Pin phase[8] not assigned to an exact location on the device
    Info (169086): Pin phase[9] not assigned to an exact location on the device
    Info (169086): Pin phase[10] not assigned to an exact location on the device
    Info (169086): Pin phase[11] not assigned to an exact location on the device
    Info (169086): Pin phase[12] not assigned to an exact location on the device
    Info (169086): Pin phase[13] not assigned to an exact location on the device
    Info (169086): Pin phase[14] not assigned to an exact location on the device
    Info (169086): Pin phase[15] not assigned to an exact location on the device
    Info (169086): Pin phase[16] not assigned to an exact location on the device
    Info (169086): Pin phase[17] not assigned to an exact location on the device
    Info (169086): Pin phase[18] not assigned to an exact location on the device
    Info (169086): Pin phase[19] not assigned to an exact location on the device
    Info (169086): Pin phase[20] not assigned to an exact location on the device
    Info (169086): Pin phase[21] not assigned to an exact location on the device
    Info (169086): Pin phase[22] not assigned to an exact location on the device
    Info (169086): Pin phase[23] not assigned to an exact location on the device
    Info (169086): Pin phase[24] not assigned to an exact location on the device
    Info (169086): Pin phase[25] not assigned to an exact location on the device
    Info (169086): Pin phase[26] not assigned to an exact location on the device
    Info (169086): Pin phase[27] not assigned to an exact location on the device
    Info (169086): Pin phase[28] not assigned to an exact location on the device
    Info (169086): Pin phase[29] not assigned to an exact location on the device
    Info (169086): Pin phase[30] not assigned to an exact location on the device
    Info (169086): Pin phase[31] not assigned to an exact location on the device
    Info (169086): Pin magnitude[0] not assigned to an exact location on the device
    Info (169086): Pin magnitude[1] not assigned to an exact location on the device
    Info (169086): Pin magnitude[2] not assigned to an exact location on the device
    Info (169086): Pin magnitude[3] not assigned to an exact location on the device
    Info (169086): Pin magnitude[4] not assigned to an exact location on the device
    Info (169086): Pin magnitude[5] not assigned to an exact location on the device
    Info (169086): Pin magnitude[6] not assigned to an exact location on the device
    Info (169086): Pin magnitude[7] not assigned to an exact location on the device
    Info (169086): Pin magnitude[8] not assigned to an exact location on the device
    Info (169086): Pin magnitude[9] not assigned to an exact location on the device
    Info (169086): Pin magnitude[10] not assigned to an exact location on the device
    Info (169086): Pin magnitude[11] not assigned to an exact location on the device
    Info (169086): Pin magnitude[12] not assigned to an exact location on the device
    Info (169086): Pin magnitude[13] not assigned to an exact location on the device
    Info (169086): Pin magnitude[14] not assigned to an exact location on the device
    Info (169086): Pin magnitude[15] not assigned to an exact location on the device
    Info (169086): Pin magnitude[16] not assigned to an exact location on the device
    Info (169086): Pin magnitude[17] not assigned to an exact location on the device
    Info (169086): Pin magnitude[18] not assigned to an exact location on the device
    Info (169086): Pin magnitude[19] not assigned to an exact location on the device
    Info (169086): Pin magnitude[20] not assigned to an exact location on the device
    Info (169086): Pin magnitude[21] not assigned to an exact location on the device
    Info (169086): Pin magnitude[22] not assigned to an exact location on the device
    Info (169086): Pin magnitude[23] not assigned to an exact location on the device
    Info (169086): Pin magnitude[24] not assigned to an exact location on the device
    Info (169086): Pin magnitude[25] not assigned to an exact location on the device
    Info (169086): Pin magnitude[26] not assigned to an exact location on the device
    Info (169086): Pin magnitude[27] not assigned to an exact location on the device
    Info (169086): Pin magnitude[28] not assigned to an exact location on the device
    Info (169086): Pin magnitude[29] not assigned to an exact location on the device
    Info (169086): Pin magnitude[30] not assigned to an exact location on the device
    Info (169086): Pin magnitude[31] not assigned to an exact location on the device
Critical Warning (332012): Synopsys Design Constraints File file not found: 'DLIA.sdc'. A Synopsys Design Constraints File is required by the TimeQuest Timing Analyzer to get proper timing constraints. Without it, the Compiler will not properly optimize the design.
Info (332144): No user constrained generated clocks found in the design
Info (332144): No user constrained base clocks found in the design
Info (332096): The command derive_clocks did not find any clocks to derive.  No clocks were created or changed.
Info (332143): No user constrained clock uncertainty found in the design. Calling "derive_clock_uncertainty"
Info (332154): The derive_clock_uncertainty command did not apply clock uncertainty to any clock-to-clock transfers.
Info (332130): Timing requirements not specified -- quality metrics such as performance may be sacrificed to reduce compilation time.
Info (176353): Automatically promoted node clk~input (placed in PIN R8 (CLK15, DIFFCLK_6p))
    Info (176355): Automatically promoted destinations to use location or clock signal Global Clock CLKCTRL_G15
Info (176353): Automatically promoted node phase_locked_loop:p_ll|altpll:altpll_component|phase_locked_loop_altpll:auto_generated|wire_pll1_clk[0] (placed in counter C0 of PLL_4)
    Info (176355): Automatically promoted destinations to use location or clock signal Global Clock CLKCTRL_G18
Info (176233): Starting register packing
Info (176235): Finished register packing
    Extra Info (176218): Packed 48 registers into blocks of type Embedded multiplier output
Info (176214): Statistics of I/O pins that need to be placed that use the same VCCIO and VREF, before I/O pin placement
    Info (176211): Number of I/O pins in group: 110 (unused VREF, 2.5V VCCIO, 1 input, 109 output, 0 bidirectional)
        Info (176212): I/O standards used: 2.5 V.
Info (176215): I/O bank details before I/O pin placement
    Info (176214): Statistics of I/O banks
        Info (176213): I/O bank number 1 does not use VREF pins and has undetermined VCCIO pins. 4 total pin(s) used --  10 pins available
        Info (176213): I/O bank number 2 does not use VREF pins and has undetermined VCCIO pins. 0 total pin(s) used --  16 pins available
        Info (176213): I/O bank number 3 does not use VREF pins and has undetermined VCCIO pins. 1 total pin(s) used --  24 pins available
        Info (176213): I/O bank number 4 does not use VREF pins and has undetermined VCCIO pins. 0 total pin(s) used --  20 pins available
        Info (176213): I/O bank number 5 does not use VREF pins and has undetermined VCCIO pins. 0 total pin(s) used --  18 pins available
        Info (176213): I/O bank number 6 does not use VREF pins and has undetermined VCCIO pins. 2 total pin(s) used --  11 pins available
        Info (176213): I/O bank number 7 does not use VREF pins and has 2.5V VCCIO pins. 4 total pin(s) used --  20 pins available
        Info (176213): I/O bank number 8 does not use VREF pins and has undetermined VCCIO pins. 0 total pin(s) used --  24 pins available
Info (171121): Fitter preparation operations ending: elapsed time is 00:00:03
Info (170189): Fitter placement preparation operations beginning
Info (170190): Fitter placement preparation operations ending: elapsed time is 00:00:01
Info (170191): Fitter placement operations beginning
Info (170137): Fitter placement was successful
Info (170192): Fitter placement operations ending: elapsed time is 00:00:04
Info (170193): Fitter routing operations beginning
Info (170195): Router estimated average interconnect usage is 5% of the available device resources
    Info (170196): Router estimated peak interconnect usage is 17% of the available device resources in the region that extends from location X32_Y11 to location X42_Y22
Info (170194): Fitter routing operations ending: elapsed time is 00:00:04
Info (170199): The Fitter performed an Auto Fit compilation.  Optimizations were skipped to reduce compilation time.
    Info (170201): Optimizations that may affect the design's routability were skipped
    Info (170200): Optimizations that may affect the design's timing were skipped
Info (11888): Total time spent on timing analysis during the Fitter is 3.63 seconds.
Info (334003): Started post-fitting delay annotation
Info (334004): Delay annotation completed successfully
Info (334003): Started post-fitting delay annotation
Info (334004): Delay annotation completed successfully
Info (11218): Fitter post-fit operations ending: elapsed time is 00:00:03
Info (144001): Generated suppressed messages file D:/Comsol_files/DLIA_report/DLIA/DLIA.fit.smsg
Info: Quartus II 64-Bit Fitter was successful. 0 errors, 4 warnings
    Info: Peak virtual memory: 5380 megabytes
    Info: Processing ended: Thu Jun 25 17:58:01 2026
    Info: Elapsed time: 00:00:23
    Info: Total CPU time (on all processors): 00:00:28


+----------------------------+
; Fitter Suppressed Messages ;
+----------------------------+
The suppressed messages can be found in D:/Comsol_files/DLIA_report/DLIA/DLIA.fit.smsg.


